Uid,Utterances,Labels
Ses01F_script01_1_F000, What's he going to say?,fru
Ses01F_script01_1_F001, Maybe we should tell him before he sees it.,xxx
Ses01F_script01_1_M000, He saw it.,neu
Ses01F_script01_1_F002, How could he see it?  I was the first one up; he was still in bed.,sur
Ses01F_script01_1_M001, He was out here when it broke.,neu
Ses01F_script01_1_F003, When?,xxx
Ses01F_script01_1_M002, Four o clock this morning.  I heard a crack and I woke up and looked out.  He was standing right over there when it cracked.,neu
Ses01F_script01_1_F004, What was he doing out here at four o clock in the morning?,xxx
Ses01F_script01_1_M003, I don't know.,neu
Ses01F_script01_1_F005," He's dreaming of him again, walking around.",neu
Ses01F_script01_1_M004, I guess he is.,neu
Ses01F_script01_1_F006, It's getting to be just like after he died.  What's the meaning of that?,xxx
Ses01F_script01_1_M005," I don't know the meaning of it.  But I know one thing, Mom, you've made a terrible mistake with father.",fru
Ses01F_script01_1_F007, What?,xxx
Ses01F_script01_1_M006," Being dishonest with him, you know.  This kind of thing always pays off and it's paying off.",xxx
Ses01F_script01_1_F008, What do you mean dishonest?,xxx
Ses01F_script01_1_M007, You know Larry is not coming back and I know it.  Why do we allow him to go on thinking that we believe with him?,neu
Ses01F_script01_1_F009, What do you want to do?  Argue with him?,fru
Ses01F_script01_1_M008, I don't want to argue but it's time he realized that nobody believes Larry is alive.,fru
Ses01F_script01_1_M009," You know?  Why shouldn't he walk the nights thinking of him, dreaming of him?   Do we contradict him?  Do we say, we don't have any hope anymore?  That we haven't had any hope for years now?",fru
Ses01F_script01_1_F010, You can't say that to him.,fru
Ses01F_script01_1_M010, We've got to say it to him.,neu
Ses01F_script01_1_F011, Where's the proof?  Do you have any proof?,fru
Ses01F_script01_1_M011," For God's sake, three years?  Nobody comes back after three years; that's insane.",fru
Ses01F_script01_1_F012," To you it is, to me it is, but to your father, you can talk yourself until you are blue in the face.  But there is no grave and there is no body, so where are you?",fru
Ses01F_script01_1_M012," Sit down, Mom.  I want to talk to you.",neu
Ses01F_script01_1_F013," It's that the trouble is those God damn newspapers.  Every month some new boy comes back and so the next one is going to be Larry, they just--",xxx
Ses01F_script01_1_M013," All right, all right, all right.  You know why I asked Annie here, right?",fru
Ses01F_script01_1_F014, Why?,fru
Ses01F_script01_1_M014, You know.,neu
Ses01F_script01_1_F015," Well I got an idea, but what's your story?",neu
Ses01F_script01_1_M015, I'm going to ask her to marry me.,neu
Ses01F_script01_1_F016," Well that's only your business, Chris.",xxx
Ses01F_script01_1_M016, You know it's not just my business.,neu
Ses01F_script01_1_F017, Well what do you want me to do?  You're old enough to know your own mind.,xxx
Ses01F_script01_1_M017," So all right then, I'll just go ahead with it?",neu
Ses01F_script01_1_F018, Well you want to make sure that your father is not going to --,xxx
Ses01F_script01_1_M018, Then it's not just my business.,fru
Ses01F_script01_1_F019, I'm just saying.,xxx
Ses01F_script01_1_M019," You know sometimes you infuriate me.  you know that?  Isn't it your business if I tell father and he throws a fit about it?  God, you have such a talent for ignoring things.",ang
Ses01F_script01_1_F020, Oh.  I ignore what I got to ignore.  That girl is Larry's girl.,xxx
Ses01F_script01_1_M020, She's not Larry's girl.,fru
F, Line.,
M," From mother's point of view, he's not dead.",
Ses01F_script01_1_F021," From your father's point of view, he is not dead and- Chris he still thinks he's still alive.  The girl is Larry's girl.",fru
F, From...line.,
M, Now you can go on from here.,
Ses01F_script01_1_F022," Now you can go on from there if you know where to go, but I'm telling you, I don't know where to go.",fru
Ses01F_script01_1_M021," I don't know why it is, but every time I reach out for something I have to pull back because I am afraid other people will suffer. My whole bloody life, time after time.",fru
F, You're --,
Ses01F_script01_1_F023," You're a considerate fellow, there's nothing wrong in that.",fru
Ses01F_script01_1_M022, To hell with that.,fru
Ses01F_script01_1_F024, I just don't see why.  Have you asked Annie yet?,fru
Ses01F_script01_1_M023, I wanted to get this settled first.,neu
Ses01F_script01_1_F025, Well how do you know she's going to marry you?  Maybe she feels the same way your father does.,fru
Ses01F_script01_1_M024," Well if she does, then that's it.  That's the end of it.  From her letters, though, I think she's pretty much forgotten him.",neu
Ses01F_script01_1_M025, And then we'll thrash it out with father.  Okay Mom?  Don't avoid me.,neu
Ses01F_script01_1_F026, The trouble is you don't see enough women.  You never did.,fru
Ses01F_script01_1_M026, So what.  I'm not fast with women.,fru
Ses01F_script01_1_F027, Why does it have to be Annie?,fru
Ses01F_script01_1_M027, Because it is.,fru
Ses01F_script01_1_F028, Oh that's a great reason.  It's no reason at all.,fru
Ses01F_script01_1_M028, I don't know.,fru
Ses01F_script01_1_F029," You haven't seen her since you went away to war, it's been five years.",fru
Ses01F_script01_1_M029," I can't help it, I know her best.  I was brought up next door to her, you know?  These years when I think of someone for my wife, I think of Annie.",fru
Ses01F_script01_1_M030," Mom, what do you want?  A diagram?",fru
Ses01F_script01_1_F030, I don't want a diagram.,fru
Ses01F_script01_1_F031, He thinks he's coming back Chris.,fru
Ses01F_script01_1_F032," You marry that girl, you are pronouncing him dead...",fru
Ses01F_script01_1_F033, ...and then what's that going to do to your father?  Do you know?  I don't.,fru
Ses01F_script01_1_M031," All right, then, Mom. [BREATHING]",fru
Ses01F_script01_1_F034, Just give it some more thought.,neu
Ses01F_script01_1_M032," I've given it three years of thought.  And I'd hope that if I waited, father would forget about Larry and then we could just have a regular wedding and everyone would be happy.",fru
Ses01F_script01_1_M033," But if I can't do that here, I may have to go somewhere else.",fru
Ses01F_script01_1_F035, What the hell is this?,ang
Ses01F_script01_1_M034," I'll get out.  I'll get married and I'll move somewhere else, maybe New York.",neu
Ses01F_script01_1_F036, Are you crazy?,xxx
Ses01F_script01_1_M035," I've been a good son for too long, a good sucker.",fru
Ses01F_script01_1_F037, You have a business here.  What the hell is this?,ang
Ses01F_script01_1_M036, The business?  The business doesn't inspire me.,fru
Ses01F_script01_1_F038, Oh.  Must you be inspired?,ang
Ses01F_script01_1_M037," Yes.  I like it for an hour a day.  I don't care if I have to grub for money all day long, when I come home I want it happy.",fru
Ses01F_script01_1_M038," I want some kids, I want a family, I want somebody that I can give myself to and Annie is in the center of that.  Now it's just where to find it.",fru
Ses01F_script01_1_F039, You mean to tell me that you would leave the business over this?,fru
Ses01F_script01_1_M039," On this, I would.",neu
Ses01F_script01_1_F040, Well you don't want to think like that.,fru
Ses01F_script01_1_M040, Then help me stay here.,neu
Ses01F_script01_1_F041," All right.  But you don't want to think like that because what the hell are we working for, Chris?  It's all for you.  This whole shooting match is for you.",ang
Ses01F_script01_1_M041, I know that.  Then just help me stay here.,fru
Ses01F_script01_1_F042, Just don't think like that.,ang
Ses01F_script01_1_M042, Well I am thinking like that.,fru
Ses01F_script01_1_F043," I don't understand you, do I?",fru
Ses01F_script01_1_M043, No.  You don't.  I'm a pretty tough guy.,fru
Ses01F_script01_1_F044, I can see that.,fru
