Uid,Utterances,Labels
Ses01M_impro06_F000, You okay?,neu
Ses01M_impro06_M000," Yeah, I'm just-- yeah",sad
Ses01M_impro06_M001," Just kind of feel numb, you know.",sad
Ses01M_impro06_F001, What's happened?,neu
Ses01M_impro06_M002, You didn't even hear?,sad
Ses01M_impro06_M003, [BREATHING] Umm.,sad
Ses01M_impro06_M004, God I've told this story so many times. Umm.,sad
Ses01M_impro06_F002, You don't have to if you don't want to.,neu
Ses01M_impro06_M005, I just...I just basically lost someone that was really close to me.,sad
Ses01M_impro06_M006," And I've kind of been dealing with all of the...the stuff, you know the hospital and people work because...",sad
Ses01M_impro06_F003, I'm sorry to hear that.,sad
Ses01M_impro06_M007," He kind of didn't have anyone to take care of that for him, so--",sad
Ses01M_impro06_F004, You've been taking care of it all?,sad
M, Yeah.,
Ses01M_impro06_F005, Oh Jesus.,sad
Ses01M_impro06_M008, It's just really...really messed up.,sad
Ses01M_impro06_F006, He sick for awhile?,sad
Ses01M_impro06_M009, No.,sad
Ses01M_impro06_M010, Just like it.,sad
Ses01M_impro06_F007, Was it an accident?,neu
Ses01M_impro06_M011," No, I mean it just came on really quick, you know I mean it was a [GARBAGE] it was a sickness but it just --",sad
Ses01M_impro06_F008, how was sick?,neu
Ses01M_impro06_M012, What?,sad
Ses01M_impro06_F009," Well, I'm confused.  He was sick or it was an accident?",neu
Ses01M_impro06_M013," He was sick. He got sick. He got sick but it happened really, really fast, you know.",sad
Ses01M_impro06_F010, Oh. Really fast? Oh.,neu
Ses01M_impro06_M014, It was kind of like boom... done,sad
Ses01M_impro06_F011, Yeah.,neu
Ses01M_impro06_M015, It's just really weird because he was really young you know and it kind of like...,sad
Ses01M_impro06_F012, Yeah.,neu
Ses01M_impro06_M016, --it just kind of freaks you out.,sad
Ses01M_impro06_F013," Totally, yeah.",neu
Ses01M_impro06_M017, So weird you know that like one days it's like you know sounds so stupid but like one day someone's here. And like next day you know they're not here and it just kind of makes you like think about like life and mortality and like that kind of stuff.  You just like used to take for granted--you know.,sad
Ses01M_impro06_F014, Mmhmm.,neu
Ses01M_impro06_F015, Lock,neu
Ses01M_impro06_F016, Mmhmm.,neu
Ses01M_impro06_F017, The plans you make [GARBAGE].,neu
Ses01M_impro06_M018," Exactly, you know, and like he had so many plans and he was going to do...",sad
Ses01M_impro06_F018, It leaves a hole for you too.,neu
F, Mmhmm.,
Ses01M_impro06_M019," so many things, you know?",sad
Ses01M_impro06_F019," It leaves a hole for you too, in your plans together.",neu
Ses01M_impro06_M020, What?,sad
Ses01M_impro06_M021, Yeah.,sad
Ses01M_impro06_F020, It gets better.,neu
Ses01M_impro06_M022," He was a really, really good guy.",sad
Ses01M_impro06_F021, Mmhmm.,neu
Ses01M_impro06_M023, A lot of people loved him.,sad
Ses01M_impro06_F022, MMhmm.,neu
Ses01M_impro06_M024," You know, it's like affecting a lot of people it's not just me, you know?",sad
Ses01M_impro06_F023, Mmhmm.,neu
Ses01M_impro06_F024, How long did you know each other?,neu
Ses01M_impro06_M025, Umm...,sad
Ses01M_impro06_M026, For like eight years.,sad
Ses01M_impro06_F025, That's a long time.,neu
Ses01M_impro06_M027, Yeah.,sad
Ses01M_impro06_F026, It's good that you were there.,neu
Ses01M_impro06_M028," Yeah, I'm glad I was there. Glad I- glad I got to be there.",sad
Ses01M_impro06_M029," So weird,",sad
Ses01M_impro06_F027, Yeah.,neu
Ses01M_impro06_M030," like I can't...it's like you know it's like ""pinch me"" it's like I can't believe like I'm dealing with this, you know.",sad
Ses01M_impro06_F028, Are there things you wish you'd done differently?,neu
