Uid,Utterances,Labels
Ses01F_script01_3_F000, You're the only one who still loves his parents.,neu
Ses01F_script01_3_M000," I know.  It kind of went out of style, didn't it?",neu
Ses01F_script01_3_F001, It's not so bad; it's a good thing.,neu
Ses01F_script01_3_F002," [BREATHING] You know, it's lovely here.  The air is sweet.",neu
Ses01F_script01_3_M001, You're not sorry you came.,neu
Ses01F_script01_3_F003," I'm not sorry, no. But I'm...I can't stay.",neu
Ses01F_script01_3_M002, Why not?,xxx
Ses01F_script01_3_F004," For one thing, your mother much as told me to go.",neu
Ses01F_script01_3_M003, Well.,neu
Ses01F_script01_3_F005," And then, you.  You've been kind of...",neu
Ses01F_script01_3_M004, What?,neu
Ses01F_script01_3_F006, Sort of embarrassed ever since I got here.,neu
Ses01F_script01_3_M005, Well I was kind of planning of sneaking up on you over the course of a week or so.  They just take it for granted that we're all set.,neu
Ses01F_script01_3_F007, I knew they would.,neu
Ses01F_script01_3_M006, You did?,xxx
Ses01F_script01_3_F008," Well sure, from your mother's point of view.  Why else would I come?",neu
Ses01F_script01_3_M007," So would you want to?  I mean, I guess you have to know that's kind of why I asked you to come?",xxx
Ses01F_script01_3_F009," I, umm. I guess, I guess that's kind of why I came.",neu
Ses01F_script01_3_F010, [BREATHING],hap
Ses01F_script01_3_M008," I love you. Annie, I love you.",hap
Ses01F_script01_3_F011, [LAUGHTER],hap
Ses01F_script01_3_M009," I don't really have any imagination, that's all I know how to say.",hap
Ses01F_script01_3_F012, [LAUGHTER],hap
Ses01F_script01_3_M010," Am I embarrassing you? Are you - See, I didn't want to do it here with this yard, on this porch.  I wanted it to be somewhere new, some place fresh for both of us.",hap
Ses01F_script01_3_F013, No. No,hap
Ses01F_script01_3_M011," You feel uncomfortable here, you feel that it's wrong here somehow.  I just...I don't...I didn't want...I didn't want to take you away from anything.",xxx
Ses01F_script01_3_F014," Chris, I've been ready a long, long, time.",neu
Ses01F_script01_3_M012, And he's gone forever?  Are you sure?,xxx
Ses01F_script01_3_F015, I almost got married two years ago.,neu
Ses01F_script01_3_M013, Why didn't you?,xxx
Ses01F_script01_3_F016, You started to write me.,neu
Ses01F_script01_3_M014, You felt something that far back?,sur
Ses01F_script01_3_F017, Every day since.,hap
Ses01F_script01_3_M015, Why didn't you let me know?,hap
Ses01F_script01_3_F018," I was waiting for you, Chris.  You sure can be ambiguous, you know.  And when you did finally write me,",xxx
Ses01F_script01_3_M016, Give me a...,hap
Ses01F_script01_3_M017, Give me a kiss.,hap
Ses01F_script01_3_M018, God.  I kissed you Annie.,xxx
Ses01F_script01_3_F019, beating around the bush.,hap
F,[LAUGHTER],
Ses01F_script01_3_F020," I will never forgive you.  All I'd done was sit around wondering if I was crazy waiting so long, wondering if you were thinking about me.",hap
Ses01F_script01_3_M019," Oh Annie, we are going to live now.  I am going to make you so happy.",hap
Ses01F_script01_3_F021, Not like that you're not.,hap
Ses01F_script01_3_M020, I kissed you.,hap
Ses01F_script01_3_F022," Like Larry's brother.  Do it like you, Chris.",neu
Ses01F_script01_3_F023," Chris, what is it?",xxx
Ses01F_script01_3_M021," Hey, let's drive some place.  Huh?  Let's get out of here.",sad
Ses01F_script01_3_F024, No. What is it?  Is it your mother?,xxx
Ses01F_script01_3_M022, No it's nothing like that. It's-,sad
Ses01F_script01_3_F025," Then what?  Chris.  Even in your letters, there was something ashamed.",xxx
Ses01F_script01_3_M023, Yeah.  I suppose I have been. But it's going from me.,sad
Ses01F_script01_3_F026, You've got to tell me.,xxx
Ses01F_script01_3_M024, I don't even know how to start.,sad
Ses01F_script01_3_F027, It wouldn't work like this.,xxx
Ses01F_script01_3_M025," It's just all mixed up with so many other things, you know?  You know overseas I was in command of a company?",sad
Ses01F_script01_3_F028," Yeah, sure.",neu
Ses01F_script01_3_M026, Well I lost them.,sad
Ses01F_script01_3_F029, How many?,neu
Ses01F_script01_3_M027, Pretty much all.,sad
Ses01F_script01_3_F030," Aw, geez.",sad
Ses01F_script01_3_M028, You can't just toss off a thing like that because they weren't just men. You know?,sad
Ses01F_script01_3_M029," Like for instance, there was this one time it had been raining for several days and this kid he just came up to me and he gave me his last pair of dry socks.  He just put them in my pocket.  That's a little thing, you know, but that's what kind of guys I had.",sad
Ses01F_script01_3_M030," They didn't die, they killed themselves for each other.  I mean that, exactly.  Just a little more selfish and they would all be here today.",sad
Ses01F_script01_3_M031," And I had this idea as I was watching them go down.  Everything was being destroyed, you know, but this one thing was being made.  It was kind of a monument, it's kind of responsibility, man for man.",xxx
Ses01F_script01_3_F031, Mmhmm.,neu
Ses01F_script01_3_M032," To bring that on to the earth again, you know, is like some kind of monument and I thought I would just make a difference to them.",sad
Ses01F_script01_3_M033," But then I came home and it was incredible, you know?  The whole thing was just kind of this random bus accident.  You know, I went back to the rat race again, I went to work.",sad
Ses01F_script01_3_M034, Driving my new car and seeing a new refrigerator.,xxx
Ses01F_script01_3_M035," I mean...You can't take those things out of a war. when you drive that car and you see that new refrigerator, you have to know that it came out of the love that a man can have for another man.",xxx
Ses01F_script01_3_M036, And I didn't want any of it. I guess that included you.,sad
Ses01F_script01_3_F032, Do you still feel that way?,xxx
Ses01F_script01_3_M037, I just want you to know Annie.,neu
Ses01F_script01_3_F033," Because you mustn't feel that way.  Everything you have, you've earned - everything.  you understand me?",xxx
Ses01F_script01_3_F034," Even me.  And your money?  Chris, there's nothing wrong in your money.  Your father put hundreds of planes into the air, you should be proud of that.  A man should be paid for that.",xxx
Ses01F_script01_3_M038," Annie, Annie.  I am going to make a fortune for you.",xxx
Ses01F_script01_3_F035, What would I do with a fortune?,hap
