Uid,Utterances,Labels
Ses01M_script01_3_F000, The only one I know still love his parents.,neu
Ses01M_script01_3_M000," Yeah, that kind of went out of style didn't it?",hap
Ses01M_script01_3_F001, Oh it's not bad thing it's good thing.,neu
Ses01M_script01_3_F002," You know it's nice here, the air is sweet.",xxx
Ses01M_script01_3_M001, You're not sorry you came?,hap
Ses01M_script01_3_F003," Not sorry, no.  I can't stay here.",sad
Ses01M_script01_3_M002, Why not?,sad
Ses01M_script01_3_F004, For one thing your mother as much as told me to go.,neu
Ses01M_script01_3_M003, Well.,xxx
Ses01M_script01_3_F005, [BREATHING] And then you've been kind of...,sad
Ses01M_script01_3_M004, What?,neu
Ses01M_script01_3_F006, You've been kind of embarrassed ever since I got here.,sad
Ses01M_script01_3_M005," I was kind of planning on sneaking up on you, you know over like a course of a week or so. They just take for granted that we're already set.",xxx
Ses01M_script01_3_F007," I knew they would, your mother anyway.",xxx
Ses01M_script01_3_M006, You did?,neu
Ses01M_script01_3_F008, From her point of view why else would I come?,neu
Ses01M_script01_3_M007, Yeah--,neu
Ses01M_script01_3_M008," So then would you want to?  I mean I guess, you kind of have to know, maybe that's why I asked you to come.",xxx
Ses01M_script01_3_F009, Well I guess that's why I came.,xxx
Ses01M_script01_3_M009," Ann, I love you.  I love you.",hap
Ses01M_script01_3_M010, I love you a great deal.,xxx
Ses01M_script01_3_M011, I'm sorry I don't really have much of an imagination.,xxx
Ses01M_script01_3_F010," Chris,",xxx
F,[LAUGHTER],
Ses01M_script01_3_M012," I'm sorry I'm embarrassing you, aren't I?  See, I didn't want to do it here I didn't on this porch, with this ring--I didn't want to win you away from anything.",xxx
Ses01M_script01_3_F011," I've been ready a long, long time.",xxx
Ses01M_script01_3_M013, So then he's gone.  You sure?,xxx
Ses01M_script01_3_F012, I almost got married two years ago.,neu
Ses01M_script01_3_M014, Why didn't you?,neu
Ses01M_script01_3_F013, You started to write me.,xxx
Ses01M_script01_3_M015, You felt something that far back?,xxx
Ses01M_script01_3_F014, Everyday since.,exc
Ses01M_script01_3_M016, why didn't you let me know?,exc
Ses01M_script01_3_F015," Because I was waiting for you, Chris.  Till then you never wrote me and then when you did, well, you sure can be ambiguous you know.",exc
Ses01M_script01_3_M017," Oh Annie, why don't you go ahead and give me a kiss, come on just a...",xxx
Ses01M_script01_3_M018, I kissed you.  I kissed Annie.,exc
Ses01M_script01_3_F016, I'll never forgive you for waiting so long.  All I did was sit around and wonder if I was crazy for thinking about you.,hap
Ses01M_script01_3_M019, I kissed you.,hap
Ses01M_script01_3_F017," Like Larry's brother.  Do what like you, Chris.",xxx
Ses01M_script01_3_F018," Chris, what's the matter?",sad
Ses01M_script01_3_M020, Do you want to go somewhere?  Let's go.,sad
Ses01M_script01_3_F019," No, what is it?  Is your mother?",sad
Ses01M_script01_3_M021," No, no, it's nothing like that.",sad
Ses01M_script01_3_F020," Well, then what?  You know, even in your letter you seem kind of ashamed.",xxx
Ses01M_script01_3_M022, I don't know it's--it's complicated. But it's going from me now.,sad
F, You got to...,
Ses01M_script01_3_F021, You got to tell me.,sad
Ses01M_script01_3_M023, I don't know.,sad
F, But what if...,
Ses01M_script01_3_M024, It's kind of all mixed up with all these other things.,sad
Ses01M_script01_3_F022, Wouldn't work like this.,sad
Ses01M_script01_3_M025, you know over seas I was in command of the company?,sad
Ses01M_script01_3_F023," Yeah, sure.",sad
Ses01M_script01_3_M026, Well I lost them.,sad
Ses01M_script01_3_F024, How many?,sad
Ses01M_script01_3_M027, Pretty much all.,sad
Ses01M_script01_3_F025, [BREATHING]. Geez.,sad
Ses01M_script01_3_M028," Takes awhile to toss something like that off.  I mean they weren't just men, you know.",sad
Ses01M_script01_3_M029," For instance, there was this one time when this kid--it had been raining for like several days and he gave me his last pair of dry socks.",sad
Ses01M_script01_3_M030, He just put it in my pocket that's the kind of guys I had.,sad
Ses01M_script01_3_M031," They didn't die they killed themselves for each other and I mean that exactly, you know a little more selfish and they'll all be here today...",sad
Ses01M_script01_3_M032," And I had this idea as I was watching them go down like everything was being destroyed, you know.  But I felt like this one new thing was being made, you know it's kind of like this.  This monument...",sad
Ses01M_script01_3_M033," You know, that they were bringing something on to this earth, a kind of sacrifice you know.",sad
Ses01M_script01_3_M034," I thought I would change everything you know, and I got back here and it was- it was like nothing had changed at all...",sad
Ses01M_script01_3_M035, You know.  I went to work with dad and I started that whole rat race again...,sad
Ses01M_script01_3_M036, And no one had changed it was just like sort of random bus accident to them.,sad
Ses01M_script01_3_M037, Driving my new car and I felt guilty you know opening my bank book seeing a new refrigerator.,sad
Ses01M_script01_3_M038, 'Cause you can take those things out of a war.  But you have to realize that those things came out of the love that a man can have for another man...,sad
Ses01M_script01_3_M039, And if you can't see that then it's just loot and there's blood all over it.,sad
Ses01M_script01_3_M040, I felt ashamed and I didn't want any part of it.  I guess I included you too.,sad
Ses01M_script01_3_F026, Do you still feel that way?,sad
Ses01M_script01_3_M041, I want you to know Annie.,sad
Ses01M_script01_3_F027," 'Cause you mustn't feel that way.  Everything you have, you have a right to...",xxx
Ses01M_script01_3_F028, Everything Chris do you understand that?  To me too...,xxx
Ses01M_script01_3_F029, And your money there's nothing wrong in your money.  Your father put hundreds of planes into the air.  You should be proud of that a man should be paid for that.,xxx
Ses01M_script01_3_M042, Annie...,xxx
Ses01M_script01_3_M043, I'm going to make a fortune for you.,hap
Ses01M_script01_3_F030, What would I do with a fortune?,hap
