Uid,Utterances,Labels
Ses01F_script01_2_F000, Why did he invite her here?,xxx
Ses01F_script01_2_M000, Why does that bother you?,xxx
Ses01F_script01_2_F001," She's been in New York three and an half years, why all of a sudden?",xxx
Ses01F_script01_2_M001, Well maybe...maybe he just wanted to see her.,neu
Ses01F_script01_2_F002, Nobody comes seven hundred miles just to see.,xxx
Ses01F_script01_2_M002," What do you mean?  You know he lived next door to the girl his whole life, why wouldn't he want to see her?",xxx
Ses01F_script01_2_M003, [BREATHING] You don't look at me like that.  He didn't tell me anything more than he told you.,fru
Ses01F_script01_2_F003, He's not going to marry her.,ang
Ses01F_script01_2_M004, How do you know he's even thinking about it?,neu
Ses01F_script01_2_F004, It's got that about it.,ang
Ses01F_script01_2_M005, Oh.  So what.,xxx
Ses01F_script01_2_F005," What is going on here, Joe?",ang
Ses01F_script01_2_M006, Now listen.,fru
Ses01F_script01_2_F006, She is not his girl.  She knows she's not.,ang
Ses01F_script01_2_M007, You can't read her mind.,fru
Ses01F_script01_2_F007," Then why is she still single?  New York is full of men, why is she still single?  Probably a hundred people told her she's foolish, but she waited.",ang
Ses01F_script01_2_M008, How do you know why she waited?,neu
Ses01F_script01_2_F008," Because she knows what I know, that's why.  She's faithful as a rock.  In my darkest moments, I think of her waiting and I know that I'm right.",ang
Ses01F_script01_2_M009," Hey look, it's a nice day, huh?  Why are we arguing?",fru
Ses01F_script01_2_F009," Nobody in this house dares take away her faith, Joe.  You know strangers might, but not his father, not his brother.",ang
Ses01F_script01_2_M010, What do you want me to do? What do you want?,fru
Ses01F_script01_2_F010," I want you to-- I want you to act like he is coming back, both of you.  Don't think I haven't noticed you since Chris invited her here.",ang
Ses01F_script01_2_F011, I won't stand for any nonsense.,ang
Ses01F_script01_2_M011, Kate.,fru
Ses01F_script01_2_F012," Because if he's not coming back, I'll kill myself.  Oh laugh, laugh all you like but why does this happen the very night he comes back.  She goes to sleep in his room and his memorial breaks in pieces.  Look at it, Joe, look.",ang
Ses01F_script01_2_M012, [BREATHING],fru
Ses01F_script01_2_M013, Calm yourself.,fru
Ses01F_script01_2_F013," Just believe with me, Joe. Only last week a man came back in Detroit missing longer than Larry.  Believe with me. You, above all, have got to believe. Just believe.",ang
Ses01F_script01_2_M014, Okay. Calm yourself.,fru
Ses01F_script01_2_M015," I know. All right, all right. All right. Okay.  Calm yourself. What does that mean, me above all?",fru
Ses01F_script01_2_M016," Look at you, you're shaking.",xxx
Ses01F_script01_2_F014, I can't help it.,fru
Ses01F_script01_2_M017," What have I got to hide?  What the hell is the matter with you, Kate?",ang
