Uid,Utterances,Labels
Ses01F_impro05_F000, Hi.,fru
Ses01F_impro05_M000, Hi.  Thanks for waiting.,neu
Ses01F_impro05_F001, Yeah. This is the fourth line that I have been in.,fru
Ses01F_impro05_M001, Can I help you?,hap
Ses01F_impro05_M002, Uh huh.,hap
Ses01F_impro05_F002, I need my bag.,fru
Ses01F_impro05_M003, Okay.,neu
Ses01F_impro05_F003," I flew in over three hours ago, I've been in four different lines.",fru
Ses01F_impro05_M004, Okay.,neu
Ses01F_impro05_F004, I waited the entire baggage- I waited for the whole baggage carousel four times.  They told me to go to the next one.  I waited through that for three planes and now I'm here.,fru
Ses01F_impro05_M005, Okay.  Great.  I'm really sorry that you had to do that.  What's your last name?  Let's start there.,neu
Ses01F_impro05_F005, Nash.,fru
Ses01F_impro05_M006, Okay.,neu
Ses01F_impro05_F006, No G.,xxx
Ses01F_impro05_M007, all right- okay.  And you lost your bag? Is that- that the issue?,neu
Ses01F_impro05_F007, Yes.,fru
Ses01F_impro05_F008, Flight seven fourteen.,ang
Ses01F_impro05_M008, Uh-huh.,neu
Ses01F_impro05_F009," Am I going to be getting, like, free tickets, free mileage. When can I expect my bag here?",ang
Ses01F_impro05_M009," Yeah. Yeah, I don't see- I don't see any--",neu
Ses01F_impro05_M010," I don't see any record of it, and I-usually when I don't see a record of it, that means um-",neu
Ses01F_impro05_M011," we've mistakenly lost your baggage.  We're very sorry.  On behalf of Jet Blue I would like to apologize for any inconvenience.  I am allowed to issue you a fifty dollar gift card which you can use any future flights you want to take with us.  I'm very sorry, once again...",neu
Ses01F_impro05_F010," Oh, Are you kidding me?",xxx
Ses01F_impro05_M012," for such an inconvenience and your bag, but",neu
Ses01F_impro05_F011, Is this a joke?,ang
Ses01F_impro05_M013, Yeah.,neu
Ses01F_impro05_M014," No, no.",neu
Ses01F_impro05_F012," Are there candid cameras?  Is this that movie? There's that show, right?  Airplane, airline.",ang
Ses01F_impro05_M015," No, no.  This is real.",neu
Ses01F_impro05_F013, So you'll give me money and then I'll get my bag?,xxx
Ses01F_impro05_M016," No.  I'm just giving you money, the bag is gone.  If it's not here, I'm really sorry there is nothing I can do because...",neu
Ses01F_impro05_M017, this is the only track record that we have and if it's not listed here then it's probably not anywhere.,neu
Ses01F_impro05_F014," You're kidding me, this is a joke.",ang
Ses01F_impro05_M018," Once again, I'm really- I'm really sorry.",xxx
Ses01F_impro05_F015, Do you have any idea-- fifty dollars?  That's supposed to replace everything that I have?  Do you understand how much I have packed in there? Not only does it have sentimental value; it can't be replaced like that.  It was incredibly expensive.,ang
Ses01F_impro05_M019, Yes.,neu
Ses01F_impro05_M020, I know.,neu
Ses01F_impro05_F016, We flew in from Paris.  I've been shopping for three weeks.,ang
Ses01F_impro05_M021," I'm very sorry.  But if you see the sign that's right behind me here, it spells it out really clearly that we are not held liable--",xxx
Ses01F_impro05_F017, I don't care what you're freaking sign says.  Somebody- Somebody needs to replace everything I've got there and give me money for my inconvenience.,ang
Ses01F_impro05_M022, Okay. Calm-,neu
Ses01F_impro05_M023," Actually, we are not necessarily liable to give you- to even give you this fifty dollars so... it's actually- it's actually really",neu
Ses01F_impro05_F018, Do you understand who my husband is?,ang
Ses01F_impro05_F019," If you're- if you're- if you're looking for a lawsuit, baby, you've found it.",ang
Ses01F_impro05_M024," We are actually not even allowed--  you know, like we don't have to give you this fifty dollars.  We don't have to do that.",neu
Ses01F_impro05_F020, Oh-Oh.  It's a gift.  You're-You're helping me out here?,ang
Ses01F_impro05_M025, It's a gift.,neu
Ses01F_impro05_M026," You know, the airlines can not be held responsible for every bag of luggage that comes through here.",neu
Ses01F_impro05_F021, You are cruising for a bruising.  You are in so much trouble.,ang
Ses01F_impro05_M027, With the amount of--,neu
Ses01F_impro05_F022, Who's in charge?  Who is the president of Jet Blue?,ang
Ses01F_impro05_M028," Um, actually, I don't know. I don't know. Oh really?",neu
Ses01F_impro05_F023, Because I probably know him.,ang
Ses01F_impro05_F024, Yeah.,ang
Ses01F_impro05_M029, Well then maybe you can just call him and he can give you more money.  But right now all I can do--,neu
Ses01F_impro05_F025," I don't want money, I want my clothes.",ang
Ses01F_impro05_M030," Right now all I can do is just give you this fifty dollars, I'm really sorry.",neu
Ses01F_impro05_F026, What's your name?,ang
Ses01F_impro05_M031, Oh.  My name is Sean. Hi.,neu
Ses01F_impro05_F027, Sean.  Great. Do you have a badge number or something?,xxx
Ses01F_impro05_M032," Badge number?  Uh, no.  You can just take my employee number I guess.",sur
Ses01F_impro05_F028, Okay.  I'll do that.,ang
Ses01F_impro05_M033, Why?  Have I done something wrong?  Have I given you bad service?  I feel like I have done the best I could.,sur
Ses01F_impro05_F029, I don't think you have done everything you could do because I don't have my bag here yet.,ang
Ses01F_impro05_M034," If you want, you can write a letter.  I can give you the address. Yes.  An angry--",neu
Ses01F_impro05_F030, A letter? I'll make a personal phone call.,ang
Ses01F_impro05_M035," Or you can make a phone call.  But I think a letter might be a little more-- in my impression, letters have more...",neu
