Uid,Utterances,Labels
Ses01M_impro03_M000, The craziest thing just happened to me.,exc
Ses01M_impro03_F000, What?,xxx
Ses01M_impro03_M001, This girl; she just offered me fifty thousand dollars to marry her.,exc
Ses01M_impro03_F001, [BREATHING],sur
Ses01M_impro03_M002, Yeah.,xxx
Ses01M_impro03_F002, Why?,exc
Ses01M_impro03_M003," Well, she's not a citizen so she wants to get a visa.",neu
Ses01M_impro03_F003, Is she on the run?,exc
Ses01M_impro03_M004," No, no, no, no, no, no she just... she's not a citizen but she wants her visa, yeah. She's going to pay me fifty thousand dollars to marry her and stay married to her for two years.",exc
Ses01M_impro03_F004," Oh, she just needs to marry you.",exc
Ses01M_impro03_F005, That's incredible. That's awesome. Where's she from?  Maybe you can get a dual citizenship.,exc
Ses01M_impro03_M005, That's like twenty five thousand dollar a year for doing nothing. Isn't that awesome?,exc
Ses01M_impro03_M006," She's actually from England, I think.  Well she- she spoke English but she had an accent. I didn't even ask.",neu
Ses01M_impro03_F006, That's so cool. Uh huh.,exc
Ses01M_impro03_F007, [LAUGHTER] Why did she pick you? Where were you?,exc
Ses01M_impro03_M007," Fifty thousand dollars. Fifty thousand dollars. I was just out... I just... she's - well, she's a friend of friend but like...",exc
Ses01M_impro03_F008, You were at a party? And she's like hey. You seem unattached she's like.,exc
Ses01M_impro03_M008," Yeah.  Can you believe that? Yeah, she's like hey, I'm like sure I'll do it, I don't care. Yeah. I'm like fifty thousand dollars, I'd totally do it for fifty thousand dollars. But the only thing is that's kind of like illegal. So like I could go to jail probably for a long if I get caught, but...",exc
Ses01M_impro03_F009, That's unbelievable... Yeah.,exc
Ses01M_impro03_F010, Well I've known people who have done this before. Yeah.  You just- it's really fun actually 'cause you have like a fake engagement party and all your friends come over and like...,exc
Ses01M_impro03_M009, Have you?,xxx
Ses01M_impro03_M010, It's like I'm really going to get married. We'll have like the whole thing.,exc
Ses01M_impro03_M011," Oh, good. [LAUGHTER]",exc
Ses01M_impro03_F011," Yeah. Yeah. And then yeah, and then you know like you could like you could do like like sock her for a lot of money",exc
Ses01M_impro03_M012, I know. What do you think I should-,exc
Ses01M_impro03_F012," Like make her rent the apartment that you two have to live together in, you know. And you won't pay any rent or you pay like, a hundred bucks a month or something.",exc
Ses01M_impro03_M013, Oh good idea.,exc
Ses01M_impro03_M014, Yeah.  Make her like open the bank account and stuff too.,neu
Ses01M_impro03_F013, Yeah.,exc
Ses01M_impro03_M015, It's a good idea.,exc
Ses01M_impro03_F014," Dude, you lucked out.",exc
Ses01M_impro03_M016, I know.  Also I get to like plan the wedding now too. That will be fun.,exc
Ses01M_impro03_F015," Yeah.  My colors are blush and beige what is it, do you know?",exc
Ses01M_impro03_M017," Something blue, something new, something... no I don't know. [LAUGHTER] So yeah, wonder if she's going to pay me up front but do you think it's bad though, do you think they're going to like track the money or something?",exc
Ses01M_impro03_F016, Oh I don't know. [LAUGHTER],exc
Ses01M_impro03_F017, I don't know get it in cash.,neu
Ses01M_impro03_M018, Just cash hardcore.,neu
Ses01M_impro03_F018, Yeah.,neu
Ses01M_impro03_M019, What should we do?  Where should we get married? We should have party.,exc
Ses01M_impro03_F019, How exciting. You should have a wedding on the beach.,exc
Ses01M_impro03_M020," Yeah, like a big like- A wedding on the beach, that would be nice.",exc
Ses01M_impro03_F020," Yeah, at night.",exc
Ses01M_impro03_M021, And then we can honeymoon.  I want to go tropical though like Bahamas- --or like Tahiti or something. I just want to like beach and like drink.,neu
Ses01M_impro03_F021," Oh yeah, absolutely, absolutely.",neu
Ses01M_impro03_F022, How exciting.  You should make her bring all your friends too.,exc
Ses01M_impro03_M022, I'll make her pay for that.  I hear she's like totally wealthy. She's like royalty- --or something like and- --whatever like removed or something but yeah.,exc
Ses01M_impro03_F023, [GARBAGE] She's got to be loaded.  fifty thousand dollars.  That's incredible.,exc
Ses01M_impro03_F024, Incredible.,exc
Ses01M_impro03_M023, I'm going to marry a blue blood. [LAUGHTER],exc
Ses01M_impro03_F025," you're a lucky, lucky, lucky man.",exc
Ses01M_impro03_M024, Will you help me plan?,exc
Ses01M_impro03_F026," Oh, totally. Yeah.",exc
Ses01M_impro03_M025, Good.,xxx
