Uid,Utterances,Labels
Ses01F_impro06_M000," I'm sorry, Joy.",sad
Ses01F_impro06_F000, It's okay.,xxx
Ses01F_impro06_M001, Is there anything I can get you?  Do you want me to take care of anything for you or...?,neu
Ses01F_impro06_F001," No, no, no.",xxx
Ses01F_impro06_M002, ...pick up anything?,neu
Ses01F_impro06_F002, No.,sad
Ses01F_impro06_M003, You know you are welcome to stay at my house if you want to just check out for a couple days and hang out.,sad
Ses01F_impro06_F003, That's sweet.,neu
Ses01F_impro06_F004, Thank you.,neu
Ses01F_impro06_F005, I went to see her headstone a week or two ago.,sad
Ses01F_impro06_F006," I used to go to cemeteries a lot before she died.  I just, you know, I felt like they were urban oasis, you know, there is always this green in the city.",sad
Ses01F_impro06_M004, Hmm.,neu
Ses01F_impro06_F007, So I was like wandering around before.  It takes forever to find her headstone; I always lose it. You know.,sad
Ses01F_impro06_F008, So I was looking at this other one and there was like a piece of candy there and I thought that I would take the candy and put it on her headstone.  And-,sad
F,Umm.,
Ses01F_impro06_F009," this woman came up and, you know, it was hers. It was her person that was there.",neu
Ses01F_impro06_M005, Oh.  She was there?,neu
Ses01F_impro06_F010," Yeah.  And she was like, that's pathetic, I hope you enjoy it.",sad
Ses01F_impro06_F011," And I, you know, I mean, I said I was sorry and I brought it back to her kind of and I like put it on the ground and she was like, no, it's fine.  She was like, I would rather have her back, honestly.",sad
Ses01F_impro06_M006, Mmhmm.,neu
Ses01F_impro06_F012," I don't know.  It just, like, I felt so bad because I shouldn't have done it.  I don't know.  Whatever.",sad
Ses01F_impro06_M007, Yeah.,sad
Ses01F_impro06_F013, I don't know.,sad
Ses01F_impro06_M008, How long were you there for?,neu
Ses01F_impro06_F014, At the cemetery?,sad
Ses01F_impro06_M009, Mmhmm.,neu
Ses01F_impro06_F015, couple hours.,sad
Ses01F_impro06_F016," I brought- I brought Chuck with me. He went to Redlands, yeah, for the day.  We ran through the sprinklers.",neu
Ses01F_impro06_M010, Oh really?,neu
Ses01F_impro06_M011, You ran through the sprinklers in the cemetery?,neu
Ses01F_impro06_F017, It was hot.[LIPSMACK],xxx
Ses01F_impro06_M012, Is it a big cemetery?,neu
Ses01F_impro06_F018, Yeah.  It's huge.  Redlands is an old city so they have lots and lots of stones.,neu
Ses01F_impro06_M013," Oh, so they're like really old too, really old ones?",neu
Ses01F_impro06_F019, Yeah.,neu
Ses01F_impro06_F020," It's weird.  Whenever I go back to town, I think of her.  I mean, it's like ... I mean we grew up together and she died when we were twenty one.  And yeah.  She had cancer, she had two brain tumors.",sad
Ses01F_impro06_F021," My best friend Heather.  She's got a- we have a- we built this like little--  There's a park, Prospect Park.  And there is like a garden section of it that we set up for her.",sad
Ses01F_impro06_F022, She used to have these poetry parties on Memorial Day.,sad
Ses01F_impro06_M014, Mmhmm.,neu
Ses01F_impro06_F023, Umm. Yeah.,sad
Ses01F_impro06_F024," And the last time before she died, I remember she couldn't really stand, umm...",sad
Ses01F_impro06_F025," But I mean she could, but it was- so it was kind of sitting at her feet holding her up and she had these poems she had memorized.  And I remember looking up, she had curly red hair and there was this palm tree right behind her and it was like a crown growing right out of her head.  It was cool.",sad
Ses01F_impro06_M015, Mmhmm.,neu
Ses01F_impro06_F026," Some, I guess.  She memorized this one, John Dunn, it's called, Death Be Not Proud. and-",sad
F,Mmhmm.,
Ses01F_impro06_M016, So she wrote a lot of poetry?,neu
Ses01F_impro06_F027," There's another one, I can't remember.",neu
Ses01F_impro06_F028," I remember, too, when we were--  she died at U.C.L.A.  She had brain surgery and there was not much hope to begin with, but I gave blood for her surgery, her mom and I before, so we dropped her off in the waiting room and then we were giving blood and came back.  And she, in her wheelchair, like can hardly do anything, reciting her poetry for these people like in the waiting room.  All she needs is a God damn audience.  You know?",sad
Ses01F_impro06_M017, Mmhmm.Mmhmm.Mmhmm.,xxx
