Uid,Utterances,Labels
Ses01F_impro01_F000, Excuse me.,neu
Ses01F_impro01_M000, Do you have your forms?,fru
Ses01F_impro01_F001, Yeah.,neu
Ses01F_impro01_M001, Let me see them.,fru
Ses01F_impro01_F002, Is there a problem?,neu
Ses01F_impro01_M002, Who told you to get in this line?,fru
Ses01F_impro01_F003, You did.,xxx
Ses01F_impro01_F004, You were standing at the beginning and you directed me.,xxx
Ses01F_impro01_M003, Okay. But I didn't tell you to get in this line if you are filling out this particular form.,fru
Ses01F_impro01_F005, Well what's the problem?  Let me change it.,neu
Ses01F_impro01_M004, This form is a Z.X.four.,fru
Ses01F_impro01_M005," You can't--  This is not the line for Z.X.four.  If you're going to fill out the Z.X.four, you need to have a different form of ID.",fru
Ses01F_impro01_F006, What?  I'm getting an ID.  This is why I'm here.  My wallet was stolen.,fru
Ses01F_impro01_M006, No. I need another set of ID to prove this is actually you.,fru
Ses01F_impro01_F007, How am I supposed to get an ID without an ID?  How does a person get an ID in the first place?,fru
Ses01F_impro01_M007, I don't know.  But I need an ID to pass this form along.  I can't just send it along without an ID.,fru
Ses01F_impro01_F008, I'm here to get an ID.,fru
Ses01F_impro01_M008," No.  I need another ID, a separate one.",fru
Ses01F_impro01_F009, Like what?  Like a birth certificate?,fru
Ses01F_impro01_M009," A birth certificate, a passport...a student ID; didn't you go to school?  Anything?",fru
Ses01F_impro01_F010, Who the hell has a birth certificate?,xxx
Ses01F_impro01_F011," Yes but my wallet was stolen, I don't have anything.  I don't have any credit cards, I don't have my ID.  Don't you have things on file here?",fru
Ses01F_impro01_M010," Yeah.  We keep it on file, but we need an ID to access that file.",fru
Ses01F_impro01_F012, That's out of control.,ang
Ses01F_impro01_M011, I don't understand why this is so complicated for people when they get here.  It's just a simple form.  I just need an ID.,ang
Ses01F_impro01_F013, How long have you been working here?,fru
Ses01F_impro01_M012, Actually too long.,xxx
Ses01F_impro01_F014," Clearly.  You know, do you have like a supervisor or something?",neu
Ses01F_impro01_M013, Yeah.  Do you want to see my supervisor?  Huh? Yeah.  Do you want to see my supervisor?  Fine.  I'll be right back.,ang
Ses01F_impro01_F015, That would - I would appreciate that.  Yeah.,fru
