Uid,Utterances,Labels
Ses01F_impro07_M000, Did you get the letter?,exc
Ses01F_impro07_F000," Yes.  There's a big envelope it says, you're in. I know.",exc
Ses01F_impro07_M001, Yeah. That is so awesome.,exc
M, Did you-,
Ses01F_impro07_M002, Oh my God. What are you going to do? [LAUGHTER],exc
Ses01F_impro07_F001, So I have to move back to the ghetto but...I know.,xxx
Ses01F_impro07_M003," Oh-Yeah, I bet you're really excited. Oh.  That's what loans are for?  Right? Exactly.",exc
Ses01F_impro07_F002," I'm really excited.  Yeah. I don't know how I'm going to pay for anything, but... I also- Yeah.  Loans, too, yeah. I applied, though, for a bunch of grants and scholarships so I'm still waiting to hear on that.",exc
Ses01F_impro07_M004," Oh.  Good, good.  That's awesome. Are you going to stay around here?  Or are you going to like get a different neighborhood- you going to move to a different neighborhood?",exc
Ses01F_impro07_F003," Oh- I know, I know, I know, I know.",exc
Ses01F_impro07_F004," I don't know.  I spend so much time commuting as it is, I'd rather.",exc
Ses01F_impro07_M005, This is so- I am so happy that you're going to stay.  You're not going to...We should totally throw a party.,exc
Ses01F_impro07_F005, I know. We should throw a party.,exc
Ses01F_impro07_F006," At Arapaho we could afford that. [GARBAGE]. Yeah.  So what are you doing this summer, though?  You're staying around, too, yeah?",xxx
Ses01F_impro07_M006, A rapper party ho. Yeah. Okay.,exc
Ses01F_impro07_M007," I am just- Yeah.  I'm sticking around, I'm just doing my thing.  I'm living here.  I'm so glad you're going to stay, I'm so glad you're going to be here. Yeah. Woo.",exc
F,Yay.  ,
Ses01F_impro07_F007, It's a relief too. I mean I was thinking I was going to have to pack up all of my stuff but yeah. Hooray for U.S.C.,xxx
Ses01F_impro07_M008, Yeah.  Big time.,exc
Ses01F_impro07_M009, Mmhmm. Mmhmm. Yay. So what major?  What are you doing?,exc
Ses01F_impro07_F008," Umm. It's...It's uhh...It's Critical Studies. It's a really prestigious program, so they say.",xxx
Ses01F_impro07_M010," Oh, okay.",xxx
Ses01F_impro07_M011, Ooh. Fancy.,xxx
Ses01F_impro07_F009, Yeah.  I'm not sure.,exc
Ses01F_impro07_M012, Is this a Masters or a P.h.D.?  Or can you...? Nice,neu
Ses01F_impro07_F010, Umm...P.h.D. [LAUGHTER],exc
Ses01F_impro07_M013," That's good.  Don't you have to like teach a class, too, when you do that?",neu
Ses01F_impro07_F011," Um, yeah, yeah.  I'm a TA for two sessions. Mmhmm.",xxx
Ses01F_impro07_M014," Teacher. Mrs. Nash, I have a question.",exc
Ses01F_impro07_F012, So I get to mold young minds. Mrs.?  That's my mother.,exc
Ses01F_impro07_M015, You have to get married.  Well you are married to Chuck.  You're Mrs. Nash.  Not to be confused with Mrs. Dash which is the popular seasoning.,exc
F,[GARBAGE] ,
Ses01F_impro07_F013," I would be like- Oh. Right, right, right.",exc
Ses01F_impro07_M016," Mrs. Nash.  That's so awesome, though.",xxx
Ses01F_impro07_F014," Yeah. Yeah I'm excited. Hooray.  And then I'll be a millionaire once I graduate, you understand? Because that's the way it works.",xxx
Ses01F_impro07_M017, Yay...School's fun.,exc
Ses01F_impro07_M018," Of course, right.  That's where the real money is, being a student.",neu
Ses01F_impro07_F015, Yeah.  Totally. [LAUGHTER],xxx
Ses01F_impro07_M019, That's how you get the big bucks.  Are you messing with the chair? Don't ruin it.,hap
Ses01F_impro07_F016," I know. I made such a mess of it, the entire time.  The last three things I've done, I've ruined everything, I think. Mm-hmm.  Yeah.",exc
