Uid,Utterances,Labels
Ses01M_script02_1_M000," What time is it?  God, this is great, isn't it?  I can't believe it.",exc
Ses01M_script02_1_M001," Of course I did want to a little further up the coast you know get away from all the lights and people and everything.  Is it midnight, do they always start at midnight?  Is that what it is midnight?  How you doing, huh? You okay?  That's good.",exc
Ses01M_script02_1_F000, I'm fine.,xxx
Ses01M_script02_1_M002," Look, there what's that, what's that?  Is it--",exc
Ses01M_script02_1_M003," No, I think that's just foam.",xxx
Ses01M_script02_1_F001, Ugh...,fru
Ses01M_script02_1_M004," Oh, no I can't tell though.  Although probably if you can't tell it probably isn't them right, yeah.  Probably going to be like unmistakable, right?",exc
Ses01M_script02_1_M005," Gosh, this is great, isn't it?  This is awesome.  Oh, no you know what I forgot?",exc
Ses01M_script02_1_M006, My flashlight.  How could I forget my flashlight?  God--,xxx
Ses01M_script02_1_F002, What flashlight?,sur
Ses01M_script02_1_M007, Flashlight the silver one.  There's only one isn't there?,neu
Ses01M_script02_1_F003, That's not your flashlight.,xxx
Ses01M_script02_1_M008, Whose is it?,xxx
Ses01M_script02_1_F004," It's ours; it's my flashlight, too.",xxx
Ses01M_script02_1_M009," Oh, well, yeah of course.",neu
Ses01M_script02_1_F005," You keep saying ""my flashlight"" like somehow it's just yours. How's that supposed to make me feel?",ang
M, No.,
Ses01M_script02_1_M010," Of course, our flashlight.  What's your is mine, mi flashlight es su flashlight.",neu
Ses01M_script02_1_M011," Gosh, I should have brought it. I can't believe I forgot that.",neu
Ses01M_script02_1_M012," It's a nice moon though, should stay full.  Do they always run during a full moon?  I can't remember was it full last year?",xxx
Ses01M_script02_1_F006, Yeah.,xxx
Ses01M_script02_1_M013, Are you all right?  Are you okay?  You cold?  Do you want to my jacket? My jacket? No?,xxx
Ses01M_script02_1_F007, No.,neu
Ses01M_script02_1_M014," You know what we should've brought a blanket too.  Man, our blanket, our blanket.  Wish I had six-pack too, a six-pack would be just the ticket right about now, huh, six-pack.",exc
Ses01M_script02_1_M015, What's wrong?  Are you okay?  Huh?  You cold?,xxx
Ses01M_script02_1_F008, I'm fine.,neu
Ses01M_script02_1_M016," Oh yeah, I'm so excited right now I'm like a kid.",exc
Ses01M_script02_1_M017, I can't believe I got out of the house without my fly zipped up even.,exc
M, Eek. Hehe. Oops.,
Ses01M_script02_1_F009, I wonder if they can hear me talk,hap
F,[Chuckles],
Ses01M_script02_1_M018," I wonder if they can hear me talking, you know.",xxx
Ses01M_script02_1_M019, Like feel the vibrations in the sand when we move around.,xxx
Ses01M_script02_1_F010, I'm cold.,fru
Ses01M_script02_1_M020, Do you want my jacket?,fru
Ses01M_script02_1_F011," It's after eleven, let's go home.",fru
Ses01M_script02_1_M021, What are you kidding?  We just got here.  We don't want to turn around and go home now.  What's the point coming all the way down here?,fru
Ses01M_script02_1_F012, There is no point.,fru
Ses01M_script02_1_M022, Right.,neu
Ses01M_script02_1_F013, That's my point.,fru
Ses01M_script02_1_M023, That's my point too.,neu
Ses01M_script02_1_F014, Then let's go.,ang
Ses01M_script02_1_M024," No, wait no, no that's not my point.  My point is there is no point and coming all the way down here if we just turn around and go home.",fru
Ses01M_script02_1_M025, Don't you want to see it?,xxx
Ses01M_script02_1_F015, Not particularly.,xxx
Ses01M_script02_1_M026, Why not?,fru
Ses01M_script02_1_F016," I just don't, it's stupid.",xxx
Ses01M_script02_1_M027, It's not stupid.  It's a natural phenomenon.,fru
Ses01M_script02_1_M028, People in Kansas would have to get plane tickets and make hotel reservations to see this.  It's only forty minutes away; it's just too good to pass up.,ang
Ses01M_script02_1_F017," Pass what up?  These little fish swim out of the ocean, they flop around on the sand then they swim back and then they die.",ang
Ses01M_script02_1_M029, Yeah but that like flopping around is what to do it's like spawning or mating or something.  This is like the highlight of their little fish lives.  It's like life's last orgy.,xxx
Ses01M_script02_1_F018," I don't know what you're so excited about.  This isn't a moon landing we're talking about, it's fish, it's a fish nobody even eats.",fru
Ses01M_script02_1_M030," Yeah, they do.",neu
Ses01M_script02_1_F019," Oh, Augie.",fru
Ses01M_script02_1_M031," Well, okay whatever, okay but it's a fish who do something that like no other fish do, you know, it's like those swallows that return to Capistrano or those like those lemmings that jumped off the cliffs, you know.",exc
Ses01M_script02_1_M032," It's like a little bit of the unexplainable, a little magic, a little mystery.  I just don't see how you can not be interested in this.",exc
Ses01M_script02_1_F020, I'm not.,fru
Ses01M_script02_1_M033, For real?,xxx
Ses01M_script02_1_F021, Yes.,ang
Ses01M_script02_1_M034, All right.,fru
Ses01M_script02_1_M035," I don't get it though, I mean the first time we came here you said it was like the best night of your life...",fru
Ses01M_script02_1_M036, And last year I remember like distinctively you were so excited to get here that you didn't realize you stubbed your toe until we were in a car.,fru
Ses01M_script02_1_F022," Last year, you'll also remember we got--our shoes got wet, I got sand in my panties, you got a sore throat, we got into a big fight and we did not see the grunions.",ang
Ses01M_script02_1_M037, We just weren't in a good spot though.,neu
Ses01M_script02_1_F023, We didn't see them the year before either.,ang
Ses01M_script02_1_M038, We just weren't in a good spot I'm telling you this is a much better spot.,xxx
Ses01M_script02_1_M039," Come on, trust me I got instincts for these things, okay?  So just--just think about it all right?  Okay, I know you're not interested, think about it...",neu
Ses01M_script02_1_M040," Out there, there's like this big mass of silver fish they're heading this way...",exc
Ses01M_script02_1_M041," They don't know why, we don't know why.  No one like sent them an invitation or gave them a map or direction...",exc
Ses01M_script02_1_M042, They just all turned at once and they just form this line as long as the California coast.  And they just started swimming...,exc
Ses01M_script02_1_M043, Like some little time release fire cracker went off inside their little tiny bodies.  And they all turned as one...,exc
Ses01M_script02_1_M044," And form the line and started swimming, swimming that would bring them to this point here...",exc
Ses01M_script02_1_M045, It's like urgency that's pure urge you know.  It's single-mindedness with no mind.,exc
Ses01M_script02_1_M046," It's crazy.  Look at this, I'm giving myself goose bumps, the hairs are standing up on my arm.",exc
Ses01M_script02_1_F024, That's the wind.,xxx
