Uid,Utterances,Labels
Ses01M_script01_2_F000, Why did he invite her here?,ang
Ses01M_script01_2_M000," Well, maybe he wanted see her.",neu
Ses01M_script01_2_F001, It's been three and a half years.  Why all of a sudden?,ang
Ses01M_script01_2_M001," Well uh, He grew up next door to the girl, why wouldn't he want to see her?",neu
Ses01M_script01_2_M002, Don't look at me like that.  He didn't tell me anything he told you.,fru
Ses01M_script01_2_F002, He's not going to marry her.,xxx
Ses01M_script01_2_M003, How do you know he's even thinking about it?,fru
Ses01M_script01_2_F003, it's got that about it.,xxx
Ses01M_script01_2_M004, Oh so what?,fru
Ses01M_script01_2_F004," What is going on here, Joe?",ang
Ses01M_script01_2_M005," Okay, now listen, kids...",fru
Ses01M_script01_2_F005, The girl is not Larry's.  If the girl is Larry's girl she's not his she know she's not.,ang
Ses01M_script01_2_M006, Listen. Line. You can't read her mind.,fru
Ses01M_script01_2_F006, Then why is she still single?  New York is full of men probably a hundred people told her she is crazy but she is waited.,xxx
Ses01M_script01_2_M007, And how do you know why she's waited.,neu
Ses01M_script01_2_F007, Because she knows what I know that's why.  She's faithful as a rock. in my darkest moments I think of her waiting and I know that I'm right.,xxx
Ses01M_script01_2_M008," Okay, look it's a beautiful day.  Why are we arguing?",fru
Ses01M_script01_2_F008," Nobody in this house dares take away her faith Joe.  Her- strangers might but not her father, not her brother.",fru
Ses01M_script01_2_M009, What do you want me to do?  What do you want?,fru
Ses01M_script01_2_F009," I want you to---act like he is coming back.  Don't think I haven't noticed you, both of you since Chris invited her here.  I won't stand for any nonsense.",ang
Ses01M_script01_2_M010, Kate...,fru
Ses01M_script01_2_F010, Because if he's not coming back then I'll kill myself.,xxx
Ses01M_script01_2_M011, [BREATHING],fru
Ses01M_script01_2_F011," Oh, laugh at me, laugh all you like but why does this happen to very night she comes back?  She goes to sleep in his room and his memorial breaks in pieces.  Look at it, Joe look.",ang
Ses01M_script01_2_M012," All right, calm yourself.",fru
Ses01M_script01_2_F012," Believe with me Joe, you got to believe. Only last week a boy came back missing longer then Larry you read it yourself.",ang
Ses01M_script01_2_M013," Okay, calm yourself. Alright.",fru
Ses01M_script01_2_M014, calm yourself.,fru
Ses01M_script01_2_F013, You above all have got to believe. Just don't stop believing.,ang
Ses01M_script01_2_M015, What does that mean? Me above all? What does that mean?,ang
Ses01M_script01_2_M016, Look at you. You're shaking.,ang
Ses01M_script01_2_F014, I can't help it.,xxx
Ses01M_script01_2_M017," What the hell do you want from me, Kate?",ang
