Uid,Utterances,Labels
Ses01M_script01_1_F000, What he's going to say?,fru
Ses01M_script01_1_M000, He saw it.,neu
Ses01M_script01_1_F001, When?,sur
Ses01M_script01_1_M001, He was out here at four this morning.,xxx
Ses01M_script01_1_F002, How could he see it?  I was the first one up and he was still in bed.,sur
Ses01M_script01_1_M002, I was out here at four this morning I heard a crack and I looked out the window and he was standing right over there.,neu
Ses01M_script01_1_F003, What was he doing here at four in the morning?,sur
Ses01M_script01_1_M003, I don't know.  But he went back in the kitchen and he cried.,sad
Ses01M_script01_1_F004, Did you talk to him?,sad
Ses01M_script01_1_M004, No.  I figured I'd just let it wait.,sad
Ses01M_script01_1_F005, Cried hard?,sad
Ses01M_script01_1_M005," Yeah, I could hear him crying through the floorboards in my room.",sad
Ses01M_script01_1_F006, [BREATHING],sad
Ses01M_script01_1_F007, What is he doing out here at that hour?,fru
Ses01M_script01_1_M006, I don't know.,sad
Ses01M_script01_1_F008," He's dreaming about him again, walking the streets.",ang
Ses01M_script01_1_M007, I guess he is.,sad
Ses01M_script01_1_F009, It's getting to be just like after he died.  What is the meaning of that?,xxx
Ses01M_script01_1_M008, I don't know the meaning of it.  But I know we've made terrible mistake with father.,fru
Ses01M_script01_1_F010, What?,sur
Ses01M_script01_1_M009," I mean, these kinds of things, man they always come back at you.  And this is definitely coming back to us.",xxx
Ses01M_script01_1_F011, What do you mean a mistake?,ang
Ses01M_script01_1_M010," I just--why shouldn't he walk the nights waiting for him, huh?  Do we contradict him do we say we don't have any hope any more that he's not coming back?",fru
Ses01M_script01_1_F012," What do you want to do, argue with him?",fru
Ses01M_script01_1_M011," I don't want to argue with him, it's just for God's sake it's time he realized that no one believes with him any more.",fru
Ses01M_script01_1_F013, You can't say that to him.,xxx
Ses01M_script01_1_M012, I got to.,fru
Ses01M_script01_1_F014," What, can you prove it?  What proof do you have?  Can you prove it?",ang
Ses01M_script01_1_M013," For God's sake, three years?  Nobody comes back after three years. It's insane.",fru
Ses01M_script01_1_F015," To you it is, to me it is.  But to your father?  You can talk yourself 'til you're blue in the face but there's was no grave and there is no body.  So where are you?",ang
Ses01M_script01_1_M014," Okay, all right.  Mom, sit down.  I want to talk to you.",fru
Ses01M_script01_1_F016, The trouble is those god damn news papers.  Every month some boy comes back missing longer then Larry so--,ang
Ses01M_script01_1_M015," Yeah, okay all right, all right.  Listen, um, you know why I asked Annie here, right?",fru
Ses01M_script01_1_F017, Why?,ang
Ses01M_script01_1_M016, You know.,xxx
Ses01M_script01_1_F018," Well, I've got an idea but what's the story?",xxx
Ses01M_script01_1_M017, I'm going to ask her to marry me.,neu
Ses01M_script01_1_F019," Well, that's only your business, Chris.",fru
Ses01M_script01_1_M018, You know it's not just my business.,fru
Ses01M_script01_1_F020," Well, what do you want me to do?  You're old enough known your own business.",ang
Ses01M_script01_1_M019, So it's okay then?  I'm just going to go ahead with it?,fru
Ses01M_script01_1_F021, You want to make sure that your father's not going to...,xxx
Ses01M_script01_1_M020," See.  Then it's not just my business. Sometimes you infuriate me, you know that?  You know it's just your business too if I tell father and he throws a fit about it, huh?",ang
Ses01M_script01_1_F022, I'm just saying.,fru
Ses01M_script01_1_F023, I'm sorry.  I ignore what I've got to ignore. That girl is Larry's girl.,ang
Ses01M_script01_1_M021, She is not Larry's girl.,ang
Ses01M_script01_1_F024," From father's point of view he is not dead and you have no right to take his girl.  I'm just saying that you can go on from there if you know where to go but I'm saying I don't know where to go.  See, I don't know.",ang
Ses01M_script01_1_M022, I don't know why it is you know every time I reach out for something I have to pull back 'cause I'm afraid it's going to hurt somebody.  All my life...,fru
Ses01M_script01_1_F025, You're a considerate fellow.  There's nothing wrong in that.,neu
Ses01M_script01_1_M023, To hell with that.,ang
Ses01M_script01_1_F026, Did you ask Annie yet?,neu
Ses01M_script01_1_M024," No, I wanted to get this all sorted out first.",sad
Ses01M_script01_1_F027," Well, how do you know she's going to marry you?  Maybe she feels same way your father does.",fru
Ses01M_script01_1_M025," Well, if she does then that's the end of it.  However from her letters I think she's pretty much forgotten him.",xxx
Ses01M_script01_1_F028," The trouble is you don't see enough women, you never did.",fru
Ses01M_script01_1_M026, So what?  I'm just--I'm not fast with women.,fru
Ses01M_script01_1_F029, I don't see why it has to be Annie.,ang
Ses01M_script01_1_M027, Because it is.,fru
Ses01M_script01_1_F030," That's a good answer but it doesn't answer anything.  You haven't seen her since you went away to war, it's been five years.",ang
Ses01M_script01_1_M028," I don't know, it I think of her, I grew up next to her.  She is what I think of when I think of a wife.",fru
Ses01M_script01_1_F031," He thinks he's coming back, Chris.  You marry that girl you're pronouncing him dead.",sad
Ses01M_script01_1_F032," Do you know what that'll do to you, to your father, do you know?  I don't.",ang
Ses01M_script01_1_M029, All right then.,xxx
Ses01M_script01_1_F033, Give it some more thought.,xxx
Ses01M_script01_1_M030, I've given it lots of thought.  And I keep coming back to the same thing.,fru
Ses01M_script01_1_M031," When I think of a family, when I think of my future I see Annie in the center of that and you know and if that can't happen here then I'll go somewhere else.",fru
Ses01M_script01_1_F034, What the hell is this?,sur
Ses01M_script01_1_M032, I'll leave.  I'll get married and move somewhere else maybe New York.,fru
Ses01M_script01_1_F035, Are you crazy?,ang
Ses01M_script01_1_M033, I'll do it.,xxx
Ses01M_script01_1_F036, You have a business here.  I said what the hell is this?,ang
Ses01M_script01_1_M034, Business?  The business doesn't inspire me.,ang
Ses01M_script01_1_F037," Oh, must you be inspired.",ang
Ses01M_script01_1_M035," Yes, yes I like it for one hour a day.  I don't care if I have to grub for money all day long when I come home I want it nice, I want a family, I want to kids and Annie is in the center of that.",ang
Ses01M_script01_1_M036, If that can't happen here...,fru
Ses01M_script01_1_F038, You mean to tell me you would leave the business for this.,xxx
Ses01M_script01_1_M037," Yes, on this I would.",neu
Ses01M_script01_1_F039," Well, you don't want to think like that.",ang
Ses01M_script01_1_M038, Then help me stay here mom.,sad
Ses01M_script01_1_F040," All right but you don't think like that because what the hell is this all for.  This is all for you, what are we working for Chris? The whole shooting match is for you.",ang
Ses01M_script01_1_M039," I know, I know.",xxx
Ses01M_script01_1_M040, Then help me stay.,sad
Ses01M_script01_1_F041," Well, you don't think like that.",ang
Ses01M_script01_1_M041, I am thinking like that.,ang
Ses01M_script01_1_F042," I don't understand you, do I?",ang
Ses01M_script01_1_M042," No, you don't.  I'm a pretty tough guy.",sad
Ses01M_script01_1_F043," Well, I can see that.",ang
