Uid,Utterances,Labels
Ses01F_impro03_M000, So what's up?  What's new?,neu
Ses01F_impro03_F000, Well Vegas was awesome.,hap
Ses01F_impro03_M001, Yeah.  I heard.,neu
Ses01F_impro03_F001," And, um, I got married.",hap
Ses01F_impro03_M002, Shut up.  No- in Vegas?,sur
Ses01F_impro03_F002, Yeah.  In the old town part.,hap
Ses01F_impro03_M003, Who did you marry?,exc
Ses01F_impro03_F003, Chuck. [LAUGHTER],xxx
Ses01F_impro03_M004, Did you propose to you?,xxx
Ses01F_impro03_F004, Um- Yes.  It was very romantic.,hap
Ses01F_impro03_F005, It was at the slot machines.,hap
Ses01F_impro03_M005, Oh.  The Wheel of Fortune slots?,xxx
Ses01F_impro03_F006," Uhuh, uhuh.  He won big and he-and he realized that the only thing that would make it better was me as his bride.",hap
Ses01F_impro03_M006, He turned to you and was like...,neu
Ses01F_impro03_F007, Hey.  Let's get married and I said okay.,xxx
Ses01F_impro03_M007, [LAUGHTER] That's really romantic.,hap
Ses01F_impro03_F008," Yeah.  Well.  You know, because he's leaving the next day.",hap
Ses01F_impro03_M008, Yeah.,neu
Ses01F_impro03_F009, But we're going to have a honeymoon cruise.,hap
Ses01F_impro03_M009," Does that mean that you're going to get citizenship, too, in- in England or whatever?",neu
Ses01F_impro03_F010, Oh.  I hadn't even thought about that.,hap
Ses01F_impro03_M010, Yeah.  Think about that.,xxx
Ses01F_impro03_F011," He's not going to be a citizen, though.",xxx
Ses01F_impro03_M011, Yeah.  But he'll have like a long visa.  Can you go visit then for a long time?,neu
M, I think you can.,
Ses01F_impro03_F012, Oh.  Totally.,hap
M, Yeah. ,
Ses01F_impro03_M012," Oh, how are you going to do the long distance thing?  So wait, are you going to move there?",xxx
Ses01F_impro03_F013, I guess I'll-  I guess I'll have an internet husband.[LAUGHTER],hap
Ses01F_impro03_M013, Like you need another one of those.[LAUGHTER],hap
Ses01F_impro03_F014, I have an internet boyfriend.  I guess I'll have to juggle the two.  Is that cheating?  I don't know. Hmm.,xxx
Ses01F_impro03_M014, Is that your phone?,hap
Ses01F_impro03_F015," Yeah, so [LAUGHTER] He's calling me now",exc
Ses01F_impro03_M015, He loves you.,hap
Ses01F_impro03_F016," He likes to keep tabs, you know.",hap
Ses01F_impro03_M016, How much did he win at the slot?,neu
Ses01F_impro03_F017," Uh, I think seven hundred and fifty dollars.",neu
Ses01F_impro03_M017, Really? Penny slots?,sur
Ses01F_impro03_F018, Penny slots. That's what he plays.,neu
Ses01F_impro03_M018, Wow.,sur
Ses01F_impro03_F019, Yeah.,neu
Ses01F_impro03_M019, I'm a big fan of the Wheel of Fortune quarters. But it just costs so much.  I don't know.,neu
Ses01F_impro03_F020, Oh.,xxx
Ses01F_impro03_F021, Yeah.  We played Wheel of Fortune pennies.  It's like a giant thing with like-,hap
Ses01F_impro03_M020," But the pennies always get you because you end up spending like, you know, fifty bucks.",neu
Ses01F_impro03_F022, Fifty bucks. Mmhmm.,neu
Ses01F_impro03_M021," like, wait, but it's just pennies.  You're like, wait a minute I'm on to you.",neu
Ses01F_impro03_F023, Yeah.,neu
Ses01F_impro03_F024, Well so now we're married. We have cat children.,hap
Ses01F_impro03_M022, Awesome.,exc
Ses01F_impro03_M023, [LAUGHTER] Cat babies.,hap
Ses01F_impro03_F025," We renamed Brenda, Lumber Janet.",hap
Ses01F_impro03_M024, That's fair enough.,neu
Ses01F_impro03_F026, She needs a new name each state that we go into. [LAUGHTER],hap
