Uid,Utterances,Labels
Ses01F_impro02_F000, Did you get the mail? So you saw my letter?,sad
M, Yeah.,
Ses01F_impro02_M000, It's not fair.,xxx
Ses01F_impro02_F001, Yeah.  I know.,sad
Ses01F_impro02_M001," I don't understand.  You've already done so much, I don't know why do you have to go back.",sad
Ses01F_impro02_F002, I don't know.  I put in that. request too. They didn't...,sad
Ses01F_impro02_F003," I guess, you know, everybody has to make sacrifices.",neu
Ses01F_impro02_M002," I don't know, it's just not fair.  I think you've already made your sacrifice.",xxx
Ses01F_impro02_F004," There's people that have given more though, you know?",sad
Ses01F_impro02_M003, I just don't see how they can make you leave when you have a new baby - we have a new kid.,fru
Ses01F_impro02_F005, I know.,sad
Ses01F_impro02_M004, Then why is that fair?  Why--,xxx
Ses01F_impro02_F006," There's babies over there, though, that need mothers.",neu
Ses01F_impro02_M005, I don't know how you can be okay with this?  I don't know why you're not-- you're fine with it.,sad
Ses01F_impro02_F007," I'm not okay with it, but I don't-- it's not like I have a choice.  I don't see what crying about it is going to fix.",xxx
Ses01F_impro02_M006, I'm just trying to think of another way.  I'm just trying to...,xxx
Ses01F_impro02_F008," Just, you know, kicking myself.",sad
Ses01F_impro02_F009, like you sign up because you need money and,xxx
Ses01F_impro02_F010, things just aren't what they seem.,sad
Ses01F_impro02_M007, This is a stupid war.,xxx
Ses01F_impro02_F011," We're doing the right thing, though.",xxx
Ses01F_impro02_M008, I know.,fru
Ses01F_impro02_M009, I just don't see why it has to be you.,sad
Ses01F_impro02_F012," If not me then, who?",sad
Ses01F_impro02_M010, What am I going to do? Huh?,sad
Ses01F_impro02_F013," You'll videotape everything, yeah?",sad
Ses01F_impro02_M011, Yeah.,sad
Ses01F_impro02_F014," Maybe you can send it to me, like stream it, yeah?",sad
Ses01F_impro02_M012, Don't you guys have access to computers over there.,neu
Ses01F_impro02_F015, Last month--  Yeah.,sad
Ses01F_impro02_M013, I just don't know how I'm going to do it without you.,sad
Ses01F_impro02_F016, I have to find sitters.,neu
Ses01F_impro02_M014, I can't raise a baby by myself.  How?,sad
Ses01F_impro02_F017," We've got friends, that's why we moved here, huh?  Because there is a day care down the street.",sad
Ses01F_impro02_M015, I know.,neu
Ses01F_impro02_F018, And your mother is close by.,neu
Ses01F_impro02_F019, I'll send you lots of letters.,sad
Ses01F_impro02_F020, And I want lots and lots and lots of pictures.,sad
Ses01F_impro02_M016, It's just not fair.,fru
