Uid,Utterances,Labels
Ses01M_impro04_F000, You seem kind of down.,neu
Ses01M_impro04_M000, I'm just mad.,xxx
Ses01M_impro04_F001, How come?,xxx
Ses01M_impro04_M001, It's--I've been trying to find this job I can't get any job.,fru
Ses01M_impro04_M002, It's not fair.,fru
Ses01M_impro04_F002, What do you mean?,neu
Ses01M_impro04_M003," I mean I've been looking for a job for like three years and I can't get a job.  I mean like, it's America, right?  I should be able to get a job.",fru
Ses01M_impro04_F003, There's a lot of people looking for jobs.,neu
Ses01M_impro04_M004," I guess.  But three years?  I mean, I like--I went to college even, I mean I didn't finish but I went for like a little bit.  It's not fair, I don't know.",fru
Ses01M_impro04_F004," I don't know, I mean, I just don't think...",neu
Ses01M_impro04_M005," I mean I've been sending out my resumes and doing everything I can do but nothing is happening.  You know, it's like I can't and I can't keep living on loans anymore like this.  I'm going to--I mean eventually I'm going to have to pay it back. I'm just kind of freaking out, I don't know.",fru
Ses01M_impro04_F005, Did you ever think it might be your attitude that's...,neu
Ses01M_impro04_M006," What's my--like what do you mean ""my attitude""?",xxx
Ses01M_impro04_F006," I don't know just sometimes you get kind of... No, I'm not saying that.  I just--",neu
Ses01M_impro04_M007, Do I have an attitude problem?,xxx
Ses01M_impro04_M008," No, well maybe it's because I'm like frustrated 'cause I can't get a job, you know.",fru
Ses01M_impro04_F007, ...has anyone ever just said anything like that to you before?,neu
Ses01M_impro04_M009," Like it's really hard to like shake that off when you go into like audition a room or whatever, you know what I mean?",fru
Ses01M_impro04_F008," Right, sure.",neu
Ses01M_impro04_F009," But I mean you kind of got to, you got to fake it 'til you feel it, right?",neu
Ses01M_impro04_M010," I guess I just getting really hard to fake, you know.",fru
Ses01M_impro04_F010, I'm just saying that if I was looking to hire somebody in the--or kind of... No. No. No.,neu
Ses01M_impro04_M011," Are you hiring? Wait, do you know of a job? Seriously, do you know, like do you know of anything though?  Like, oh please, do you know of anything?",fru
Ses01M_impro04_F011, No.  I'm just saying though that if I was a person who was hiring somebody I-- --would not hire someone who was angry or upset.,neu
Ses01M_impro04_M012, Yeah.,fru
Ses01M_impro04_M013, I come across angry?,fru
Ses01M_impro04_F012, No.,neu
Ses01M_impro04_M014, What?,ang
Ses01M_impro04_F013," Well, you know a little.  If you were to listen to--",neu
Ses01M_impro04_M015," Okay.  You're my friend you can tell me stuff.  You can tell me honestly stuff, okay?  Please.",fru
Ses01M_impro04_F014, I just don't want you to fly off the handle.,neu
Ses01M_impro04_M016," Okay, I'm not flying off the handle I don't think I'm flying off the handle here at all.",fru
Ses01M_impro04_F015, You kind of have a short fuse.,neu
Ses01M_impro04_M017, I have a short fuse?,fru
Ses01M_impro04_F016, Yeah.,neu
Ses01M_impro04_M018," Okay. Okay no, no, no, no okay no, I need to hear this more. Come on, bring it.",ang
Ses01M_impro04_F017," Like this, right now we're trying have a conversation.",neu
Ses01M_impro04_F018, We're trying to have a conversation and you seem extremely hostile. You keep cutting me off.,neu
Ses01M_impro04_M019," Well, it's 'cause I can't get a job, okay?",xxx
M, [BREATHING],
Ses01M_impro04_M020, I'm not always right I'm just--,fru
Ses01M_impro04_F019, I can't finish the sentence with you without you jumping in...,neu
Ses01M_impro04_F020, ...and you're always right.,neu
Ses01M_impro04_M021, fine okay.,xxx
Ses01M_impro04_F021, You have an excuse for everything.,neu
Ses01M_impro04_M022, [BREATHING],fru
Ses01M_impro04_F022, I'm just saying that maybe you should take in some information before you produce more of your own.,neu
Ses01M_impro04_M023, I'm like a sponge I'm like soaked up with all this information for like three years I'm just dying for a job to like put it in to.,ang
Ses01M_impro04_F023, [BREATHING],neu
Ses01M_impro04_F024, That's -.,fru
Ses01M_impro04_M024," You know, and like I don't think it's that much to ask. I know.",fru
Ses01M_impro04_F025," Well, what kind of field are you looking to go into?",neu
Ses01M_impro04_M025, That's it.,neu
