Uid,Utterances,Labels
Ses01M_impro05_F000, Can I help you?,neu
Ses01M_impro05_M000," Yes, please help me.  Where is my bag?",fru
Ses01M_impro05_F001, I need a little more information.,neu
Ses01M_impro05_M001," Where is my bag?  Come on, I've been here for four hours.",fru
Ses01M_impro05_F002, What- What flight did you come in on?,neu
Ses01M_impro05_M002," Okay, I'm coming in from Atlanta.",fru
Ses01M_impro05_F003, Georgia?,neu
Ses01M_impro05_M003," Yes, Georgia.  Good for you I need my bag.  Can you...",xxx
Ses01M_impro05_F004," There's no need for you to raise your voice, sir.",neu
Ses01M_impro05_F005, I've been college educated.,neu
Ses01M_impro05_F006, I speak your language.,neu
Ses01M_impro05_M004, Are you insinuating that I don't have a college education and that- for some reason that makes you a better person than I am?,ang
Ses01M_impro05_M005," Listen, shut your smug mouth, okay?  I don't need that.",ang
Ses01M_impro05_F007, I'm just saying you don't need to talk to me like I-,neu
Ses01M_impro05_M006, I've been sitting here for four hours.,ang
Ses01M_impro05_F008, I'm not a child.,fru
Ses01M_impro05_F009, I've been here for sixteen.,xxx
Ses01M_impro05_M007, You people have just been tossing me around like a used hanky.,ang
Ses01M_impro05_F010, I come here every single day.,xxx
Ses01M_impro05_M008, You work here.,ang
Ses01M_impro05_F011," Details, Details.  Well, anyhow can I--",neu
Ses01M_impro05_F012, so you flew in from Atlanta...,neu
Ses01M_impro05_M009, My bag from Atlanta.,fru
Ses01M_impro05_F013, Four...Four hours ago.,neu
Ses01M_impro05_M010, It's a little black bag with wheels.,fru
Ses01M_impro05_F014, Do you have any i-?,neu
Ses01M_impro05_M011, That you wouldn't let me put in the overhead compartment.  You said I had to check it.,xxx
Ses01M_impro05_F015, I wouldn't let you?   I was not in Atlanta. I was not in Atlanta.,neu
Ses01M_impro05_M012, It's a tiny little bag.,xxx
Ses01M_impro05_F016, I had nothing to do with the boarding attendance.  I'm sorry that your seat was wherever it was.,neu
Ses01M_impro05_M013," It was right in the middle of five different people.  I had a huge fat lady next me, a crying kid on left I went like can I please get a Bloody Mary, please? Will you bring a Bloody Mary?",xxx
Ses01M_impro05_F017," I have some unfortunate news, uh, that your bag isn't going to be--",neu
Ses01M_impro05_F018, --arriving any time soon.,neu
Ses01M_impro05_M014," Just had a really, really stressful day, okay?  And I need my bag; can you please help me get my bag?",xxx
Ses01M_impro05_F019, I'm really sorry to tell you this but...,neu
Ses01M_impro05_M015, Okay.,neu
Ses01M_impro05_F020, It's not.  I can offer you fifty dollars and a reimbursement gift cards for our airline...,neu
Ses01M_impro05_F021, ...and your future...,neu
Ses01M_impro05_M016," I'm sorry, wait a minute.  Are you saying I'm not going to get my bag at all?",xxx
Ses01M_impro05_F022, No.,neu
Ses01M_impro05_M017, It's gone.,xxx
Ses01M_impro05_F023, Yes.,neu
Ses01M_impro05_M018, Where is it?  Where did it go?,fru
Ses01M_impro05_F024, We've actually...,neu
Ses01M_impro05_M019, You mean did someone steal it? Do people steal bags?,xxx
Ses01M_impro05_F025, They do as matter of fact.  We don't like to publicize it because,neu
Ses01M_impro05_F026, people wouldn't Fly our airline.,neu
Ses01M_impro05_M020, Probably people that work for your company huh?,ang
Ses01M_impro05_M021, Do you know what was in that little bag that I could have just easily put in overhead compartment but no I had to check?,ang
Ses01M_impro05_F027, What was that?,neu
Ses01M_impro05_M022, My computer which has all of my data which I'm collecting right now.,ang
Ses01M_impro05_F028, That's unfortunate.,neu
Ses01M_impro05_M023, Yeah it's really unfortunate you know why because I'm going to get fired if I don't get that.  So I need to have that back.,ang
Ses01M_impro05_F029, That's too bad.,neu
Ses01M_impro05_M024," Fifty dollars is not going to cover me for my job, okay?",ang
Ses01M_impro05_F030, I wish I could give it to you.,neu
Ses01M_impro05_M025, Well you need to find it. Can I just go back there and look through the bags?  Can I just go back there and just go through maybe I'll find it.,ang
Ses01M_impro05_F031, I wish I-,neu
Ses01M_impro05_F032, That's not - no.,neu
Ses01M_impro05_F033, No.,neu
Ses01M_impro05_M026, It'll be a lot more than what you're doing sitting here and just give me lip service.  I'd like to go back at least do some aggressive searching for my stuff.,ang
Ses01M_impro05_F034, We have plenty of aggressive searching going on it's not there.  Someone's taken it.,neu
Ses01M_impro05_M027," Sure, yeah right you have plenty of aggressive searching going on, aggressive searching, drinking coffee and smoking cigarettes.",ang
Ses01M_impro05_M028, I know what you guys do when you're not working you're union people; you just sit around on your ass.,ang
Ses01M_impro05_F035, You know I don't need to take this sort of abuse.,fru
Ses01M_impro05_M029," Well, I don't need to take this kind of abuse either.  I just was trying get back to Atlanta. I just got home, I just want to get my bag and get my stuff. And keep my job.",xxx
Ses01M_impro05_F036, That's fantastic.,xxx
Ses01M_impro05_F037, Then why don't you take your fifty dollars. Get yourself a taxi and go shopping tomorrow.,xxx
Ses01M_impro05_M030, [BREATHING],fru
Ses01M_impro05_M031, Thank you very much.,ang
