Uid,Utterances,Labels
Ses01F_script02_2_M000," Look at this, all of the hairs are standing up on my arm.",exc
Ses01F_script02_2_F000, That's the wind.,neu
Ses01F_script02_2_M001," Well, so, what do you think?",exc
Ses01F_script02_2_F001, About what?,neu
Ses01F_script02_2_M002, About what I was saying.,neu
Ses01F_script02_2_F002, I think it's ridiculous.,xxx
Ses01F_script02_2_M003, It certainly is not.  It's slightly exaggerated scientific fact.,xxx
Ses01F_script02_2_F003, It's PR! Somebody sold you a bunch of crap that there is this wonderful thing that is going to happen tonight on the beach.,xxx
Ses01F_script02_2_M004," Not just me, look at all of these people.",fru
Ses01F_script02_2_F004," Everybody's told the same story.  It keeps us coming back for more, it keeps us excited.  We keep thinking that life is going start at any minute if we can just find the right spot, get in on the action.",xxx
Ses01F_script02_2_M005," Are we talking about the same thing, here?",xxx
Ses01F_script02_2_F005," I'm sorry, it's just fish to me.",xxx
Ses01F_script02_2_M006," Carla, can I ask you something?  Now, don't take this the wrong way, but are you on your period?",neu
Ses01F_script02_2_F006," Don't ask me that.  I hate it when you ask me that, you always ask me that.  It's insulting.",ang
Ses01F_script02_2_M007," Well then, what's bugging you?",fru
Ses01F_script02_2_F007, We just have different ideas of what this night is supposed to look like.,fru
Ses01F_script02_2_M008," There is nothing to it; we come down here, the fish arrive, they flop around, they do their fish thing.  We go ooh, ah, look at the fish and we go home.",fru
Ses01F_script02_2_F008," For God- Grow up, Augie.  The fish are not going to arrive.",ang
Ses01F_script02_2_M009, Why not?,fru
Ses01F_script02_2_F009, Because they never do.  Have they...Have they ever?,ang
Ses01F_script02_2_M010, We've missed them twice.,fru
Ses01F_script02_2_F010, Twice is every time we have tried; that's ever.,ang
Ses01F_script02_2_M011, They'll show up this time.,fru
Ses01F_script02_2_F011, No they won't.  It's like waiting for Santa Claus.,xxx
Ses01F_script02_2_F012, I feel like my whole life is going to be spent standing on this beach with my eyes wide open and my hands clasped expectantly waiting for fish to show up.  And the fish never show up.,fru
Ses01F_script02_2_M012, I thought you wanted to see it.,xxx
Ses01F_script02_2_F013, You don't understand anything I am saying.,fru
Ses01F_script02_2_M013, No. Of course not.,fru
Ses01F_script02_2_F014," I did want to see it, I still do, I always do.  I just...",xxx
Ses01F_script02_2_F015," I feel like I'm always just standing here waiting.  I feel like this night is going to be the night, but it never is.",sad
Ses01F_script02_2_M014," It's just fish, it's nothing to get traumatized over.",fru
Ses01F_script02_2_F016," For God's sake, this is not about fish.",ang
Ses01F_script02_2_M015, Okay.  I'm trying to work this backwards and pinpoint the exact moment where we took a turn for the worst here.,fru
Ses01F_script02_2_M016," Okay.  So you were fine during that phone call from Marge and then dinner was okay.  And doing the dishes was fine and then I was going to take a shower and you're watching the news and you said the grunions are running tonight, do you want to go?  And I said, sure great, let's go.",neu
Ses01F_script02_2_M017," Okay.  So I am putting out the pets, getting the car out of the garage.",neu
Ses01F_script02_2_F017, Do you remember the first year we came here?  It was like four years after we got married.,neu
Ses01F_script02_2_F018," We thought I was pregnant, we got a bottle of champagne, we had no glasses.  We took off our shoes and you asked me to dance.",xxx
Ses01F_script02_2_F019," You whispered the sweetest, most intimate things to me right into my ear so I could feel them as much as hear them.  And I remember thinking, this is it.  You know, finally, I am as happy as I'm supposed to be.",hap
Ses01F_script02_2_M018," Wait a minute, I got it.",xxx
Ses01F_script02_2_F020," Drinking champagne from the bottle,",xxx
Ses01F_script02_2_M019," It's when we were driving past that Knickerbocker Liquor Locker, you said, let's get some champagne.  I said no, time's a wasting or something like that.",neu
Ses01F_script02_2_F021, dancing barefoot in the sand.,fru
Ses01F_script02_2_M020," That's what it is?  Right?  You want this to be like the other time, right?",fru
Ses01F_script02_2_F022, I'd rather not remember some things.  I'd rather not hope for some things.,sad
Ses01F_script02_2_M021, Sure.  All right.  Okay.,neu
Ses01F_script02_2_M022," Listen, do you want to dance?",neu
Ses01F_script02_2_F023, No.,neu
Ses01F_script02_2_M023, Do you want me to go get some champagne?,neu
Ses01F_script02_2_F024, No.,xxx
Ses01F_script02_2_M024, Do you want to take off your shoes?,hap
Ses01F_script02_2_F025," No, no. Nothing.",fru
Ses01F_script02_2_M025, Then what?,xxx
Ses01F_script02_2_M026, Do you want to get married again?,hap
Ses01F_script02_2_F026, No.,neu
Ses01F_script02_2_M027, What?  What?  Do you want a divorce?,oth
Ses01F_script02_2_M028, A vacation?,xxx
Ses01F_script02_2_F027, No.,fru
Ses01F_script02_2_M029, Like a new carpet?  A poodle?  A back rub?  Ice cream?  A suicide pact?  What do you want?  What the hell do you want?,xxx
Ses01F_script02_2_F028, I just want something to turn out like I expected it to.,xxx
Ses01F_script02_2_M030," Well welcome to the human race, huh?  Do you think I had some grand fantasy going that four years down the line we would come to this beach and be arguing over fish?  No.",xxx
Ses01F_script02_2_F029, [BREATHING],fru
Ses01F_script02_2_M031," No I'm just like you.  I thought it was going to be all roses and peaches and the bills would just pay themselves.  And we'll have three, fat rosy cheeked children.  Huh, baby, the joke's on us.  Because you know what you get?",fru
Ses01F_script02_2_M032, Do you know what you get?  You get this.,fru
Ses01F_script02_2_F030, This? What is this?  This is nothing.  This isn't even anything.,fru
Ses01F_script02_2_M033, Yes it is.,neu
Ses01F_script02_2_F031, Sure.  This is standing on the beach waiting.  This is fighting.,xxx
Ses01F_script02_2_M034, Right,xxx
Ses01F_script02_2_F032," I mean this is a lot of things, but it's just...",fru
Ses01F_script02_2_M035, [BREATHING],fru
Ses01F_script02_2_F033, Do you understand what I am saying?,fru
Ses01F_script02_2_M036, I'm doing the best I can.,fru
Ses01F_script02_2_F034," I know you are Augie, I know.",sad
Ses01F_script02_2_F035," I know you meant this to be special, I know that you wanted it to be right, but I just can't help thinking that, I can't help wishing that I was somewhere else.",sad
Ses01F_script02_2_M037," Maybe if you were with someone else, too.",sad
Ses01F_script02_2_F036, I didn't say that.,sad
Ses01F_script02_2_M038, I just- I know I don't make you happy.,sad
Ses01F_script02_2_F037," Don't be ridiculous.  Anything that- anything I am doing, I'd rather be doing it with you.",sur
Ses01F_script02_2_M039, Yeah?,sur
Ses01F_script02_2_F038, Yeah.  Don't you know that?,sur
Ses01F_script02_2_F039, For Heaven's sake Augie.,xxx
Ses01F_script02_2_F040," You're the one who probably wishes he was with somebody else.  Somebody who doesn't take things so seriously, who could enjoy herself.",sad
Ses01F_script02_2_M040," You know, actually now that you mention it, no I don't.",neu
Ses01F_script02_2_F041," So maybe we are in the wrong spot, but we are with the right person.",neu
Ses01F_script02_2_M041," I don't know, it seemed like such a good spot to me.",fru
Ses01F_script02_2_M042," We have a great view of the moon from here, though, huh?",neu
Ses01F_script02_2_F042," Hmm.  I noticed that, it's pretty. Big old white moon.",hap
Ses01F_script02_2_M043, [BREATHING],neu
Ses01F_script02_2_M044, And look what I got here.,hap
Ses01F_script02_2_F043," Augie, you bought refreshments.",hap
Ses01F_script02_2_M045, It's not champagne.,xxx
Ses01F_script02_2_F044, I guess we don't need glasses.,hap
Ses01F_script02_2_M046, [BREATHING],hap
Ses01F_script02_2_M047, Do you want to go home?  Are you cold?,neu
Ses01F_script02_2_F045, I'm beginning to think this might be the right spot after all.,hap
Ses01F_script02_2_F046," Augie, I'm sorry.",sad
Ses01F_script02_2_M048," Shh.  If we're very quiet, the fish might come.",neu
Ses01F_script02_2_F047, Or not.,neu
Ses01F_script02_2_M049, Or not.,hap
