Uid,Utterances,Labels
Ses01F_script03_2_M000, We were very much younger then.,xxx
Ses01F_script03_2_F000, And very much sillier.,hap
Ses01F_script03_2_M001, However I believe the real cause of that row was Peter Burden.,neu
Ses01F_script03_2_F001, Oh.  You knew there was nothing in that.,hap
Ses01F_script03_2_M002, I knew nothing of the sort.  You took presents from him.,neu
Ses01F_script03_2_F002," Presents?  It was only a trivial, little brooch.",hap
Ses01F_script03_2_M003," It was bristling with diamonds.  In the worst possible taste, too.",xxx
Ses01F_script03_2_F003," It was not.  I still have it, and I wear it often.  It is very pretty.",xxx
Ses01F_script03_2_M004, You went out of your way to torture me over Peter Burden.,neu
Ses01F_script03_2_F004, I did not.  You worked that whole thing up in your jealous imagination.,neu
Ses01F_script03_2_M005," Well, you let him kiss you, huh?  You said you did.",fru
Ses01F_script03_2_F005," Well, what of it?",neu
Ses01F_script03_2_M006, What of it?,xxx
Ses01F_script03_2_F006, It gave him a lot of pleasure and it didn't hurt me.,xxx
Ses01F_script03_2_M007, What about me?,ang
Ses01F_script03_2_F007," If you hadn't been so suspicious and nosey, you never would have known a thing about it.",xxx
Ses01F_script03_2_M008," That's a nice point of view, I must say.",xxx
Ses01F_script03_2_F008, Oh dear.  I'm bored with this conversation.,fru
Ses01F_script03_2_M009, So am I.  I'm bored stiff. [GARBAGE]  Do you want some brandy?,fru
Ses01F_script03_2_F009, No.  Thank you.,xxx
Ses01F_script03_2_M010," I'll have a little, I think.",neu
Ses01F_script03_2_F010," I don't know why you'd want any, you've already had three glasses.",xxx
Ses01F_script03_2_M011," No particular reason.  Anyhow, they are very small ones.",neu
Ses01F_script03_2_F011, I just think it's silly to go on and on and on about such a thing.,xxx
Ses01F_script03_2_M012," You can hardly call three glasses of liquor a whole evening long, going on and on and on.",fru
Ses01F_script03_2_F012, It's become a habit with you.,xxx
Ses01F_script03_2_M013, Oh.  Don't be so grand.  Just because you don't happen to want one at the moment.,fru
Ses01F_script03_2_F013, Don't be stupid.,ang
Ses01F_script03_2_M014," Really, Amanda.",ang
Ses01F_script03_2_F014, What?,ang
Ses01F_script03_2_M015, Nothing.,fru
Ses01F_script03_2_M016," you going out somewhere, dear?",neu
Ses01F_script03_2_F015, No.  I am just making myself fascinating for you.,ang
Ses01F_script03_2_M017, That reply has broken my heart.,xxx
Ses01F_script03_2_F016, Oh.  It's a woman's duty to allure the man.,ang
Ses01F_script03_2_M018," Well as a matter of fact, yes, that's perfectly true.",neu
Ses01F_script03_2_F017, No it isn't.,ang
Ses01F_script03_2_M019, Yes it is.,neu
Ses01F_script03_2_F018, You shut up.,ang
Ses01F_script03_2_M020," Oh really.  It's a pity you didn't have any brandy, it would have made you a little less disagreeable.",ang
Ses01F_script03_2_F019, It's funny it hasn't worked such wonders for you.,xxx
Ses01F_script03_2_M021," Snap, snap, snap.  You know you are like a little adder.",ang
Ses01F_script03_2_F020," Adders don't snap, they sting.",xxx
Ses01F_script03_2_M022, Nonsense.  They have a bag of venom behind their fangs and they snap. They snap.,ang
Ses01F_script03_2_F021, They sting. I don't care.  Do you understand?  I don't care if they bark and they roll about like hoops.,ang
Ses01F_script03_2_M023, Did you see much of Peter Burden after our divorce?,ang
Ses01F_script03_2_F022," Yes I did, quite a lot.",ang
Ses01F_script03_2_M024," And I suppose you let him kiss you a good deal more than, too. Yes.  I suppose you guys had a riotous time, huh?  All out, no restraint at all.  Well, you never really had much anyhow.",ang
Ses01F_script03_2_F023, Mind your own business.,ang
Ses01F_script03_2_F024," You're quite insufferable, I expect it's because you are drunk.",ang
Ses01F_script03_2_M025, I think I am not in the least bit drunk.,ang
Ses01F_script03_2_F025, You've always had a weak head.,ang
Ses01F_script03_2_M026, I think I mentioned once before that I've had three minute liquor glasses the whole evening long.  A child of two cannot get drunk on that.,ang
Ses01F_script03_2_F026," On the contrary, a child of two can get violently drunk on only one glass of brandy.",ang
Ses01F_script03_2_M027," That's very interesting Amanda. How about a child of four?  Or a child of six?  Or a child of nine? We can get a good little conversation going on about this, you know, intemperate tots.",ang
Ses01F_script03_2_F027, Oh shut up.,ang
Ses01F_script03_2_F028, Shut up.,ang
Ses01F_script03_2_F029," Not very funny, darling.  Why don't you have some more brandy.",ang
Ses01F_script03_2_M028, [LAUGHTER] That's a very good idea.  I think I will.,xxx
Ses01F_script03_2_M029," Look, you better turn that off. I don't want to wake up the people upstairs.",ang
Ses01F_script03_2_F030, Why?,neu
Ses01F_script03_2_F031, There are no people upstairs; it's a photographer's studio.,neu
Ses01F_script03_2_M030, Well then you'll wake up the people downstairs.,ang
Ses01F_script03_2_F032, They are away in Tunis.,neu
Ses01F_script03_2_M031, This is no time of year for Tunis.,neu
Ses01F_script03_2_F033," Turn it on again, please.",xxx
Ses01F_script03_2_M032, I will do no such thing.,ang
Ses01F_script03_2_F034, Fine if you insist on being boorish and idiotic.,ang
Ses01F_script03_2_M033," Will you turn that off, it's driving me mad.",ang
Ses01F_script03_2_F035," You are far too temperamental, try to control yourself.",ang
Ses01F_script03_2_M034, Turn it off.,ang
Ses01F_script03_2_F036," I won't.  Let go, let go of me. Listen, listen?  I'm sick and tired of listening to you, you sadistic bully.",ang
Ses01F_script03_2_M035," Amanda, listen, listen.",ang
Ses01F_script03_2_M036, Oh.  That's very amusing indeed.,ang
Ses01F_script03_2_F037," Oh shut up.  Let go.  I hate you, I hate you.  Do you hear?  You are a conceited and overbearing and utterly impossible.",ang
Ses01F_script03_2_M037," You are a vile, ill-tempered, loose living, wicked little beast and I never want to see you again as long as I live.",ang
Ses01F_script03_2_F038, This is the end.  Do you hear me?  Finally and forever.,ang
Ses01F_script03_2_M038, You're not going like this.,ang
Ses01F_script03_2_F039, Oh.  Yes I am.,ang
Ses01F_script03_2_M039, You're not.,ang
Ses01F_script03_2_F040," Yes I am.   Stop it. Stop it.  Let go of me. Oh.  You're a cruel fiend.  I loathe and I hate you. Marry you again?  Never, never, never. I hope you die in torment, you brute beast cad.",ang
Ses01F_script03_2_M040," Shut up. Shut up. God, I wouldn't marry you again if you came crawling back to me on a bended knee.  You are a vile, ill-tempered, mean little wench and I never want to see you again as long as I live.",ang
