Uid,Utterances,Labels
Ses01F_script02_1_M000," What time is it?  I think it's supposed to run around midnight, right?  God, this is great, isn't it, Carla?  Look at this night we got here, huh.",xxx
Ses01F_script02_1_M001," Actually I want to get a little further up the coast, get away from all like the lights and the people, but...  How are you doing?",xxx
Ses01F_script02_1_F000, Fine.,neu
Ses01F_script02_1_M002," Okay.  Is that, is that--",exc
Ses01F_script02_1_M003, No.  That's just foam.  I don't know.  I can't tell.,xxx
Ses01F_script02_1_F001, [BREATHING],fru
Ses01F_script02_1_M004," I don't know, probably if you can't tell, though, it's probably not them, right?  It's probably going to be like this unmistakable thing, right?",xxx
F, [Mumbles something],
Ses01F_script02_1_M005, Oh no.  you know what I forgot?,xxx
Ses01F_script02_1_F002, What?,xxx
Ses01F_script02_1_M006," My flashlight.  God, how could I be so stupid?  I can't believe I forgot my flashlight.",xxx
Ses01F_script02_1_F003, What flashlight?,sur
Ses01F_script02_1_M007," The flashlight, the silver one.  There's only one, isn't there?",neu
Ses01F_script02_1_F004, That's not your flashlight.,neu
Ses01F_script02_1_M008, Whose is it?,neu
Ses01F_script02_1_F005, It's ours; it's my flashlight too.,xxx
Ses01F_script02_1_M009," Oh...well. Yeah, of course.",neu
Ses01F_script02_1_F006, You keep saying my flashlight like it's just yours.,ang
Ses01F_script02_1_M010, No.,neu
Ses01F_script02_1_F007, How's that supposed to make me feel?,ang
Ses01F_script02_1_M011," Of course, our flashlight.  What's yours is mine.  Me flashlight es su flashlight.",neu
Ses01F_script02_1_M012," Naturally.  God, how could we not think to bring it?  I hope the moon stays out, though.",fru
Ses01F_script02_1_M013, Do they always run during a full moon?  I don't remember.  Was it full last year?,neu
Ses01F_script02_1_F008, Yeah.,neu
Ses01F_script02_1_M014," Huh.  Are you cold?  Do you want my jacket?  No?  you know, we should have brought the blanket?  Our blanket.",neu
Ses01F_script02_1_M015," Aw.  Do you know, I should have brought a six pack, too.  A six pack, that would be just the ticket right about now.  Huh?",neu
Ses01F_script02_1_M016," God, I'm so excited, I'm like a kid.  I can't believe I got out of the house with my fly zipped up.",exc
M, Uh oh. ,
Ses01F_script02_1_F009, [LAUGHTER],hap
Ses01F_script02_1_M017, I wonder if they can hear me talk or like feel the vibrations in the sand when we move around.,xxx
Ses01F_script02_1_F010, I'm cold.,sad
Ses01F_script02_1_M018, Do you want my jacket?,fru
Ses01F_script02_1_F011," It's after eleven, let's go.",xxx
Ses01F_script02_1_M019, What?  We just got here.  What's the point of coming all the way down here if we just turn around and go home?,xxx
Ses01F_script02_1_F012, There is no point.,xxx
Ses01F_script02_1_M020, Right.,neu
Ses01F_script02_1_F013, That's my point.,xxx
Ses01F_script02_1_M021," Wait, that's my point, too.",neu
Ses01F_script02_1_F014," Well, then let's go.",fru
Ses01F_script02_1_M022," No, no.  Okay.  That's not my point.  My point is there is no point in coming down here if we just turn around and go home.  Don't you want to see it?",fru
Ses01F_script02_1_F015, Not particularly.,neu
Ses01F_script02_1_M023, Why not?,neu
Ses01F_script02_1_F016, I just don't.  It's stupid.,xxx
Ses01F_script02_1_M024," Honey, this is like a natural phenomenon. I mean... People in Kansas would have to get plane reservations and get hotel rooms to see this.  It's just forty minutes away for us; it's too good to pass up.",neu
Ses01F_script02_1_F017," Pass what up?  I mean these fish swim out of the ocean, they flop around on the beach, they swim away and then they die.",fru
Ses01F_script02_1_M025, Yeah.  But this..this moment on the beach is like the highlight of their little lives.  All that flopping around is laying eggs or what to do - spawning or mating or whatever.,neu
Ses01F_script02_1_M026, This is a big night for these little guys.  It's like life's last orgy.,neu
Ses01F_script02_1_F018, I don't see why you're so excited; this isn't a freaking moon landing we are talking about.  It's fish.  It's a fish nobody even eats.,xxx
Ses01F_script02_1_M027, Yeah they do.,fru
Ses01F_script02_1_F019, Oh Augie,fru
Ses01F_script02_1_M028," okay... well, Whatever.  But it's a fish who do something no other fish do.  It's like those swallows returning to Capistrano or like those lemmings that throw themselves off the cliffs.",xxx
Ses01F_script02_1_M029," There's like mystery here, there's magic.  It's like a little bit of the unexplainable.  I just can't see how you're not interested.",neu
Ses01F_script02_1_F020, I'm just not.,xxx
Ses01F_script02_1_M030, For real?,sur
Ses01F_script02_1_F021, Yeah.,fru
Ses01F_script02_1_M031," God, I don't get it.  you know the first time we came here, you said it was the best night of your life?",neu
Ses01F_script02_1_M032," And last year, I remember distinctly you said, you were so excited to get here that you don't remember you stubbed your toe until we were in the car.",neu
Ses01F_script02_1_F022," Last time, you'll also remember, we got our shoes wet, I got sand in my panties, you got a sore throat and we got into a big fight and we did not see the grunions.",xxx
Ses01F_script02_1_M033, Ahh...we weren't in a good spot.,neu
Ses01F_script02_1_F023, Hmm.  We didn't see them the year before either.,fru
Ses01F_script02_1_M034," We just weren't in a good spot.  I'm telling you, this is a much better spot.  I have instincts for these things.",neu
F, [Mumbles] Oh yeah.,
Ses01F_script02_1_M035," Look there, see?  What's that?  No, that's - that's just seaweed.",exc
Ses01F_script02_1_M036," God, this is great.  Think about this.  I know you are not interested, but just think about this.",hap
Ses01F_script02_1_M037," Right now out there, there is this mass of silver fish and it's heading this way.  No one sent them an invitation, no one told them, no one even gave them a map.",xxx
Ses01F_script02_1_M038," Just all at once, they turned and they formed this line as long as the California coast.  And some instinctual little firecracker went off in their bodies and they all just turned as one and started swimming.",exc
Ses01F_script02_1_M039, They are swimming right now.  They are swimming as if that is the only thing that matters to them.,xxx
Ses01F_script02_1_M040, It's single mindedness with no mind.  It is urgency that is just pure urge.,exc
Ses01F_script02_1_M041, And they are swimming right now to this very point where we stand for this huge celebration of sex and death.,xxx
Ses01F_script02_1_M042," Oh look.  I'm giving myself goose bumps, my hairs are standing up on my arm.",xxx
Ses01F_script02_1_F024, That's the wind.,neu
Ses01F_script02_1_M043, So what do you think?,hap
Ses01F_script02_1_F025, About what?,neu
Ses01F_script02_1_M044," About all of that, about all I was talking about.",hap
