Uid,Utterances,Labels
Ses01M_impro02_M000," Hey, Joy come in here.",neu
Ses01M_impro02_F000, What's happening?,neu
Ses01M_impro02_M001, I have to go back.,sad
Ses01M_impro02_M002, I just got a letter I have to go back.,sad
Ses01M_impro02_F001, When?,xxx
Ses01M_impro02_M003, First thing tomorrow morning.,sad
Ses01M_impro02_F002, Are you kidding me?,sur
Ses01M_impro02_F003, How...,fru
Ses01M_impro02_M004," I don't understand, I don't underst--",xxx
Ses01M_impro02_F004, How can they do that?,fru
Ses01M_impro02_M005, They can do it.,xxx
Ses01M_impro02_F005, They said you're home for at least four years.,fru
Ses01M_impro02_M006," I guess they can do it,",fru
Ses01M_impro02_M007," The National Guard is I guess really spread thin and then everyone has to go.  We all have to go back, my whole companies going back.",sad
Ses01M_impro02_F006, [BREATHING],fru
Ses01M_impro02_F007, That's not fair.,fru
Ses01M_impro02_M008, I can't believe it. I just got back.,xxx
Ses01M_impro02_M009," So yeah, we leave tomorrow...",sad
Ses01M_impro02_F008, [BREATHING],fru
Ses01M_impro02_M010, ...we're all shipping out.,sad
Ses01M_impro02_M011, I just got I feel like I'm in shock actually.,sad
Ses01M_impro02_F009, I don't even know what to tell you.,sad
Ses01M_impro02_M012, I don't know.,sad
Ses01M_impro02_F010, What about the birthday party?,sad
Ses01M_impro02_M013, I guess you're just going to have to have it without me.,sad
Ses01M_impro02_M014," Hey listen, it's going to be okay though, all right?",sad
Ses01M_impro02_M015, You're going to be fine.,sad
Ses01M_impro02_F011, Me?  I'm not worried about me.,xxx
Ses01M_impro02_M016," I'm going to be fine too, okay?",sad
Ses01M_impro02_F012, How do you know?,xxx
Ses01M_impro02_M017, I know I have a good... I have a really good group of guys with me.,sad
Ses01M_impro02_M018, We're going to be okay.,sad
Ses01M_impro02_F013, You're going with the same ones?,sad
Ses01M_impro02_M019, Do promise me you're going to take a lot of pictures.,sad
Ses01M_impro02_F014," Always, I always do.",xxx
Ses01M_impro02_M020, I know.,sad
Ses01M_impro02_F015, It's not the same though.,sad
Ses01M_impro02_M021, I just wish there was something I could do.,sad
Ses01M_impro02_F016, We could hide away.,xxx
Ses01M_impro02_M022, Run away?,sad
Ses01M_impro02_F017, Mm hmm.  We'll build a bunker and never come out.,sad
Ses01M_impro02_M023," I really don't want to go, I don't want to go...",sad
Ses01M_impro02_F018, [LAUGHTER] Mmm.,xxx
Ses01M_impro02_M024, I'm scared.,xxx
Ses01M_impro02_F019, Don't say that.,sad
Ses01M_impro02_F020, I'll send you a letter every single day.,xxx
Ses01M_impro02_M025, I love you.,sad
Ses01M_impro02_F021, I love you too.,xxx
