Uid,Utterances,Labels
Ses01M_script03_1_M000, Good God.,fea
Ses01M_script03_1_F000, Do you think it's them?,xxx
Ses01M_script03_1_M001, I wonder.,fea
Ses01M_script03_1_F001, Freda is the only one who knows we are here. She wouldn't ring up.,fea
Ses01M_script03_1_M002, Must be them then.,xxx
Ses01M_script03_1_F002, What we're going to do?,fea
Ses01M_script03_1_M003," We're okay, right darling?  Whatever happens, we're okay?",fea
Ses01M_script03_1_F003, Now and always sweet.,hap
Ses01M_script03_1_M004, I don't care then.,hap
Ses01M_script03_1_F004, It had to happen sooner or later.,hap
Ses01M_script03_1_M005, Yes... Hello?  Hello?  I'm sorry what's that?,xxx
Ses01M_script03_1_M006," No, it's a wrong number.",xxx
Ses01M_script03_1_F005," Oh, oh, that sent shivers on my spine.",xxx
Ses01M_script03_1_M007, [BREATHING] [LAUGHTER],xxx
Ses01M_script03_1_F006, Oh...,xxx
Ses01M_script03_1_M008, [BREATHING],xxx
Ses01M_script03_1_F007, [BREATHING],exc
Ses01M_script03_1_M009, What shall we do if they suddenly walk in on us?,xxx
Ses01M_script03_1_F008, Oh. Behave exquisitely...,hap
Ses01M_script03_1_M010, With perfect poise...,hap
Ses01M_script03_1_F009, [LAUGHTER] I think I shall do a court curtsey.,hap
Ses01M_script03_1_M011, Ah...,hap
Ses01M_script03_1_F010, [LAUGHTER],hap
Ses01M_script03_1_M012, Ah...Strange...,hap
Ses01M_script03_1_F011, Mmm...,hap
Ses01M_script03_1_M013," Things that just ought to matter dreadfully, you know they just don't matter at all when one is happy, do they?",hap
Ses01M_script03_1_F012, The pity is that one can't stay happy.,xxx
Ses01M_script03_1_M014," Darling, don't say that.",sad
Ses01M_script03_1_F013, It's true.  I think the whole things a very poor joke.,xxx
Ses01M_script03_1_M015," What, this sacred and beautiful thing, love?",xxx
Ses01M_script03_1_F014," Oh, yes meaning just that.",hap
Ses01M_script03_1_M016," Oh, dear god what is that all mean, dear god?",hap
Ses01M_script03_1_F015, [LAUGHTER] Don't laugh at me I'm being serious.,hap
Ses01M_script03_1_M017," You mustn't be so serious, darling, it just what they want.",hap
Ses01M_script03_1_F016, Oh whose they?,xxx
Ses01M_script03_1_M018," Oh you know all those superficial philosophers. We must laugh at them, be flippant.",xxx
Ses01M_script03_1_M019, Flippancy brings out the acid in their darn sweetness and light.,hap
Ses01M_script03_1_F017," Mmhmm If I must laugh at everything, I must laugh at us too.",hap
Ses01M_script03_1_M020, Oh yes.  .,xxx
Ses01M_script03_1_F018," How long will it last, this ludicrous, overbearing love of ours?",hap
Ses01M_script03_1_M021, We are figures of fun all right,hap
M, Mmhmm...,
Ses01M_script03_1_M022, Ahh...who knows.,hap
Ses01M_script03_1_F019, Shall we always want to bicker and fight?,hap
Ses01M_script03_1_M023," No, that will fade...Along with our passion...",xxx
Ses01M_script03_1_F020," Oh, will we like that?",xxx
Ses01M_script03_1_M024, Well it depends on how well we've played.,xxx
Ses01M_script03_1_F021, If one of us dies...,hap
F, Hmm...,
Ses01M_script03_1_F022, does the one that's left still laugh?,xxx
Ses01M_script03_1_M025," Yes, yes with the all his might.",xxx
Ses01M_script03_1_F023," Well, that's serious enough isn't it?",xxx
Ses01M_script03_1_M026," No, no, no, no death is very laughable it's a cunning little mystery, you know.  It's all done with mirrors.",xxx
Ses01M_script03_1_F024, I think you're talking nonsense.,hap
Ses01M_script03_1_M027," Ah so is everyone in the long run, huh?",xxx
Ses01M_script03_1_F025, Hmm.,xxx
Ses01M_script03_1_M028," Let's pity the poor philosophers, huh?  Let's enjoy the party for as long as we can, okay?  Let's blow trumpets and squeakers and sit like small idiotic school children. [LAUGHTER]",exc
Ses01M_script03_1_F026, Ah.,xxx
Ses01M_script03_1_M029," Come here darling, kiss me",exc
Ses01M_script03_1_F027," Oh, Elliot.  Worms don't pop.",xxx
Ses01M_script03_1_M030, before your body rots and worms pop out of your eye sockets.,hap
M, [LAUGHTER] Ahh...,
Ses01M_script03_1_M031," See, you know I don't care what you do.  You could paint yourself green and run naked to the Place Vendome.",hap
Ses01M_script03_1_F028," Oh, thank you darling.",xxx
Ses01M_script03_1_M032, You could run off with all the men in a world. I won't say a word.  Just as long as you love me best.,xxx
M, Ahh...,
Ses01M_script03_1_F029," The same applies to you too, except you so much as look at another women I'll kill you.",xxx
Ses01M_script03_1_M033, Do you remember that row we did have in Venice?,hap
Ses01M_script03_1_F030, Which particular one?,hap
Ses01M_script03_1_M034, The one when you put that little wooden painted snake in my bed?,xxx
Ses01M_script03_1_F031," Oh, Charles.  That was his name Charles. He did wriggle so beautifully.",exc
Ses01M_script03_1_M035, It was a horrible thing I hated it.,xxx
Ses01M_script03_1_F032," Oh I know you threw it out the window and into the Grand Canal.  Oh, I'll never forgive you for that.",xxx
Ses01M_script03_1_M036, Of course how long did that row last?,xxx
Ses01M_script03_1_F033, It went on intermittently for days.,xxx
Ses01M_script03_1_M037, But you know it wasn't as bad as the one we had in Cannes...mmhmm...where your curling irons burnt a hole in my dressing gown.,exc
Ses01M_script03_1_F034, Cannes...mmhmm...,hap
Ses01M_script03_1_F035, Oh it burnt my comb too and all those towels in the bathroom.,xxx
Ses01M_script03_1_M038, Oh that was a rouser wasn't it?,xxx
Ses01M_script03_1_F036, The manager came in he found us rolling about the floor.  [LAUGHTER],hap
Ses01M_script03_1_M039, I will never forget the look on his face.,hap
Ses01M_script03_1_F037, Scratching and biting like panthers. [LAUGHTER] Oh...,hap
Ses01M_script03_1_M040, oh...,hap
Ses01M_script03_1_F038," Utterly, utterly ridiculous.",hap
Ses01M_script03_1_F039, oh...[LAUGHTER],hap
Ses01M_script03_1_M041, We were very much younger then.,hap
Ses01M_script03_1_F040, Very much sillier.,hap
Ses01M_script03_1_M042," However, I do believe the real cause of that row was Peter Burden.",xxx
Ses01M_script03_1_F041, Oh you knew there was nothing in that.,exc
