Uid,Utterances,Labels
Ses01F_impro04_M000," Have you tried, uh, Craig's List?",neu
Ses01F_impro04_F000," Uh, what?  Craig's List?  Oh the internet thing?",neu
Ses01F_impro04_M001, Yeah.,neu
Ses01F_impro04_F001, I don't know.  Isn't that-- that's all like escort services and things like that.,neu
Ses01F_impro04_M002, No.  There's regular jobs on there.,neu
Ses01F_impro04_F002," I don't know.  I mean I've been looking for so long that I just figured that--  I mean, I think things like Monster are a lot more reliable than just some random free board.",fru
Ses01F_impro04_M003, Uh huh.,neu
Ses01F_impro04_M004, I'm just saying I have a friend that got a good job on it so I was just recommending it.,neu
Ses01F_impro04_F003, What kind of a job?,xxx
Ses01F_impro04_M005, He's like a manager for a theatre.,neu
Ses01F_impro04_F004, Really?,xxx
Ses01F_impro04_M006, He's like a house manager. Yeah.  It's a good job.,neu
Ses01F_impro04_F005, He just...,neu
Ses01F_impro04_F006, you know what?  I heard about that job.  I applied for that.,neu
Ses01F_impro04_M007, You did?,neu
Ses01F_impro04_F007, Yeah.  I saw a posting at the theatre.,fru
Ses01F_impro04_M008, Yeah.,neu
M, Hmm.,
Ses01F_impro04_F008, He got it?,xxx
Ses01F_impro04_M009, You've been looking for a job for a long time; that was a long time ago.  Right?,neu
Ses01F_impro04_F009, Yeah.,neu
Ses01F_impro04_M010, Hmm.,neu
Ses01F_impro04_F010, What did he do?  What was so great?  I don't understand why they would pick him over me.,xxx
Ses01F_impro04_M011, I don't know.  He had a really good resume I guess and--,neu
Ses01F_impro04_F011, A resume?,xxx
Ses01F_impro04_M012, Yeah.  Do you have a resume?,neu
Ses01F_impro04_F012, No.,xxx
Ses01F_impro04_M013, It's kind of helpful when getting a job.,neu
Ses01F_impro04_F013, I just- I mean I call people up and I tell them what I'm good at.,neu
Ses01F_impro04_M014, Well maybe we should sit down some time and you can just tell me all the stuff that you have done and I'll write it out.,neu
Ses01F_impro04_F014, Yeah.,neu
Ses01F_impro04_F015, I don't like- I don't like sending things in the mail.  I don't want my information out there.,xxx
Ses01F_impro04_M015," No.  You can- or you can just bring it in person.  But they need, generally, something to see, you know, what kind of what that you've done, what kind of--",neu
Ses01F_impro04_F016, I'm there in front of them.  I'm telling them what I'm good at.,fru
Ses01F_impro04_M016," Yeah.  But the piece of paper helps, too.",neu
Ses01F_impro04_F017, Why?  It's a piece of paper.,fru
Ses01F_impro04_M017," No.  But it has an outline, you know.",neu
Ses01F_impro04_F018," I just don't want this paper trail, you know.  I just don't want things following me around, like-.",fru
Ses01F_impro04_M018," I know.  Okay.  Well, um. Maybe--",neu
Ses01F_impro04_F019," It's just-- You know, I've had this problem before.  You're not the first person to tell me that I need a resume but...",fru
Ses01F_impro04_M019, Yeah.,neu
Ses01F_impro04_M020," Okay, yeah.  I would imagine.",neu
Ses01F_impro04_F020, ..I just-..I just think it's kind of prejudiced and they are really discriminating against people who just aren't that way.,xxx
Ses01F_impro04_M021," Well, sometimes you have to do things that you don't necessarily like to do to have a job. But the job affords you money, you won't have to be taking the bus right now.",neu
Ses01F_impro04_F021," That's baloney, that's baloney.",fru
Ses01F_impro04_F022, Please.,fru
Ses01F_impro04_M022, maybe get a car.,neu
Ses01F_impro04_M023," I just, you know, think you should try a little harder maybe.",neu
Ses01F_impro04_F023, you think that you're better than me because I don't have a car?,fru
Ses01F_impro04_M024, I didn't say that.,neu
Ses01F_impro04_F024," You know, you're riding the bus, too.",fru
Ses01F_impro04_M025," I am riding the bus, but by choice.",neu
Ses01F_impro04_F025, Why?  What choice?,fru
Ses01F_impro04_M026," To save the environment, carpool.",neu
Ses01F_impro04_F026, You're saving the environment. mmhmm,fru
Ses01F_impro04_M027, Yes.  One less car at a time.,neu
Ses01F_impro04_F027, Interesting.  That's fantastic.,fru
Ses01F_impro04_M028, Mmhmm.,neu
Ses01F_impro04_M029," You know, you don't have to take out your frustration on me, you know, just because...",fru
Ses01F_impro04_F028, I'm not frustrated.,ang
Ses01F_impro04_M030, ...you can't get a job and refuse to have a resume.,fru
Ses01F_impro04_F029, Who do you think you are?,ang
Ses01F_impro04_M031, I don't think I'm anyone.,neu
Ses01F_impro04_F030, You are so high and mighty.  I just--,ang
Ses01F_impro04_M032, I- I-I didn't-- okay.,neu
Ses01F_impro04_F031, Oh.  I'm saving the environment. I'm riding this car because I- I want to.,ang
Ses01F_impro04_M033, What?  No.,xxx
Ses01F_impro04_M034, What? Oh.  So now you're...,fru
Ses01F_impro04_F032," The bus, I'm riding the bus because I want to.",ang
Ses01F_impro04_M035, you know what?  You don't have to take your anger and your hurt out on me.,fru
Ses01F_impro04_F033, I can not-- you are not here by choice.  Nobody would ride this bus by choice.,ang
Ses01F_impro04_M036, Why not?,xxx
