Uid,Utterances,Labels
Ses01M_script03_2_M000, [LAUGHTER],xxx
Ses01M_script03_2_F000," [LAUGHTER] Utterly, utterly ridiculous.",xxx
Ses01M_script03_2_M001, We were very much younger then.,xxx
Ses01M_script03_2_F001, Very much sillier.,xxx
Ses01M_script03_2_M002, Mmhmm.,xxx
Ses01M_script03_2_M003," However, I do believe the real cause of that row was Peter Burden.",xxx
Ses01M_script03_2_F002, Oh you knew there was nothing in that.,xxx
Ses01M_script03_2_M004, I knew nothing of the sort. You took presents from him.,xxx
Ses01M_script03_2_F003, Presents? It was a trivial little broach.,sur
Ses01M_script03_2_M005, It was bristling with diamonds in the worst possible taste.,xxx
Ses01M_script03_2_F004, Not at all. It was very pretty. I still wear it often.,xxx
Ses01M_script03_2_M006, You sent out of your way to torture me over Peter Burden.,xxx
Ses01M_script03_2_F005, I did not you worked whole thing up in your jealous imagination.,xxx
Ses01M_script03_2_M007," Well, you let him kiss you.  You said you did.",xxx
Ses01M_script03_2_F006," Well, what of it?",neu
Ses01M_script03_2_M008, What of it?,xxx
Ses01M_script03_2_F007," It gave him a lot, a great deal of pleasure and it didn't hurt me.",xxx
Ses01M_script03_2_M009, And what about me?,xxx
Ses01M_script03_2_F008, If you hadn't been so suspicious and nosey you'd never known a thing about it.,xxx
Ses01M_script03_2_M010, That's a nice point of view I must say.,xxx
Ses01M_script03_2_F009, I'm bored with this conversation.,xxx
Ses01M_script03_2_M011, So am I.  I'm bored stiff.  You want some brandy?,xxx
Ses01M_script03_2_F010," No, thank you.",neu
Ses01M_script03_2_M012," I'll have a little, I think.",neu
Ses01M_script03_2_F011, I don't see why you want any you already had two glasses.,ang
Ses01M_script03_2_M013," Oh, you know no particular reason besides they are very small glasses.",neu
Ses01M_script03_2_F012, I just think it's silly you know to go on and on and on about such a thing.,xxx
Ses01M_script03_2_M014, You can hardly call three glasses of liquor in a whole evening going on and on and on.,xxx
Ses01M_script03_2_F013," I just, I just think it's becoming a habit with you.",xxx
Ses01M_script03_2_M015," Hmm.  Well, you needn't be so grand just because you don't happen to want any at the moment, okay?",xxx
Ses01M_script03_2_F014, Do be quiet.,xxx
Ses01M_script03_2_M016," Really, Amanda.",fru
Ses01M_script03_2_F015," Don't be stupid, what?",ang
Ses01M_script03_2_M017, Nothing.,fru
Ses01M_script03_2_M018, Are you going out somewhere dear?,neu
Ses01M_script03_2_F016," No, darling I'm just making myself fascinating for you.",xxx
Ses01M_script03_2_M019, That reply has broken my heart.,xxx
Ses01M_script03_2_F017, Well it's a woman's duty to allure the man. Watch me a minute will you?,ang
Ses01M_script03_2_M020, As matter the fact that's perfectly true.,xxx
Ses01M_script03_2_F018," Oh no, it isn't.",xxx
Ses01M_script03_2_M021," Yes, it is.",xxx
Ses01M_script03_2_F019," Don't be stupid, shut up.",xxx
Ses01M_script03_2_M022," You know, it's a pity you didn't have any more brandy. It would have made you just a little less disagreeable.",ang
Ses01M_script03_2_F020," Oh, well that's funny.  It doesn't seem to have worked such wonders with you.",xxx
Ses01M_script03_2_M023," You know what?  You snap, you snap, you snap you're like a little adder.",ang
Ses01M_script03_2_F021," Adders don't snap, they sting.",xxx
Ses01M_script03_2_M024, Nonsense.  They have a bag of venom behind of fangs and they snap.,ang
Ses01M_script03_2_F022, They sting.,ang
M, They snap.,
Ses01M_script03_2_F023," I don't care.  I don't care, do you understand?  I don't mind if they bark and they roll about like hoops.",ang
Ses01M_script03_2_M025, Did you see much of Peter Burden after our divorce?,ang
Ses01M_script03_2_F024," Yes, I did quite a lot.",ang
Ses01M_script03_2_M026, I suppose you let him just kiss you or good deal more than too.,ang
Ses01M_script03_2_F025," Oh, mind you own business.",ang
Ses01M_script03_2_M027," I suppose you two had a riotous time, huh?  No restrain at all, very enjoyable, he never had much any how.",ang
Ses01M_script03_2_F026," You're quite insufferable, I expect it's because you're drunk.",ang
Ses01M_script03_2_M028, I am not in the least bit drunk.,ang
Ses01M_script03_2_F027, You always had a weak head.,ang
Ses01M_script03_2_M029, I think I told you once before that I had three minute liquor glasses the whole evening long.  A Child of two cannot get drunk on that.,ang
Ses01M_script03_2_F028," On the contrary, a child two could get violently drunk on only one glass of brandy.",ang
Ses01M_script03_2_M030," Oh very, very interesting Amanda.  How about the child of uh... four, six or maybe nine---you know, we could work up a splendid little debate about it, you know?  Intemperate tots.",ang
Ses01M_script03_2_F029, Shut up.,ang
Ses01M_script03_2_F030, Not very funny darling.  Why don't you have some more brandy?,ang
Ses01M_script03_2_M031, That's a very good idea I think I will.,ang
Ses01M_script03_2_M032, Would you uh...turn that off please? You're going to wake the people upstairs.,ang
Ses01M_script03_2_F031, Why?,ang
Ses01M_script03_2_F032, There are no people upstairs. It's a photographer's studio.,xxx
Ses01M_script03_2_M033, Well then you'll wake the people downstairs.,ang
Ses01M_script03_2_F033, They are away in Tunis.,ang
Ses01M_script03_2_M034, This is no time a year for Tunis.,ang
Ses01M_script03_2_F034," Turn it on again, please.",ang
Ses01M_script03_2_M035, I will do no such thing.,ang
Ses01M_script03_2_F035, Very well if you insist on being boorish and idiotic.,ang
Ses01M_script03_2_M036, Turn it off. It's driving me mad.,ang
Ses01M_script03_2_F036, I won't.,ang
Ses01M_script03_2_M037, Turn it off.,ang
Ses01M_script03_2_F037, Stop it. No. Go away.,ang
Ses01M_script03_2_M038, Amanda listen. Listen.,ang
Ses01M_script03_2_F038," listen Oh I'm sick and tired of listening to you, you damn sadistic bully.",ang
Ses01M_script03_2_M039, That's very amusing indeed.,ang
Ses01M_script03_2_F039," Oh you're cruel you're...you're...I hate you, I hate you. Go away. You're conceited. You're overbearing. You're utterly impossible.",ang
Ses01M_script03_2_M040," You...You're an evil minded, self-centered little wench and I never want to see you again.",ang
Ses01M_script03_2_F040, This is the end do you hear me?  Finally and forever.,ang
Ses01M_script03_2_M041, You're not going like this.,ang
Ses01M_script03_2_F041," Oh yes I am...Oh yes I am. Let go of me. You let go. You...urgh...You're a cruel friend. I loathe and I hate you. Marry you again...Ha...Never, never, never, never. I hope you die in torment. You beast.",ang
Ses01M_script03_2_M042, No you're not.,ang
Ses01M_script03_2_M043, Shut up. Shut up. I wouldn't marry you again if you came crawling back to me on a bended knee. You are an evil tempered little vampire and I never want to see you again as long as I live.,ang
