Uid,Utterances,Labels
Ses01M_script02_2_M000, They're out there swimming right now...,xxx
Ses01M_script02_2_M001, ...to this spot for this massive celebration of like sex and death...,exc
Ses01M_script02_2_M002," Look at this, my hairs are standing up my arm. I'm giving myself goose bumps.",exc
Ses01M_script02_2_F000, That's the wind.,neu
Ses01M_script02_2_M003," Well, so?  What do you think?",exc
Ses01M_script02_2_F001, About what?,xxx
Ses01M_script02_2_M004, About what I was saying.,xxx
Ses01M_script02_2_F002, I think it's ridiculous.,fru
Ses01M_script02_2_M005, It certainly is not.  It's like slightly exaggerated scientific fact.,xxx
Ses01M_script02_2_F003, It's a PR.,fru
Ses01M_script02_2_F004, Somebody sold you a bill of goods that something amazing is going to happen on the beach.,xxx
Ses01M_script02_2_M006," It's not just me, okay?  Look at like all the people.",fru
Ses01M_script02_2_F005, They're all told the same thing.,fru
Ses01M_script02_2_F006," Everybody is believes that it keeps them excited, you know it keeps them coming back for more.",fru
Ses01M_script02_2_F007," Everybody keeps thinking that they can just find the right spot, you know they'll get it on the action.",fru
Ses01M_script02_2_F008, Their life will start then.,fru
Ses01M_script02_2_M007, Are we talking about the same thing?,xxx
Ses01M_script02_2_F009, I'm sorry it still just fish to me.,fru
Ses01M_script02_2_M008, Can I ask you a question?  Are you on your period?,neu
Ses01M_script02_2_F010," Why do you ask me that?  God damn it, I told you not to ask me that I hate it when you ask me that. It's insulting.",ang
Ses01M_script02_2_M009," Okay, well then what's bugging you?",xxx
Ses01M_script02_2_F011," I just, we just have different ideas of what this evening is supposed to look like.",ang
Ses01M_script02_2_M010," Is not supposed to like anything.  We come down here, we look at the fish, they arrive, we go woo-ah fish.",fru
Ses01M_script02_2_F012," Oh. Grow up Augie, the fish are not going to come.",fru
Ses01M_script02_2_M011, And then we go home and they go home.,xxx
Ses01M_script02_2_M012, Why not?,fru
Ses01M_script02_2_F013," Because they never do.  Do they, have they ever?",ang
Ses01M_script02_2_M013, We missed them twice.,neu
Ses01M_script02_2_F014, Twice is every year we've tried that's ever.,ang
Ses01M_script02_2_M014," Okay we'll see them this year, this is a much better spot. Trust me.",fru
Ses01M_script02_2_F015, No we won't.  It's pointless it's like a waiting up to see Santa Claus.,ang
Ses01M_script02_2_F016," I feel like my whole life is going to be spent here on the beach with my eyes wide open and my hands clasped expectantly, waiting for fish to show up and the fish never show.",ang
Ses01M_script02_2_M015," Okay, I'm trying to work this backwards",fru
Ses01M_script02_2_F017, You don't understand anything I'm saying.,fru
Ses01M_script02_2_M016, and figure out where we took a turn to the worst thing.,fru
Ses01M_script02_2_M017, Of course not.,fru
Ses01M_script02_2_F018," I did want to see it I still do, I always do.  I keep thinking that this time will be the time but it just never is.",xxx
Ses01M_script02_2_M018," Okay.  I'm trying to work this backwards here and I'm trying to figure out the exact moment that you took a turn for the worst here, now.",fru
Ses01M_script02_2_M019," you were fine during the phone call from Marge, dinner was okay, doing the dishes was fine.",neu
Ses01M_script02_2_M020," Let's see, uh, I took a shower and, um, you were watching the news and you said the ""the Grunions are running tonight,"" and I said ""okay great, let's go.""",neu
Ses01M_script02_2_M021, So I'm putting the animals out we're getting the car to the garage and--,neu
Ses01M_script02_2_F019, Do you remember the first year we came here? It's about four years ago right after we got married.,neu
Ses01M_script02_2_F020, We thought I was pregnant we had this bottle of champagne but no glasses.  You asked me to dance so we took off our shoes.,xxx
Ses01M_script02_2_F021," While we were dancing you said the softest most intimate things to me, right into my ears so I could feel them much as hear them.",xxx
Ses01M_script02_2_F022," And I remember thinking this is it. finally, finally I'm as happy as I'm supposed to be.",sad
Ses01M_script02_2_M022," Wait a minute, I've got it.",neu
Ses01M_script02_2_F023," Dancing on the beach barefoot, drinking champagne from the bottle.",xxx
Ses01M_script02_2_M023," It was when we were driving passed that knickerbocker liquor locker and you would said, no you said ""let's get some champagne"" and I said ""no time to wasting"" or something like that.  That's what it is, right?",neu
Ses01M_script02_2_M024," You want this to be like the other times, right?",xxx
Ses01M_script02_2_F024, I'd rather not remember some things.  I'd rather not hope for some things.,sad
Ses01M_script02_2_M025," Oh right sure, of course.",neu
Ses01M_script02_2_M026, Do you want to dance?,xxx
Ses01M_script02_2_F025, No.,sad
Ses01M_script02_2_M027, You want me to go get some champagne?,neu
Ses01M_script02_2_F026, No.,sad
Ses01M_script02_2_M028, Do you want to take off our shoes?,neu
Ses01M_script02_2_F027, No.,xxx
Ses01M_script02_2_M029, What? Huh?,neu
Ses01M_script02_2_M030, You want to get married again?,neu
Ses01M_script02_2_M031, What?  What?  You want to divorce?,fru
Ses01M_script02_2_F028, No.,fru
Ses01M_script02_2_M032, A vacation?,fru
Ses01M_script02_2_F029, No.,fru
Ses01M_script02_2_M033," A new carpet, a poodle, a suicide pact, ice cream, a back rub, what?  What?  What the hell do you want?",ang
Ses01M_script02_2_F030, I want something to turn out the way that it's supposed to.,ang
Ses01M_script02_2_M034," Well, welcome to the human race.",fru
Ses01M_script02_2_M035, You think nothing turns out how it's supposed to.  You think I had some grand idea going that four years down the line.  We would come to this beach and argue over fish?  No.,ang
Ses01M_script02_2_M036," You think there would be times when you'd look at me like I was used Kleenex and then I'd look at you and think ""Holy hell when is the next flight to Alaska.""",xxx
Ses01M_script02_2_M037," No, no I'm just like you, I thought it was going to be all rosy cheeks and the bills would pay themselves and fish will always come and--",sad
Ses01M_script02_2_M038, No.  You know what you get?  You know what you get?  You get this.,sad
Ses01M_script02_2_F031, This what?  What is this?  This isn't even anything.,ang
Ses01M_script02_2_M039," Yeah, it is.",neu
Ses01M_script02_2_F032," Oh, sure this is standing on the beach, this is waiting, fighting.",ang
Ses01M_script02_2_M040, Right.,neu
Ses01M_script02_2_F033, This isn't anything like I thought anything would be.,sad
Ses01M_script02_2_M041, I know me neither.,sad
Ses01M_script02_2_F034, This is just this.  I mean it includes a lot and everything but it's--do you understand what I'm saying?,sad
Ses01M_script02_2_M042, I'm doing the best I can.,sad
Ses01M_script02_2_F035," I know that Augie, I really do.",sad
Ses01M_script02_2_F036," I just can't help wishing that I was somebody, somewhere else.",sad
Ses01M_script02_2_M043, Maybe if you were with somebody else too?,sad
Ses01M_script02_2_F037, I didn't say that.,sad
Ses01M_script02_2_M044," No, I know but--I know I don't make you happy.",sad
Ses01M_script02_2_F038, Are you kidding me?  For heaven sake Augie anything I'm doing I'd rather be doing it with you.,sur
Ses01M_script02_2_M045, Yeah?,sad
Ses01M_script02_2_F039," Yes, don't be ridiculous.  Don't you know that?",sur
Ses01M_script02_2_F040," You are the one who probably wishes he was with somebody else, someone who didn't take everything so seriously, someone who would enjoy yourself.",sad
Ses01M_script02_2_M046," Actually, you know what?  Now you mentioned that--no I don't.",xxx
Ses01M_script02_2_F041, So maybe we're in the wrong spot.  But we're with the right person.,xxx
Ses01M_script02_2_M047," I don't know, just seemed like such a good spot to me.",xxx
Ses01M_script02_2_M048, We do have really good view of the moon from here though.,xxx
Ses01M_script02_2_F042, Oh I saw that.  Pretty isn't it. Big ol' white moon.,xxx
Ses01M_script02_2_M049, Look what we got here.,hap
Ses01M_script02_2_F043," Augie, you brought refreshments.",xxx
Ses01M_script02_2_M050, It's not champagne.,neu
Ses01M_script02_2_F044, I guess we don't need glasses.,hap
Ses01M_script02_2_M051," Are you cold, huh?  Do you want to go home?",neu
Ses01M_script02_2_F045, I'm beginning to think you might be right.  I think this might be the spot after all.,hap
Ses01M_script02_2_F046," Augie, I'm sorry.",sad
Ses01M_script02_2_M052, Shh...,hap
Ses01M_script02_2_M053," If we are really quiet, the fish might come.",hap
Ses01M_script02_2_F047, Or not.,neu
Ses01M_script02_2_M054, Or not.,neu
