Uid,Utterances,Labels
Ses01M_impro07_M000, Check this out.  You know how I've told you I've been really into like softball recently?,exc
Ses01M_impro07_F000, Yeah.,neu
Ses01M_impro07_M001," Well, this is totally random, I got this full ride scholarship to go to U.S.C next year to play softball.",exc
Ses01M_impro07_F001, [LAUGHTER]. For softball? That's unbelievable. Is it slow pitch?,exc
Ses01M_impro07_M002, For softball.  They're going to pay me to go to school. Isn't that awesome?,exc
Ses01M_impro07_M003," Yeah.  Well, I don't--well yeah I can pitch, I'm not like the pitcher though. I'm like the pinch hitter guy I mostly just hit.  But I guess I'm going to have to... Yeah, and then I play shortstop too but... It's so ex- The good news is I get to stay here.",exc
Ses01M_impro07_F002, Uh huh.,xxx
Ses01M_impro07_F003, Pinch hitting softball.,exc
Ses01M_impro07_F004, That is incredible.,exc
Ses01M_impro07_F005, That's amazing. They pay for everything?,exc
Ses01M_impro07_M004," I know. For softball, yeah.",exc
Ses01M_impro07_F006," Your housing, books, everything? That is incredible.",exc
Ses01M_impro07_M005," Yeah, everything. Every like- free ride and I get to, you know, like be on like a Trojans sports team too. And it's like cool. Isn't it awesome?",exc
Ses01M_impro07_F007, That is incredible. Do you get like a per diem?,exc
Ses01M_impro07_M006," I don't know. I should ask. Yeah, I will.",hap
Ses01M_impro07_F008, You should...You should look into that.,exc
Ses01M_impro07_F009," That is amazing, congratulations. Good for you.",exc
Ses01M_impro07_M007, Thank you.,exc
Ses01M_impro07_M008, But I don't know I want to live in the housing that they give me though 'cause I think I want to you know like get like a nicer place.,exc
Ses01M_impro07_F010, Oh.,neu
Ses01M_impro07_F011," Yeah, that you probably. You should see one of these Victorian houses around by.",exc
Ses01M_impro07_M009, Where should I move?,exc
Ses01M_impro07_M010," That's a really good idea. Or I could go to like Santa Monica. Go beach. Venice beach, yeah a little dirty though. I don't want to go to Venice beach. But - Malibu. All right.",exc
Ses01M_impro07_F012, Oh. Venice beach.,neu
F, Mmhmm.,
Ses01M_impro07_F013," Oh, you don't like that. You're west-sider?",exc
Ses01M_impro07_F014," Okay. That would be way too much of a commute you can't do that. Especially- I know especially from--I don't know, what I was going to say, I don't know.",exc
Ses01M_impro07_M011, Professional softball player Malibu. [LAUGHTER],hap
Ses01M_impro07_M012, From where? Huh? Well I'm from San Francisco.,xxx
Ses01M_impro07_F015, I don't know. Commuting from what Malibu that would be ridiculous.,exc
Ses01M_impro07_M013," Oh yeah, that would be.  Well, depends on what type of car you had, though too. I guess it would be worth it. helicopter. Yeah, helicopter.  There is a helipad there, right? Yeah, exactly.",hap
Ses01M_impro07_F016, Oh yeah. He'd drop you right off at practice?,exc
Ses01M_impro07_F017, Do you--are you one of those like four a clock in the morning practices?  Is it--that's more like swimming and- --ballet and things like that.,xxx
Ses01M_impro07_M014, Yeah. I think it's in the afternoon 'cause I mean can't be too early 'cause then you can't see the ball.,xxx
Ses01M_impro07_F018, They have those neon--softballs.  They're like day-glow you can see them anywhere.,exc
Ses01M_impro07_M015," Yeah, but no. Well, they have a night games but you know there's more like night games they're not like morning games, you know. I guess it's kind of same thing.",xxx
Ses01M_impro07_F019, I'm surprised you don't know that.,xxx
Ses01M_impro07_F020, Oh. That is incredible. Is it--,neu
Ses01M_impro07_F021," do they have a--is it a co-ed softball team?  I mean... Really? You know, I didn't even know that they have that.",exc
Ses01M_impro07_M016, No it's all boys. All boys' softball team.,xxx
Ses01M_impro07_M017, They do it's--believe me it's huge.,hap
Ses01M_impro07_F022, Who do you play? Like do--are you like... nationally ranked?,exc
Ses01M_impro07_M018, I just got into it. I just kind of fell into it. Literally I was walking around and...,exc
Ses01M_impro07_F023, That is unbelievable.,exc
Ses01M_impro07_M019, It's pretty wild.,hap
Ses01M_impro07_F024, I would put that right up there with--ping-pong.,exc
Ses01M_impro07_M020," Yeah, well I doubt [GARBAGE] ping pong [GARBAGE]",neu
Ses01M_impro07_F025, I mean not to denigrate what you are doing.  I think that's great.,exc
Ses01M_impro07_M021, Oh you mean it's not really sport that what you're saying?,sur
Ses01M_impro07_F026," No, no.  I love softball. I played softball all the time.",exc
Ses01M_impro07_M022, It's totally a sport. What are you talking about?,sur
Ses01M_impro07_M023," What, just 'cause I don't play regular baseball doesn't mean I'm like any less of like a sports guy.",xxx
Ses01M_impro07_F027, I am not saying you should be. I'm not no. I think it's great I think you should be incredibly proud yourself especially because you're going to U.S.C for free for doing it. For free.,exc
Ses01M_impro07_M024, For free that's really what it's about. I mean who cares I mean if I have to play softball all the time?,exc
Ses01M_impro07_M025, But they got to like drive around in a bus--that would suck.,xxx
Ses01M_impro07_F028, Oh really? With the whole team?,xxx
Ses01M_impro07_M026, Yeah we have like away games and stuff.,neu
Ses01M_impro07_F029, What are your teammates like? I'm sure you don't know yet? What kind of people play softball?,xxx
Ses01M_impro07_M027, They're nice.,xxx
Ses01M_impro07_M028," Like, you know like police officers, like--kind of heavyset guys. Mustaches, yeah. It's that kind of-",xxx
Ses01M_impro07_F030, Oh really?,xxx
Ses01M_impro07_F031, Cool. You don't seem like you'd fit in there.,xxx
Ses01M_impro07_M029, That kind of...They're okay.  No I'm like- I'm kind of like the odd man out I'm like...,xxx
Ses01M_impro07_F032," Oh, cool.",xxx
Ses01M_impro07_M030, But you know I'm like [GARBAGE].,neu
Ses01M_impro07_F033, You're like the rookie? The new kid.,hap
Ses01M_impro07_M031, Yeah.,xxx
Ses01M_impro07_F034, Just watch in five years you'll be like on the force. You carry around donuts in your back pocket... [LAUGHTER],hap
Ses01M_impro07_M032, I'm going to have a mustache...On the force...,hap
Ses01M_impro07_M033, Pull over..,hap
