Uid,Utterances,Labels
Ses01F_script03_1_M000, Good God.,fea
Ses01F_script03_1_F000, Is it them?,fea
Ses01F_script03_1_M001, I wonder.,fea
Ses01F_script03_1_F001, Freda is the only one who knows we are here.  She wouldn't ring up.,fea
Ses01F_script03_1_M002, It must be them then.,fea
Ses01F_script03_1_F002, It had to happen sooner or later.  What are we going to do?,fea
Ses01F_script03_1_M003, [BREATHING],fea
Ses01F_script03_1_M004," We are okay, aren't we darling?",xxx
Ses01F_script03_1_F003," Now and always, sweet.",xxx
Ses01F_script03_1_M005, I don't care then.,exc
Ses01F_script03_1_F004, It had to happen sooner or later.,xxx
Ses01F_script03_1_M006," Hello?  Hello?  I'm sorry, what's that?",xxx
Ses01F_script03_1_M007, No.  Wrong number. [LAUGHTER],hap
Ses01F_script03_1_F005, [LAUGHTER] That sent shivers up my spine.,hap
Ses01F_script03_1_M008, What shall we do if they suddenly walk in on us.[LAUGHTER],hap
Ses01F_script03_1_F006, We'll behave exquisitely.,exc
Ses01F_script03_1_M009, With perfect poise.,hap
Ses01F_script03_1_F007, I think I shall do a curtsy.,exc
Ses01F_script03_1_M010," It's strange; things that ought to matter dreadfully, they just don't matter at all when one's happy.  Do they?",hap
Ses01F_script03_1_F008, Hmm.  The pity is that one can't stay happy.,xxx
Ses01F_script03_1_M011," Darling, don't say that.",xxx
Ses01F_script03_1_F009, It's true.  I think the whole thing's a cruel joke.,xxx
Ses01F_script03_1_M012, What?  This beautiful and sacred thing - love?,xxx
Ses01F_script03_1_F010, Yes.  Meaning just that.,hap
Ses01F_script03_1_M013," Well what does it all mean?  That's what I ask myself in my quest for ultimate truth.  Dear God, what does it all mean?",hap
Ses01F_script03_1_F011, Don't laugh at me.  I'm being serious.,hap
Ses01F_script03_1_M014," Oh darling, you mustn't be serious.  It's just what they want.",xxx
Ses01F_script03_1_F012, Who's they?,exc
Ses01F_script03_1_M015," All of those futile moralists who make life unbearable.  You have to laugh at them, be flippant.",xxx
Ses01F_script03_1_M016," You know, flippancy brings out the acid in their darned, light and sweetness.",xxx
Ses01F_script03_1_F013," you know if I laugh at everything then I must laugh at us, too.",xxx
Ses01F_script03_1_M017, Oh of course.  We are figures of fun.  All right.,xxx
Ses01F_script03_1_F014," How long with it last, this ludicrous overbearing love of ours?",xxx
Ses01F_script03_1_M018, Who knows?,hap
Ses01F_script03_1_F015, Shall we always want to bicker and fight?,xxx
Ses01F_script03_1_M019, Oh no.  That fire will fade along with our passion.,xxx
Ses01F_script03_1_F016," Oh dear, should we like that?",xxx
Ses01F_script03_1_M020, Well it depends on how well we've played.,xxx
Ses01F_script03_1_F017, What happens if one of us dies?  Does the other one still laugh?,xxx
Ses01F_script03_1_M021, Yes.  Yes with all of his might.,exc
Ses01F_script03_1_F018," Well that's serious enough, isn't it?",xxx
Ses01F_script03_1_M022," No, no, no, no. no.  Death is a very laughable thing.  It's a cunning little mystery, it's all done with mirrors.",xxx
Ses01F_script03_1_F019, I think you are talking nonsense.,xxx
Ses01F_script03_1_M023," Oh.  So is everyone, in the long run.",xxx
Ses01F_script03_1_M024," Let's be superficial, and just pity those poor philosophers, huh?  Let's blow trumpets and squeakers and enjoy the party for as long as we can, you know, like small, idiotic school children.",exc
Ses01F_script03_1_F020, [LAUGHTER],hap
Ses01F_script03_1_M025, Oh Come and kiss me darling before your body rots and worms pop out of your eye sockets.,hap
Ses01F_script03_1_F021," Oh Elliott, worms don't pop.",hap
Ses01F_script03_1_M026," Oh See, I don't care what you do, see.  You can paint yourself green and run naked through the Place Vendome and run off with all of the men of the world.  I shan't say a word, just as long as you love me best.",hap
Ses01F_script03_1_F022," Aw.  Thank you, darling.  The same applies to you too, except that if you so much as look at another woman I'll kill you.",hap
Ses01F_script03_1_M027, Do you remember that awful scene we had in Venice?,xxx
Ses01F_script03_1_F023, Which particular one?,xxx
Ses01F_script03_1_M028, The one where you put that tiny painted wooden snake in my bed.,xxx
Ses01F_script03_1_F024," Oh Charles, that was his name.  He did wiggle so beautifully.",exc
Ses01F_script03_1_M029, [GARBAGE],xxx
Ses01F_script03_1_M030, It was a terrible thing.  I hated it.,dis
Ses01F_script03_1_F025, I know you did.  You threw him out the window into the Grand Canal.  I'll never forgive you for that.,xxx
Ses01F_script03_1_M031, How long did that row last?,xxx
Ses01F_script03_1_F026, It went on intermittently for days.,xxx
Ses01F_script03_1_M032, Uh huh.,xxx
Ses01F_script03_1_M033, But the worst one was in Cannes when your curling irons burnt a hole in my new dressing gown.,xxx
Ses01F_script03_1_F027," Oh And it burnt my comb, too, and all of those towels in the bathroom.",xxx
Ses01F_script03_1_M034," That was a rouser, wasn't it?",hap
Ses01F_script03_1_F028, [LAUGHTER] That was the first time you hit me.,xxx
Ses01F_script03_1_M035, I did not hit you very hard.,xxx
Ses01F_script03_1_F029," The manager came in, he found us rolling about the floor, biting and scratching like panthers. [LAUGHTER]  How utterly, utterly ridiculous.",hap
Ses01F_script03_1_M036, [LAUGHTER] I'll never forget his face. [LAUGHTER],hap
Ses01F_script03_1_M037, [LAUGHTER] We were very much younger then.,hap
Ses01F_script03_1_F030, [LAUGHTER] And very much sillier.,hap
Ses01F_script03_1_M038, However I believe the real cause of that row was Peter Burden.,xxx
Ses01F_script03_1_F031, Oh.  You knew there was nothing in that.,xxx
