Uid,Utterances,Labels
Ses01M_impro01_F000, Next.,ang
Ses01M_impro01_M000," Yes, me. Okay, okay here we go.",fru
Ses01M_impro01_F001, My window is open.,ang
Ses01M_impro01_M001," Okay, so filled out all these forms  --",fru
Ses01M_impro01_F002, This is... Your last- Your first name is Jones?,xxx
Ses01M_impro01_M002, and I have This form of ID here so...,fru
Ses01M_impro01_M003," Yes, Jones.",neu
Ses01M_impro01_F003, That's just strange I figured you filled in wrong sections.,xxx
Ses01M_impro01_M004, Well...,xxx
Ses01M_impro01_F004, What are you... what's...What are you applying for?,fru
Ses01M_impro01_M005, I'm just applying for another ID.,fru
Ses01M_impro01_F005, Another ID?,xxx
Ses01M_impro01_M006," Yes.  I'm supposed to have three forms of ID for this.  It's a long story, I'm supposed to have three forms of ID for this other job I really don't get into but I need another...",fru
Ses01M_impro01_F006, Fine.  So I need ID.,xxx
Ses01M_impro01_M007," I have it right here, yes.",fru
Ses01M_impro01_F007," No, I need your ID to give you a second ID.",ang
Ses01M_impro01_F008, It's really simple if you have a problem with it... Maybe you should--,ang
Ses01M_impro01_M008, But that's...,fru
Ses01M_impro01_M009," That's why I'm here, that's why I was waiting in this line.  I need to get another form of ID.",fru
Ses01M_impro01_F009," Well, do you have your passport?",xxx
Ses01M_impro01_M010," No, I don't have a passport.",neu
Ses01M_impro01_F010, You have a birth certificate?,fru
Ses01M_impro01_M011," I don't where it is though, I don't have with me.  Can I get it from somewhere?  I mean...",fru
Ses01M_impro01_F011, What do you expect me to do?,ang
Ses01M_impro01_M012, I probably have to go wait another line to get my birth certificate don't I?,fru
Ses01M_impro01_F012, Probably.,ang
Ses01M_impro01_M013, You're very helpful.  What's your name?,fru
Ses01M_impro01_F013, Joy.,xxx
Ses01M_impro01_M014," Hi, Joy.",xxx
Ses01M_impro01_F014, Hi.   You know...,xxx
Ses01M_impro01_M015, So can you help me or not?,fru
Ses01M_impro01_F015, I am..I don't..I don't understand what you want.  A driver's license or a California ID.,fru
Ses01M_impro01_M016, Okay. [BREATHING],fru
Ses01M_impro01_M017, I need California ID.,fru
Ses01M_impro01_F016, Okay.,xxx
Ses01M_impro01_M018, On top of these other two forms of ID which I already have.,fru
Ses01M_impro01_F017," What... well, do you have a driver's license?",xxx
Ses01M_impro01_M019," No, I don't have driver's license.",fru
Ses01M_impro01_F018, Then how am I supposed to give you a California ID?,xxx
Ses01M_impro01_M020, Did you even look at the form?  I filled it out all these questions--,ang
Ses01M_impro01_F019, Don't raise your voice with me.,ang
Ses01M_impro01_M021, Did you even look at the form?  I've already answered these question.,xxx
Ses01M_impro01_F020, Don't talk to me like I'm a child.,ang
Ses01M_impro01_M022, Okay.,fru
Ses01M_impro01_F021, Do you know how long I've been working here? How long have you lived in California?,ang
Ses01M_impro01_M023, If it makes you stop acting like a child.,fru
Ses01M_impro01_M024, I have been to California my whole--,xxx
Ses01M_impro01_F022," Maybe you never been to the D.M.V. before, maybe you should get back in line.  You know what?  sit in line again and if you get my number ask for different one.",ang
Ses01M_impro01_M025, I am not...I'm not getting to back that line.,ang
Ses01M_impro01_M026," Okay, okay let's keep our voices down, okay?  I didn't come here to get in yelling match.",fru
Ses01M_impro01_F023, I'm perfectly calm.,xxx
Ses01M_impro01_M027," I did not come in here to get in a yelling match with you, all right?",fru
Ses01M_impro01_F024, Uh huh.  I didn't come here get in yelling match either.,neu
Ses01M_impro01_M028, Just try and help me.,fru
Ses01M_impro01_F025, They don't pay me enough to deal people like you.,neu
Ses01M_impro01_M029," People like me, what is that supposed to mean?  You know, this is ridiculous.  Is there like a manager here, is there someone else that I can talk to?",xxx
Ses01M_impro01_F026, Why?,xxx
Ses01M_impro01_M030, Why?,ang
Ses01M_impro01_F027, Yeah.,xxx
Ses01M_impro01_F028," So you're not going to send me a thank you card, is that a problem? Is your are not going...",xxx
Ses01M_impro01_M031," Why, because I'm sick of talking to you.",ang
Ses01M_impro01_M032," 'Cause you're obviously not talking to me, you're just yelling at me, berating me and telling me I can't fill out forms right.",ang
Ses01M_impro01_F029," Oh, dear. Oh, boo-foo-woo, foo-foo.",xxx
Ses01M_impro01_M033," Oh, no honey. And you're going to miss the Christmas card too. It's a shame. It's going to be a good, nice picture.",fru
Ses01M_impro01_F030, Sit back down.,xxx
