Uid,Utterances,Labels
Ses05F_script02_2_M000," Well, so?  What do you think?",exc
Ses05F_script02_2_F000, About what?,xxx
Ses05F_script02_2_M001, What I was just saying.,fru
Ses05F_script02_2_F001, It's ridiculous.,xxx
Ses05F_script02_2_M002, It certainly is not. It's slightly exaggerated scientific fact.,neu
Ses05F_script02_2_F002," It's PR, somebody sold you a bill of goods that this wonderful event is going to occur on the beach.",xxx
Ses05F_script02_2_M003," I am not the only one, look at all these people.",neu
Ses05F_script02_2_F003," Yeah, they are all told the same thing.  They are all told that you know.  Gets them excited and they can't wait and that if they just get in on the right spot, than you than maybe life will start",xxx
Ses05F_script02_2_M004, Are we talking about the same thing?,xxx
Ses05F_script02_2_F004, I am sorry.  It's just fish to me.,fru
Ses05F_script02_2_M005," Carla, can I ask you a question?  Now don't be upset, are you having a period?",neu
Ses05F_script02_2_F005," God damn it, Augie.  Why do you always ask things like that?  It's so insulting.",ang
Ses05F_script02_2_M006, What's bugging you?,fru
Ses05F_script02_2_F006, I just had a different idea of what this evening is going to look like.,fru
Ses05F_script02_2_M007," There's nothing to it.  We come down here.  The grunion arrives and they do their little fish thing.  And we say, Oh, wow.  Look at the little fish.  They go home, we go home.",fru
Ses05F_script02_2_F007," For heaven's sake Augie, grow up we are not going to see the grunions.",fru
Ses05F_script02_2_M008, Why not?,fru
Ses05F_script02_2_F008, We never do.  Have we ever?  We never have.,fru
Ses05F_script02_2_M009," We miss them twice, it's not ever.",fru
Ses05F_script02_2_F009," Twice is every time we tried, that's ever.",fru
Ses05F_script02_2_M010, Well We will see them this year.,neu
Ses05F_script02_2_F010," No, we won't.  Augie it's like waiting for Santa Claus to come.  I feel like I am going to spend my entire life standing on the beach with my eyes wide open and my hands clasp expectantly in front of me waiting for the fish to show up and the fish will not show up.",fru
Ses05F_script02_2_M011, I thought you wanted to see it.,fru
Ses05F_script02_2_F011," I did, I do want to see it.  I always want to see it, Augie.",fru
Ses05F_script02_2_M012," It's just fish, it's nothing to get traumatize over.",fru
Ses05F_script02_2_F012," For heaven's sake, this is not about fish.",fru
Ses05F_script02_2_M013," Okay, I been trying to work this backwards but I can't seem to pinpoint a moment when we took a turn for the worst here.",fru
Ses05F_script02_2_M014," When you are on the phone with Marge, everything was fine.  Dinner was okay.  Doing the dishes was no problem. Let's see, I took a shower and you were watching the news and you said the grunions are running tonight and I said, great, let's go I am feeling lucky.",xxx
Ses05F_script02_2_M015," Right, so I am putting on my jacket and putting up the animals and pulling the car out of the garage.",xxx
Ses05F_script02_2_F013," Augie, do you remember the first time we came to see it?  It was about four years ago right after we got married and we thought I was pregnant.",sad
Ses05F_script02_2_F014," We had a bottle of champagne but no glasses and you ask me to dance so we took off our shoes and while we were dancing, you said the most intimate things right in my ears so I could feel them as much as hear them.",sad
Ses05F_script02_2_F015," And I remember thinking, Finally, finally.  I am as happy as I am supposed to be.",hap
Ses05F_script02_2_M016," Wait a minute, I got it.",neu
Ses05F_script02_2_F016," Dancing barefoot in the sand, drinking champagne from the bottle.",sad
Ses05F_script02_2_M017," It was in the car, right?  When we were passing Knickerbocker Liquor Locker, you said, Let's get some champagne.  And I said time wasting or something like that.  Right? of course.",xxx
Ses05F_script02_2_F017, I rather not remember some things.  I rather not hope for some things.,sad
Ses05F_script02_2_M018," Okay, all right I got it.  You wanted it to be like the other time, okay no problem. Listen, You want to dance?",exc
Ses05F_script02_2_F018, No.,sad
Ses05F_script02_2_M019, You want me to go get some champagne?,exc
Ses05F_script02_2_F019, No.,sad
Ses05F_script02_2_M020, Take off our shoes?,exc
Ses05F_script02_2_F020, No.,fru
Ses05F_script02_2_M021," What, you want me to whisper in your ear?",xxx
Ses05F_script02_2_F021, No.,xxx
Ses05F_script02_2_M022, You want to get married again?,fru
Ses05F_script02_2_F022, No.,xxx
Ses05F_script02_2_M023, What? What You want a divorce?,fru
Ses05F_script02_2_F023, No no.,fru
Ses05F_script02_2_M024," A vacation? A new carpet, a poodle?  A bag of ice cream, a suicide pack, what what Carla?  What the hell do you want?",fru
Ses05F_script02_2_FXX0, No.,
Ses05F_script02_2_F024, I want something to turn out the way it is suppose to turn out.,fru
Ses05F_script02_2_M025, What.  Welcome to the human race.,ang
Ses05F_script02_2_M026," You think this is what I had in mind?  You think that when I propose I had this great fantasy going that four years down the road, we will end up on a beach arguing over fish. You think that I knew that there would be times when you will look at me like I am used Kleenex?  Or that I will look at you and think, holy hell what's the next flight to Alaska.",xxx
Ses05F_script02_2_M027," No, no I was just like you, I thought it will be all peaches and roses and- and sand in our toes and wind in our hair and the fish will always come. And the bills will always magically pay themselves and we will have three fat rosy kids and we will be, HAHA baby the joke is on us.",fru
Ses05F_script02_2_M028, Because you know what Carla?  You know what you get?  This.,xxx
Ses05F_script02_2_F025, This what?  What is this?  This isn't even anything.,sad
Ses05F_script02_2_M029, Yes it is.,xxx
Ses05F_script02_2_F026," Sure, this is standing.  This is waiting.  This is fighting.",sad
Ses05F_script02_2_M030, Right.,xxx
Ses05F_script02_2_F027, But this isn't anything like I thought it would be.,sad
Ses05F_script02_2_M031," No, I know me either.",sad
Ses05F_script02_2_F028," I mean it is just this , I mean it includes a lot and everything and you know it's the sand and it's the full moon and I just-I am sorry but I couldn't help wishing I was somewhere else.",sad
Ses05F_script02_2_M032, Maybe if you are with somebody else too?,sad
Ses05F_script02_2_F029, I didn't say that.,sad
Ses05F_script02_2_M033," No, I know, but.  I know I don't make you happy.",sad
Ses05F_script02_2_F030," For heaven's sake Augie, wherever I am I always wanted to be with you.",sad
Ses05F_script02_2_M034, Yeah?,xxx
Ses05F_script02_2_F031," For heaven's sake, don't you know that?",xxx
Ses05F_script02_2_F032," Whatever I am doing, I wanted to be with you.  I mean you are probably the one who wishes you were with somebody else, somebody who didn't take everything so hard and who knows how to enjoy herself.",sad
Ses05F_script02_2_M035," Actually, now that you mention it.  No, I don't.",hap
Ses05F_script02_2_F033, Good.  So maybe we are on the wrong spot but we are with the right person.,hap
Ses05F_script02_2_M036, I don't know.  Seems like a pretty good spot to me I mean look at the view of the moon you got from here.,hap
Ses05F_script02_2_F034," Yes, I did notice that.  It does look really beautiful on the water.  The gold white moon.",hap
Ses05F_script02_2_M037," Well, look what we have got here.",hap
Ses05F_script02_2_F035," Augie, you bought refreshments.",xxx
Ses05F_script02_2_M038," Well, it's not champagne.",xxx
Ses05F_script02_2_F036, Well than we don't need glasses.,xxx
Ses05F_script02_2_M039, Are you still cold?  You still want to go home?,xxx
Ses05F_script02_2_F037," No, I am beginning to think that maybe this is the spot after all.",hap
Ses05F_script02_2_M040," Shh, If we're very quiet, the fish might come.",hap
Ses05F_script02_2_F038, Or not.,xxx
Ses05F_script02_2_M041, Or not.,hap
