Uid,Utterances,Labels
Ses05M_script02_1_M000," What time is it?  They're supposed to run around midnight.  Oh, this is great, isn't it?  Look at the night we've got here.  It couldn't be better.  Actually, I wanted to go a little further up the coast you know to get away from all the lights and the people.  I was afraid we might miss it though, so how are you doing?",exc
Ses05M_script02_1_F000, Fine.,sad
Ses05M_script02_1_M001," What's that? Is that- Wait, is that foam?  I can't even tell.  Oh Actually, I guess if I can't tell then it probably isn't it, is it?  It will probably be unmistakable, don't you think?",exc
Ses05M_script02_1_M002," This is great.  How are you doing?  Oh, no.  Oh, do you know what I did?  I forgot the flashlight.  How could I be so stupid?  I forgot the flashlight.",exc
Ses05M_script02_1_F001, What flashlight?,neu
Ses05M_script02_1_M003," The flashlight.  The silver one.  There's only one, isn't there?  Stupid.",exc
Ses05M_script02_1_F002, You mean our flashlight?,xxx
Ses05M_script02_1_M004, Well-,xxx
Ses05M_script02_1_F003," I mean, you kept saying my flashlight, the flashlight like it was only somehow yours.  How is that supposed to make me feel?",xxx
Ses05M_script02_1_M005," Oh, no, of course, our flashlight.  Me flashlight is to you flashlight, naturally.",exc
Ses05M_script02_1_M006," How could we have forgotten it? Well, I hope the moon stays out.  I wonder, do they always run during a full moon?  I can't remember, was the moon full last year, do you remember?",exc
Ses05M_script02_1_F004, Yes.,xxx
Ses05M_script02_1_M007," Are you cold?  Do you want my jacket?  We should have brought the blanket, our blanket.  Oh, this is great.  I didn't even think to bring a six pack.  Oh, a six pack would be just the ticket right about now.",exc
Ses05M_script02_1_M008," I can't believe I forgot.I'm like a little kid.  I'm surprised I made it out of the house with my fly zipped. Oh, [LAUGHTER]",exc
Ses05M_script02_1_M009," Oh, I wonder if they can hear me or if they can feel the vibrations when we move around in the sand. or something",exc
Ses05M_script02_1_F005, I'm cold.,xxx
Ses05M_script02_1_M010, Do you want my jacket?,exc
Ses05M_script02_1_F006, It's after eleven.  Let's just go home.,xxx
Ses05M_script02_1_M011," Are you kidding?  We just got here, we'd miss it.  What's the point of coming all the way out here if we're just going to turn around and go home?",xxx
Ses05M_script02_1_F007, There is no point in coming out here.,xxx
Ses05M_script02_1_M012, Right.,xxx
Ses05M_script02_1_F008, That's my point.,xxx
Ses05M_script02_1_M013," That's my point, too.",xxx
Ses05M_script02_1_F009, So let's go.,xxx
Ses05M_script02_1_M014," Oh, no, no, no.  no That's not my point.  My point is what's the point coming out here if we're just going to leave?  Don't you want to see it?",xxx
Ses05M_script02_1_F010, Not particularly.,xxx
Ses05M_script02_1_M015, Why not?,xxx
Ses05M_script02_1_F011, I just don't.,xxx
Ses05M_script02_1_M016, Oh,fru
Ses05M_script02_1_F012, it's stupid.,xxx
Ses05M_script02_1_M017," Honey, it's a natural phenomenon.  I mean, this kind of thing only happens once a year.  It's a great opportunity.",exc
Ses05M_script02_1_M018," I mean, Think about people in Kansas, they've got to get like you know plane tickets and hotel reservations just to see this.  We're just forty minutes away.  It's just too good of an opportunity to pass up.",exc
Ses05M_script02_1_F013, Pass what up?  It's It's just little fish and they swim up on the beach and they flop around and they swim away and then they die.,fru
Ses05M_script02_1_M019," Yeah, but all that time on the beach is the highlight of their little lives.  You know,",exc
Ses05M_script02_1_M020," and all that about flopping around, it's like laying eggs or what do you -- spawning or mating or something like that.",exc
Ses05M_script02_1_M021," I mean, this is a big night for these guys.  You know, life's last orgy.",exc
Ses05M_script02_1_F014," What are you so excited about.  This isn't rocket science, this is just fish.  Fish nobody even eats.",fru
Ses05M_script02_1_M022," Yeah, they do.",fru
Ses05M_script02_1_F015, Augie.,fru
Ses05M_script02_1_M023," All right.  But they are fish that do something no other fish do.  Like the swallows were turning into Capistrano or Lemmings jumping off the cliffs, you know like that. There's- There's magic here and mystery.  And a little bit of the unexplainable.  You know, I can't see how you could not be interested.",exc
Ses05M_script02_1_F016, I'm just not.,sad
Ses05M_script02_1_M024, For real?,fru
Ses05M_script02_1_F017, Yes.,xxx
Ses05M_script02_1_M025," I don't get it.  I mean, the first time we came you said it was the best night of your life. And last year I remember distinctly you were so excited about coming that you stubbed your toe toe pushing me out the door and you didn't even notice until you got in the car.",fru
Ses05M_script02_1_F018," Well, if you also remember last year we- our shoes got wet, I got sand in my panties, we had a big argument, you had a sore throat, and we didn't see the grunion.",fru
Ses05M_script02_1_M026, We weren't in a good spot.,xxx
Ses05M_script02_1_F019, We didn't see them the first time either.,fru
Ses05M_script02_1_M027, We just weren't in a good spot.  This is a much better spot.  I've got a great sense for these things.,xxx
Ses05M_script02_1_M028," Look there.  What is that?  Is that -- Oh No, that's seaweed.",exc
Ses05M_script02_1_M029," Oh, this is great.  I wouldn't miss this for the world. I mean, think about this, I know you're not interested but just think about this for a second;",exc
Ses05M_script02_1_M030, somewhere out there is a giant mass of silver fish all swimming in this direction.  They don't know why they're doing it.  We don't know why they're doing it.  They didn't- It wasn't a decision.  No one took a vote.  Nobody sent them an invitation or a map or anything like that.  It was just some internal time release fire cracker that went off. And all as one they turned around and formed this giant line as long as the California coastline and they just started swimming.  They are swimming right now at this very moment.   And And-,exc
Ses05M_script02_1_M031," And it's single mindedness with no mind. It- It's urgency, it's pure urge.  I mean, they didn't make any decisions.  They don't ask any questions.  They don't give it a name,",exc
Ses05M_script02_1_M032," they just all as one turn around and start swimming to this very point where we are standing now for one last celebration of sex and death. God, it's giving me Goosebumps.  Look at all the hairs that are standing up.",exc
Ses05M_script02_1_F020, That's the wind.,xxx
Ses05M_script02_1_M033," Well, so what do you think?",exc
