Uid,Utterances,Labels
Ses05F_script01_1_F000, What's he going to say? Maybe we should tell him before he sees it.,sad
Ses05F_script01_1_M000, He saw it.,sad
Ses05F_script01_1_F001, How could he see it?  I was the first one up.  He was still in bed.,xxx
Ses05F_script01_1_M001, He was out here when it broke.,sad
Ses05F_script01_1_F002, When?,xxx
Ses05F_script01_1_M002," Around Four this morning, and there was a crack and I looked out.  We're standing right there when I cracked.",sad
Ses05F_script01_1_F003, What was he doing out here at four in the morning?,xxx
Ses05F_script01_1_M003, I don't know.  but When it cracked he ran back into the house and start to cry in the kitchen.,sad
Ses05F_script01_1_F004, Did you talk to him?,sad
Ses05F_script01_1_M004, No.  I figured it was best to leave him alone.,sad
Ses05F_script01_1_F005, He cried hard.,sad
Ses05F_script01_1_M005, I could hear him right through the floor of my room.,sad
Ses05F_script01_1_F006, He is thinking about him again.,sad
Ses05F_script01_1_F007," It's getting just like after Larry died, he's having dreams, he's walking around at night.",sad
Ses05F_script01_1_M006," I guess, he is.",sad
Ses05F_script01_1_F008, What's the meaning of that?,sad
Ses05F_script01_1_M007, I don't know the meaning of it.  But I know one thing mom did.  We made a terrible mistake with dad.,sad
Ses05F_script01_1_F009, What?,xxx
Ses05F_script01_1_M008, Being dishonest with him.  It's the kind of thing that pays off and now it's paying off.,sad
Ses05F_script01_1_F010," What do you mean, dishonest?",xxx
Ses05F_script01_1_M009," You know that Larry's not coming back, and I know it.  So why do we go on letting him think that we believe with him?",sad
Ses05F_script01_1_F011," What are you going to do, argue with him?",xxx
Ses05F_script01_1_M010," No um, I don't want to argue with him, but it's time we realized that nobody else believes that Larry is alive.",fru
Ses05F_script01_1_M011," Why shouldn't he dream about him, walk around during the night, looking for him um.  Do we contradict him?  Do we say outright that we don't have any hope anymore, that we haven't had any for years now?",fru
Ses05F_script01_1_F012, You can't just say that to him.,xxx
Ses05F_script01_1_M012, We have to say it to him!,fru
Ses05F_script01_1_F013," How are you going to prove it, I mean, there's no body and there's no grave.  So what are you going to do? Do you have proof?",xxx
Ses05F_script01_1_M013," For God's sake, mom, three years.  Nobody comes back after three years!  It's insane!",ang
Ses05F_script01_1_F014," To you it is, and to me, but not to your father.  Now look, you can talk yourself  blue in the face, but there's no body, and there's no grave, so where are you?",fru
Ses05F_script01_1_M014," Sit down, mom.  I want to talk to you.",fru
Ses05F_script01_1_F015," The trouble with the god damned newspapers, I mean every week, they do a story about some boy's been gone longer than Larry and he comes back, so the next one is gonna--",xxx
Ses05F_script01_1_M015," All right, All right mom.  Listen!",fru
Ses05F_script01_1_M016," You know why I asked Annie here, don't you?",sad
Ses05F_script01_1_F016, why?,xxx
Ses05F_script01_1_M017, You know.,fru
Ses05F_script01_1_F017, Well I got an idea.  But what's the story?,neu
Ses05F_script01_1_M018, I'm going to ask her to marry me.,neu
Ses05F_script01_1_F018," Well that's nobody's business but yours, Chris.",xxx
Ses05F_script01_1_M019, You know that's not just my business.,fru
Ses05F_script01_1_F019," What- What am - what are you going to do, I mean you're old enough to make up your own mind?",xxx
Ses05F_script01_1_M020, So it's all right.  I can go ahead with it then?,fru
Ses05F_script01_1_F020, Well you're want to make sure your father isn't you know going to--lose them,xxx
Ses05F_script01_1_M021, Then it's not only my business.  Sometimes you infuriate me.  You know that?,xxx
Ses05F_script01_1_M022," You know that?  Isn't it your business too, if I tell dad, and he gets, throws a fit about it?   you have such a talent for ignoring things!",xxx
Ses05F_script01_1_F021, I ignore what I got to ignore.  The girl is Larry's girl.,fru
Ses05F_script01_1_M023, She's not Larry's girl!,xxx
Ses05F_script01_1_F022," As far as your father is concerned, he's not dead and you've no right to take his girl.",xxx
Ses05F_script01_1_F023," Now Chris you can go on from there, but I don't know what to do.  I mean do you know what to do, because I don't.",fru
Ses05F_script01_1_M024," I don't know why it is.  But every time I reach out for something I want, I have to pull back because other people will suffer.  My whole bloody life, time after time, after time.",fru
Ses05F_script01_1_F024," Well you're a considerate fellow, there's nothing wrong with that.",neu
Ses05F_script01_1_M025, To hell with that!,ang
Ses05F_script01_1_F025, Have you asked Annie yet to marry you?,neu
Ses05F_script01_1_M026, I want to get this settled first.,xxx
Ses05F_script01_1_F026," Well how did you know that she will go along with it, I mean maybe she feels the same way as your father?",neu
Ses05F_script01_1_M027," Well, if she does, then that's the end of it, but from her letters it sounds like she's forgotten about it.  I'll find out and then we'll thrash it out with Dad, all right?  Mom, don't avoid me.",xxx
Ses05F_script01_1_F027," The trouble is you don't see enough women, you never have",neu
Ses05F_script01_1_M028," So what, I'm not fast with women.",fru
Ses05F_script01_1_F028, Well I just don't see why it has to be Annie.,neu
Ses05F_script01_1_M029, Because it is.,fru
Ses05F_script01_1_F029," well, that's a good reason, but it doesn't answer a thing.",xxx
Ses05F_script01_1_M030," I can't help it.  I know her best.  I was brought up next door to here, the easiest, when I think of somebody for my wife, I think of Annie.  Do you want a diagram?",fru
Ses05F_script01_1_F030," No, I don't want a diagram, but, Chris, your father thinks Larry's coming back.",fru
Ses05F_script01_1_F031," You marry his girl, and you're pronouncing him dead.  Now what's going to happen to your father, do you know?  I don't.",sad
Ses05F_script01_1_M031," All right, then, Mom.",fru
Ses05F_script01_1_F032, Give it some more thought.,xxx
Ses05F_script01_1_M032," I've given it three years of thought.  And hope by now that he wouldn't.  Can you forget about Larry an-- and we can have a regular wedding and have everybody be happy.  But that can't happen here, I'm set to get out.",fru
Ses05F_script01_1_F033, What the hell is this?,ang
Ses05F_script01_1_M033," I'll get out. I'll get married and live some place else.  Maybe, maybe New York?",fru
Ses05F_script01_1_F034, Are you crazy?,ang
Ses05F_script01_1_M034," I've been a good son for too long, a big sucker.  I'm through with it.",xxx
Ses05F_script01_1_F035, Wait a minute.  Tell me this.  Do you mean to say that you would leave the business?,fru
Ses05F_script01_1_M035, The business?  The business?  It doesn't inspire me?,ang
Ses05F_script01_1_F036, Must you be inspired?,xxx
Ses05F_script01_1_M036," Yes!  I like it an hour a day.  If I had to grub for money all day long, I like to come home to something beautiful.  I want a family.  I want- I want kids.  I want to build something I can give myself to. and Annie is in the center of that, and now where do I find it?",xxx
Ses05F_script01_1_F037," Don't- you, you can't think like that!  Don't think like that!",fru
Ses05F_script01_1_M037, Then help me stay here.,xxx
Ses05F_script01_1_F038," All right!  But don't think like that, because I mean, what the hell did we do all this for, Chris?  The whole business it's all for you!  The whole shooting match is for you!",ang
Ses05F_script01_1_M038, I know that Mom. I know.  Just you help me stay here.,xxx
Ses05F_script01_1_F039," All right, but don't think like that.",xxx
Ses05F_script01_1_M039, I am thinking like that.,xxx
Ses05F_script01_1_F040," I don't understand you, do I?",fru
Ses05F_script01_1_M040, No.  You don't.  I'm a pretty tough guy.,xxx
Ses05F_script01_1_F041," Yeah, I can see that.",xxx
