Uid,Utterances,Labels
Ses05M_impro04_M000," Uh, God.  I don't know what to do anymore.  Like I said --",fru
Ses05M_impro04_F000, What do you mean?,xxx
Ses05M_impro04_M001," I don't know.  There's nothing for me out there.  I can't get a job.  I haven't gotten a job in a year, three years.  What is it, three years now; right? That I haven't been able to have a job.",fru
Ses05M_impro04_F001, Really? It's been that long?,neu
Ses05M_impro04_M002," Something like that.  I can't even remember anymore. I don't know what to do anymore.  I just get out there everyday -- well, not everyday, almost everyday.",fru
Ses05M_impro04_F002, Wow.,neu
Ses05M_impro04_M003, And try to do something. I mean-,fru
Ses05M_impro04_F003, What have you been trying?,neu
Ses05M_impro04_M004," Well, everything.  I'll do temping, you know, office work.  You know, whatever to pay the bills.  You know, I'll do anything.",fru
Ses05M_impro04_M005," But, I mean, I don't want to keep those jobs.  I don't want those jobs.It's not what I want to do.",fru
Ses05M_impro04_F004, Right.,neu
Ses05M_impro04_M006," But, I don't know.  God, what am I going to do?  Should I go back to school?  I can't- I can't afford to go back to school.",fru
Ses05M_impro04_M007, What do you do?,fru
Ses05M_impro04_F005," Well, I mean, right now I'm just doing a little bit of everything.  And I don't- I don't think that I'm in like a profession, like career oriented place.",neu
Ses05M_impro04_M008," You plan on being there forever? I mean, Like, what do you --",neu
Ses05M_impro04_F006," No.  I'm just working in restaurants and stuff. But, I'm also trying to audition and what not.  So, it's --",neu
Ses05M_impro04_M009, yeah.,neu
Ses05M_impro04_M010, right.,neu
Ses05M_impro04_M011," Yeah, yeah.  Well, hello.  That's what I'm doing too.  But I can't get the restaurant job.  I can't get -- -- the restaurant gig.  No one will give me anything.",fru
Ses05M_impro04_F007, Really?,neu
Ses05M_impro04_M012," I go in for these interviews, and they're all cool and everything, you know.  Their nice and I'm nice to them, you know, give and take, back and forth, and whatever.",fru
Ses05M_impro04_M013, But they always go with somebody else.,fru
Ses05M_impro04_F008," L.A. is really hard.  I mean, have you tried like just going into a bar a couple of times to make friends with people who work there? and",neu
Ses05M_impro04_M014," Yeah, absolutely.  Hello?  You know me.  I go to bars all the time.  Like, they all know me, you know.  But no one wants to hire me.",fru
Ses05M_impro04_M015," but Maybe they don't want to hire me because they know me. I don't know, what's wrong with me, Is there something wrong with me?",fru
Ses05M_impro04_F009," I was just going to say that's your issue. Maybe you are going in too much. No, I mean, just",neu
Ses05M_impro04_F010, are you going into the bars every night?,neu
Ses05M_impro04_M016," I mean, You can tell me what.  Why is no one hiring me?  Is it me?  Be honest.  You can tell me. you know I can take it.  I can take it, you just tell me. Why?",fru
Ses05M_impro04_F011," Well, I don't really know.  I don't I don't know you in like a job situation, so.",neu
Ses05M_impro04_M017," Yeah, but I'm -- okay, well how about personality wise?  I mean, people who know me won't hire me.  Why?",fru
Ses05M_impro04_F012," Wow.  I don't -- I mean, do you- do you have an attitude problem when you're on the job?",neu
Ses05M_impro04_M018," I don't think I have an attitude problem when I'm on the job, no- I have an attitude problem right now because I don't have a job.",xxx
Ses05M_impro04_F013, Maybe [garbage].,neu
Ses05M_impro04_F014," Right.  Maybe you have, like, you know a little bit of an abrasive vibe or something.",neu
Ses05M_impro04_M019, An abrasive vibe?,ang
Ses05M_impro04_F015, I don't know.  I'm I'm just trying --,neu
Ses05M_impro04_M020," Let me know that's -- that's fine.  You think I have an abrasive vibe, whatever.  You're entitled to your opinion, of course.  Maybe that's why I don't have a job.",ang
Ses05M_impro04_F016, Are you getting defensive?,neu
Ses05M_impro04_M021," No.  I'm not getting defensive.  I'm not getting defensive.  No. I asked you a question, you told me.  What?",xxx
Ses05M_impro04_F017, Yeah.  That might be something you want to look at.  I mean --,neu
Ses05M_impro04_M022," I'm not like this all the time.  I mean, I don't -- I'm just frustrated right now, all right.  I just want to do --",fru
Ses05M_impro04_F018, Okay.,neu
Ses05M_impro04_M023," I want to make some money.  I need to make some money.  I've got to pay some bills, I owe people money.  I owe lots of people money.  I need to make some money.",fru
Ses05M_impro04_F019, I understand.,neu
Ses05M_impro04_F020," Yeah, it's stressful.  I recognize that.",neu
Ses05M_impro04_M024," Do you have any idea how I can make money?  I mean, what can I do to make some quick money, something?  Anything, that's relatively within the you know law.",fru
Ses05M_impro04_F021, ah.,neu
Ses05M_impro04_F022," Not- Not selling pot, right?",neu
Ses05M_impro04_M025," Right, probably not selling pot. I don't want to go to jail.",fru
Ses05M_impro04_F023, Okay so.,neu
Ses05M_impro04_F024, Fair enough.,neu
Ses05M_impro04_M026, Because that would just really be a topper for me.,fru
Ses05M_impro04_F025, Yeah.  [LAUGHTER] It's a joke.,xxx
Ses05M_impro04_M027, Thank you.  Ha ha.,fru
Ses05M_impro04_F026," Sorry.  So, let's see.  What else?  What's available? What? Um.  Hmm.",neu
Ses05M_impro04_M028, See what I mean?  You can't even think of anything.,fru
Ses05M_impro04_F027," Well, not off the top of head.  It will just take you know take a minute.  But do you have any, like, special skills?",neu
Ses05M_impro04_M029, I can juggle.,fru
Ses05M_impro04_F028," Well, maybe we can find you something with juggling.",neu
Ses05M_impro04_M030, I've tried.,fru
Ses05M_impro04_F029, Have you checked out Craig's List and stuff?,neu
Ses05M_impro04_M031, Yes!  Nobody wants a juggler.  I am not going to -- I'm not going to dress up like a clown. I'm not going to dress up like a freaking clown. No.,fru
Ses05M_impro04_F030," What if you do kids parties? oh, come on.",neu
Ses05M_impro04_M032," No, it's demeaning.  I am not a clown.  I have talent.  Clowns don't have talent.",fru
Ses05M_impro04_F031, Okay.  All right.,neu
Ses05M_impro04_M033, It's that simple.,fru
Ses05M_impro04_F032," Okay.  Well, fine. we won't- I won't argue with you about that.",neu
Ses05M_impro04_M034, yeah.,fru
Ses05M_impro04_F033, What else?  I can't -- uh.  I'm drawing a blank here.,fru
Ses05M_impro04_M035, You and me both.,fru
Ses05M_impro04_F034," That's rough.  I'm really sorry, Ryan.",neu
Ses05M_impro04_M036," Yeah, life sucks.",xxx
Ses05M_impro04_F035," Well, um, is that kinda like the side of you that you let people see when you go into these job interviews?",neu
Ses05M_impro04_M037," No, I just showed that for you [garbage].",fru
Ses05M_impro04_F036," Okay.  Well, that's good.  Yeah, I mean, you're you're- when you're happy you're a pretty personable guy.  And I don't --I don't",neu
Ses05M_impro04_M038, I like to think so.,fru
Ses05M_impro04_F037, I can't see where the issue would be. so,neu
Ses05M_impro04_M039, see.,fru
Ses05M_impro04_M040," Yeah, well thanks for your help.",ang
Ses05M_impro04_F038," I'm sorry.  Good luck, man.",xxx
Ses05M_impro04_M041, I'll need it.,sad
