Uid,Utterances,Labels
Ses05F_script03_2_M000," As a matter of fact, the real cause of that row was Peter Burden.",xxx
Ses05F_script03_2_F000, You knew there was nothing in that.,neu
Ses05F_script03_2_M001, I knew nothing of the sort.  You accepted presents from him.,xxx
Ses05F_script03_2_F001, Only a trivial little broach.,neu
Ses05F_script03_2_M002," I remember it well, covered in diamonds in the worst possible taste.",xxx
Ses05F_script03_2_F002," No, not at all.  I-I still have it.  I wear it quite often.",xxx
Ses05F_script03_2_M003, You went out of your way to torture me over Peter Burden.,xxx
Ses05F_script03_2_F003, You worked the whole thing up in your jealous imagination.,neu
Ses05F_script03_2_M004," You must admit that he was in love with you, wasn't he?",ang
Ses05F_script03_2_F004," maybe just a little, but--",neu
Ses05F_script03_2_M005, You let him kiss you.  You said you did.,ang
Ses05F_script03_2_F005, And what of it?,neu
Ses05F_script03_2_M006, What of it?,fru
Ses05F_script03_2_F006," Well, I- he got a lot of pleasure out of it and it didn't hurt me.",neu
Ses05F_script03_2_M007, What about me?,xxx
Ses05F_script03_2_F007," Well, if you hadn't been so nosey and suspicious, you never would have heard about it.",xxx
Ses05F_script03_2_M008," Well, that's a nice point of view I must say.",ang
Ses05F_script03_2_F008, I'm growing quite tired and bored of this conversation.,fru
Ses05F_script03_2_M009," So am I, bored stiff.  Would you like some brandy?",neu
Ses05F_script03_2_F009, No.,xxx
Ses05F_script03_2_M010, I'll have a little I think.,neu
Ses05F_script03_2_F010, I don't see why you want any.  You've already had three glasses.,neu
Ses05F_script03_2_M011," No particular reason, besides, they were very small ones.",xxx
Ses05F_script03_2_F011," Well, it seems silly to go on and on in such a thing.",neu
Ses05F_script03_2_M012, You can hardly call three liqueur glasses of brandy in a whole evening going on and on.,xxx
Ses05F_script03_2_F012, It's becoming a habit with you.,neu
Ses05F_script03_2_M013, You needn't be so grand simply because you don't happen to want any at the moment.,ang
Ses05F_script03_2_F013, Don't be so stupid.,xxx
Ses05F_script03_2_M014," Really, Amanda.",ang
Ses05F_script03_2_M015," Going out somewhere, dear?",xxx
Ses05F_script03_2_F014, Just making myself fascinating for you.,neu
Ses05F_script03_2_M016," Oh, that reply has broken my heart.",ang
Ses05F_script03_2_F015, It's the woman's job to allure the man.  Why don't you watch me for a moment?,xxx
Ses05F_script03_2_M017," As a matter of fact, that is perfectly true.",xxx
Ses05F_script03_2_F016," No, it's not.",xxx
Ses05F_script03_2_M018," Oh, yes it is.",fru
Ses05F_script03_2_F017," Oh, Do shut up.",xxx
Ses05F_script03_2_M019, It's a pity you didn't take a little more brandy.  It might have made you a little less disagreeable.,ang
Ses05F_script03_2_F018," Um, It doesn't seem to have worked such wonders with you.",ang
Ses05F_script03_2_M020," Well, snap, snap, snap like a little adder.",xxx
Ses05F_script03_2_F019," adder don't snap, they sting.",ang
Ses05F_script03_2_M021," Nonsense, they have a little bag of venom behind their fangs and they snap.",xxx
Ses05F_script03_2_F020, They sting.,ang
Ses05F_script03_2_M022, They snap.,ang
Ses05F_script03_2_F021," I don't care if they bark and roll around like hoops, okay.",ang
Ses05F_script03_2_M023, [BREATHING],fru
Ses05F_script03_2_M024, Did you see much of Peter Burden after the divorce?,ang
Ses05F_script03_2_F022," Yes, I did quite a bit.",neu
Ses05F_script03_2_M025, I suppose you let him kiss you a good deal more then.,ang
Ses05F_script03_2_F023, Mind your own business.,ang
Ses05F_script03_2_M026," You must have a riotous time, no restraint at all, very enjoyable.  I mean, you never had much anyway.",ang
Ses05F_script03_2_F024," Oh dear, you really are becoming quite insufferable.  I would imagine it's because you're drunk.",ang
Ses05F_script03_2_M027, I'm not the least bit drunk.,xxx
Ses05F_script03_2_M028, I think I mentioned once before that I had only three-minute liqueur glasses of brandy the entire evening long.  A child of two could not be drunk on that.,xxx
Ses05F_script03_2_F025," Oh no, on the contrary, a child of two could get violently drunk on only one glass.",xxx
Ses05F_script03_2_M029," Oh, very interesting.  How about a child of three or a child of six?  How about a child of nine?",xxx
Ses05F_script03_2_F026," Oh, You are so insufferable.  Do you stop.",fru
Ses05F_script03_2_M030," Oh, This is very interesting.  We- we might get a splendid debate going about this intemperate tots.",fru
Ses05F_script03_2_F027," Not very funny, dear, you better have some more brandy.",ang
Ses05F_script03_2_M031," Oh, very good idea.  I will.",xxx
Ses05F_script03_2_F028, Ugh.,fru
Ses05F_script03_2_M032, You better turn that off I think.,fru
Ses05F_script03_2_F029, Why?,ang
Ses05F_script03_2_M033, It's very late and it will disturb the people upstairs.,xxx
Ses05F_script03_2_F030, There aren't any people upstairs; it's a photographer's studio.,ang
Ses05F_script03_2_M034," Well, there are people downstairs I suppose.",xxx
Ses05F_script03_2_F031, They're away in Tunis.,ang
Ses05F_script03_2_M035, It is not time of year for Tunis.,xxx
Ses05F_script03_2_F032, Turn it on again.,ang
Ses05F_script03_2_M036, I'll do no such thing.,xxx
Ses05F_script03_2_F033," Fine, if you insist on being completely insolent.",ang
Ses05F_script03_2_M037, Turn it off.  It is driving me mad.,ang
Ses05F_script03_2_F034," Well, do try to control yourself darling.",ang
Ses05F_script03_2_M038, Turn it off.,ang
Ses05F_script03_2_F035, You really do need to develop uh a clearer head.,ang
Ses05F_script03_2_M039, Turn it off.,ang
Ses05F_script03_2_F036, I- I hate you.,ang
Ses05F_script03_2_M040, Amanda-- Listen- Listen-,ang
Ses05F_script03_2_F037, I hate you.,ang
Ses05F_script03_2_F038," No, no.  I'm tired of listening to you.  You're boorish and idiotic and completely overbearing.",ang
Ses05F_script03_2_M041, Very music- amusing indeed.,ang
Ses05F_script03_2_F039," Yeah, very amusing.  Let me go.  I'm getting out of here.  I can't believe I intended to marry you.",ang
Ses05F_script03_2_M042," You are a vile tempered, loose living, wicked little beast, and I never want to set eyes on you again.",ang
Ses05F_script03_2_F040," Oh, marry you again?  I must have been insane.  What was I thinking?  I mean, you're completely outrageous.",ang
Ses05F_script03_2_M043," Shut up, shut up.  I wouldn't marry you again if you came crawling to me on bended knee. You're a mean, evil-minded little vampire and I hope to God I never set eyes on you again.",ang
Ses05F_script03_2_F041, Beast; brute; cad; whore,ang
