Uid,Utterances,Labels
Ses05F_impro01_F000," Hi, I need an ID.",neu
Ses05F_impro01_M000," ahh Yeah, this is the wrong line.  I'm sorry.  You need to go back over to line two B.  That's where you should have started from.",neu
Ses05F_impro01_FXX0, No.,
Ses05F_impro01_F001," Okay, I'm sorry, but I just stood in this line for an hour.  can I Is there any way I can-",fru
Ses05F_impro01_M001," I mean, there's really nothing I can do for you in this line.  This is not the line for new I.D.  This is the line for registration.",xxx
Ses05F_impro01_F002," No, they told me-I'm sorry, but they told me to be in this line.",fru
Ses05F_impro01_M002," Yeah, I understand that ma'am.  I don't know what they said to you, but you need to be in a different line.",xxx
Ses05F_impro01_F003," What, I mean what... what's the difference?  What do I need to do there that I can't do here?",fru
Ses05F_impro01_M003," Well, I have no camera here.  I can't help you at all here, ma'am.  I have forms for something completely different.  You need to go to a different place.",neu
Ses05F_impro01_F004, Can you just-can I just get the right-,fru
Ses05F_impro01_M004," Simply step to line two A, ma'am, I'm sorry.",fru
Ses05F_impro01_F005, Would you be able to put me at the front of that line?,fru
Ses05F_impro01_M005, There is a large line of people behind you waiting to be--,fru
Ses05F_impro01_F006, I know.  I've been in line with these people.  I understand.  I understand what it's like.  Could you please like call over and-,fru
Ses05F_impro01_M006," I don't want to be rude here, ma'am, but line two B is where you need to be.  This is the line for registration.",fru
Ses05F_impro01_F007," I hear that.  I hear that.  Thank you, but I've waited in line for so long, and I don't want to have to be here all day.",fru
Ses05F_impro01_M007, I don't have those-,fru
Ses05F_impro01_F008," So could I maybe get the form from you, fill it out here- and maybe you could-",neu
Ses05F_impro01_M008," I don't have those forms, ma'am.  I can't help you.  That's why you need to go to line two A.",fru
Ses05F_impro01_F009, And how long is that going to take?,fru
Ses05F_impro01_M009," Ma'am, obviously I have no idea how long it's taking.  There seems to be a bit of a line there.  It looks like thirty forty people.  It could take four to five hours.  I'm sorry.",fru
Ses05F_impro01_F010, I don't-,fru
Ses05F_impro01_M010," There's nothing I can do for you, ma'am.",fru
Ses05F_impro01_F011," I don't have time for this today, and-",fru
Ses05F_impro01_M011," But, obviously I don't have time for you to stand here and waste my time in this line.  There are other people who need service behind you who are waiting for the right things.",fru
Ses05F_impro01_F012," Is there anything you can do?  Please, have some compassion.  Is there something you can do?",fru
Ses05F_impro01_M012," I am a very compassionate person, and I'm offended that you imply that I'm not.  Of course, I'm compassionate.  Look, I work in the D.M.V..  What do you think I am?  Go wait in line two A.",fru
Ses05F_impro01_M013, Don't ask me to have somebody else come over here and move you myself.  I can't come back over there.  I'll get security if you need me to.,fru
Ses05F_impro01_F013," Please, I don't think that's necessary.  I'm just asking, maybe you could call over and say that somebody miss informed her because I didn't pick to stand in this line.  I asked them where to stand, and they told me here.",fru
Ses05F_impro01_M014," what, no, I'm sure they did not tell you here.",fru
Ses05F_impro01_F014," No, they did.  The lady over there told me to stand in this line and I've been here for an hour.",fru
Ses05F_impro01_M015," what The lady, what? the janitor?",fru
Ses05F_impro01_F015, No.,fru
Ses05F_impro01_M016," You asked the janitor what line to stand in?  Obviously, that's not going to be the right thing.",xxx
Ses05F_impro01_F016," No, I'm not, I'm sorry.I'm not stupid.",fru
Ses05F_impro01_M017," I'm not saying that you're stupid, ma'am.  I think you just said that you were stupid.",fru
Ses05F_impro01_F017, Isn't there anything you can do?  Just call over and ask them if I can go to the front of the line in the other line.,ang
Ses05F_impro01_M018," It doesn't work that way here, ma'am.",fru
Ses05F_impro01_F018, Why not?,ang
Ses05F_impro01_M019, There is a strict system here.  You need to wait in the right line for the right thing.  This is the line for registration.,fru
Ses05F_impro01_F019," Except they're going tell, are you going to tell me the right line to stand in this time at least?",fru
Ses05F_impro01_M020, I told you it was line two A.,fru
Ses05F_impro01_F020," Right, well, last time they told me, it was this line, and obviously, it's not true.",ang
Ses05F_impro01_M021, I don't know who told you that but they were wrong.  I'm sorry.,fru
Ses05F_impro01_F021, Do you have a manager I could speak with?,fru
Ses05F_impro01_M022, I am the manager.,xxx
Ses05F_impro01_F022, Are you being straight with me?,fru
Ses05F_impro01_M023," I'm being very straight with you, ma'am.  There is nothing I can do for you.  You need to stand in line two A.",fru
Ses05F_impro01_F023, Fine.,fru
Ses05F_impro01_M024, Thank you very much.  You have a wonderful day.,xxx
