Uid,Utterances,Labels
Ses05F_impro08_F000," Hi, sir.  How can I help you?",neu
Ses05F_impro08_M000," Oh, thank God.  Do you know how long I've been on the phone for half an hour trying to talk to a freaking human being.",fru
Ses05F_impro08_M001," All I want to do is put my, pay for my freaking credit card, and there's something wrong in my bill, Like I swear, it says I didn't paid last month, but I know I paid last month.",fru
Ses05F_impro08_F001, Okay.,neu
Ses05F_impro08_M002," I put- I've been typing my number in millions of times, it won't listen to me, it's not working, and I can't get a single human being, and finally-",fru
Ses05F_impro08_M003," you are a real human being.  Thank you very, very much.",xxx
Ses05F_impro08_F002," [LAUGHTER] All right.  I'm sorry, sir that you've been having a hard time.",neu
Ses05F_impro08_M004," This is ridiculous.  I- I seriously, I don't understand why you think these automated systems are supposed to like work for anybody.  They have never, ever work for me.",ang
Ses05F_impro08_F003," I kwon, it is ridiculous",neu
Ses05F_impro08_F004," yeah, I understand.",neu
Ses05F_impro08_M005," Can you like talk to somebody about this, can you like can you tell them that this is ridiculous and can they change it from now on, is there a phone number you have that I can call that will like automatically be talking to somebody a human being.",ang
Ses05F_impro08_F005, Uh- when's when's-,neu
Ses05F_impro08_F006, Sir-,fru
Ses05F_impro08_F007," If yeah, well if you just slow down we'll um, we'll definitely have your problem solved and after we have your problem solved, then I can transfer you to a manager, someone who can you know, you can voice your complaint to, who will be able to something about it.",neu
Ses05F_impro08_M006," Well, okay ,well First off, fine, fine, fine.  Let's see, first off, um- yeah my bill's wrong.",fru
Ses05F_impro08_M007," Like I know I paid last month, but it hasn't been paid and you charged me a late fee.",ang
Ses05F_impro08_F008," Okay, so where?, okay, all right, so where did you uh- locate your your bill?",neu
Ses05F_impro08_M008, I got it in the mail.,fru
Ses05F_impro08_F009, In the mail?,neu
Ses05F_impro08_M009, yeah,fru
Ses05F_impro08_F010," So is it, is- is it at all possible that maybe this statement is just old and that the transaction hadn't been processed yet?",neu
Ses05F_impro08_M010," Well, when I look online, it says, it says that I was charged a late fee so I'm assuming that I paid on your web site-",fru
Ses05F_impro08_F011, Okay.,neu
Ses05F_impro08_M011," like I paid right through your own company before my due date but it's still and it even shows my payment there, and then it charged me the late fee afterwards.",fru
Ses05F_impro08_F012, Okay.,neu
Ses05F_impro08_F013, All right. I-,xxx
Ses05F_impro08_F014," Okay so, I'll just look it up and you know see what's going on, maybe we can...",neu
Ses05F_impro08_M012, Okay.,fru
Ses05F_impro08_F015, if I call it up on the screen.,neu
Ses05F_impro08_M013," Okay, great, go ahead.",neu
Ses05F_impro08_F016," So in the database, it looks as though um, there is a there is like a glitch in the transaction where it hadn't gone through before, but I do see that you paid the, what can you tell me the amount, what was the amount?",neu
Ses05F_impro08_M014, It was one ninety eight sixty three. I paid the minimum.,fru
Ses05F_impro08_F017," Okay, I do see that on here, and it says that um, it had some trouble clearing for some reason.  And I think that was the problem on our end.  So um-",neu
Ses05F_impro08_M015, Wow.  I can't believe you're actually admitting to having a problem on your end.  That's a first.,xxx
Ses05F_impro08_F018," Well you know sometimes-- just with online transactions, things happens. so um-",neu
Ses05F_impro08_M016," No, No, No, I am grateful.",neu
Ses05F_impro08_M017, Absolutely.,xxx
Ses05F_impro08_F019," Yeah, we- Somebody went in and- and cleared the problem and it looks like you're all paid.",neu
Ses05F_impro08_M018, Did they take-,neu
Ses05F_impro08_F020," You do the direct the direct it um- it's taking right out of your bank account, correct?",neu
Ses05F_impro08_M019," Yes, yes, exactly.",neu
Ses05F_impro08_F021, Yeah so- That --that did go through.,neu
Ses05F_impro08_M020, Are you taking the late fee off of my account then?,neu
Ses05F_impro08_F022," Um- I can try to do that for you, certainly.",neu
Ses05F_impro08_M021, Because I paid it on time.,fru
Ses05F_impro08_F023," Right, right, and since--yeah, since it was just a computer glitch, then that's that should be cleared up as well.  So I'm going to go ahead and try and put that into the computer.  And if for some reason you notice on your statement in a few days that you've been charged and an overdue fee, then you should just call back and we'll have that.",neu
Ses05F_impro08_M022, Right.,neu
Ses05F_impro08_M023," Yeah, but if I call back, I'll have to go through this whole rigmarole again. and try to get a hole or someone.",fru
Ses05F_impro08_F024, Well I'll give you my direct line and my number so you can- you can  get directly to me.,neu
Ses05F_impro08_M024, Really?,sur
Ses05F_impro08_F025, yeah.,neu
Ses05F_impro08_M025," That would be wonderful, that would be great seriously.",hap
Ses05F_impro08_F026, No problem.,neu
Ses05F_impro08_M026," thank you, what's the number?",hap
Ses05F_impro08_F027, ahh one eight hundred three two three,neu
Ses05F_impro08_M027, three two three,neu
Ses05F_impro08_F028, six four nine four,neu
Ses05F_impro08_M028," six four nine four. That would be so great, thank you so much.",hap
Ses05F_impro08_FXX0," Yep, So--",
Ses05F_impro08_F029, You're welcome,neu
Ses05F_impro08_M029, oh.,xxx
Ses05F_impro08_F030, I'm sorry that it was an inconvenience.,neu
Ses05F_impro08_M030," It was horrible, but you've made it much better, thank you very much. Absolutely",hap
Ses05F_impro08_F031, I am glad.,xxx
Ses05F_impro08_F032, Have a good day.,neu
Ses05F_impro08_M031," You too, thank you so much, have a wonderful day.",hap
Ses05F_impro08_F033, bye bye,neu
Ses05F_impro08_M032, bye,xxx
