Uid,Utterances,Labels
Ses05M_impro01_F000, Can I help you?,neu
Ses05M_impro01_M000," Yes, I'm um- just getting my I.D.  I need a new I.D.",xxx
Ses05M_impro01_F001," Oh, this- this form that you have is the wrong form.  You need to go over to the other line on the other side of the D.M.V..",neu
Ses05M_impro01_M001, What do you mean?  I filled out my forms and I rushed to get my I.D.,xxx
Ses05M_impro01_F002," Right, but this is the wrong form.  Somebody gave you the wrong form.",neu
Ses05M_impro01_M002, The wrong form?,xxx
Ses05M_impro01_F003," Yeah.  So, I can't -- I can't do anything-",neu
Ses05M_impro01_M003, What's wrong about this form?  It says new I.D. on it.,xxx
Ses05M_impro01_F004," No, but this is for um- replacements and you need a new -- whole new license as a California --",neu
Ses05M_impro01_M004, What's the difference?  What's the difference between that form and this form?,fru
Ses05M_impro01_F005," Sir, don't get an attitude with me.",fru
Ses05M_impro01_M005," I'm not getting a -- well, you wait in this line and not get an attitude.",ang
Ses05M_impro01_F006," No, I understand and there are a lot of people here.  But what I'm telling you is that it's different for different states and since your getting a new license in the state of California -- You have to fill out a different form than you did.",neu
Ses05M_impro01_M006, yeah.,xxx
Ses05M_impro01_M007, right.,xxx
Ses05M_impro01_M008," Well then, when I showed them my I.D. before and I said I had to get a new I.D, why didn't they tell me to fill out the right form?",fru
Ses05M_impro01_F007, I don't know.  I don't know who told you.  It wasn't me.,fru
Ses05M_impro01_M009," Well, it was this girl standing right next to you.  Can we ask her why she didn't let me fill out the right form?",fru
Ses05M_impro01_F008," You- You can ask her if you want, but she's busy and she probably won't answer you.",fru
Ses05M_impro01_M010, This is ridiculous.  I've been here for forty five minutes. Just standing in this one line. I took fifteen minutes to fill out that form.,xxx
Ses05M_impro01_F009, I know.,neu
Ses05M_impro01_F010," Sir, you- I mean",fru
Ses05M_impro01_M011, Do you know how long it's gonna take me to start all over and fill out the new form?,fru
Ses05M_impro01_F011, You can waist as much as you want,fru
Ses05M_impro01_F012, Yeah.  I know it's gonna take a minute.  But you-- so you might as well get started now.,neu
Ses05M_impro01_M012, Might as well get started now? but Just take this one.,fru
Ses05M_impro01_F013," I can't take this one, sir. this is the wrong form.",fru
Ses05M_impro01_M013, Why can't we just -- you know what?  How about if we just pretend that I'm getting a -- renewing my California I.D. and we just don't tell anybody -- That I'm getting a new one from a different state?,fru
Ses05M_impro01_F014," Sir, please don't waste my time.",fru
Ses05M_impro01_F015, There is nothing I can do about it.  You need to take this other form and fill it out and go stand in the other line.,fru
Ses05M_impro01_M014," Come on!  You know -- you can't just take -- make a little exception to the rule?  I know that you guys make exceptions.  I see -- you know, if I was-if I was your friend and you knew me, or something like that, you'd probably make a little exception for me wouldn't you?",fru
Ses05M_impro01_F016," They're different forms, we process them all different-",fru
Ses05M_impro01_M015," Wouldn't you? Oh, come on.  you just tell me.  You would make an exception for me.",ang
Ses05M_impro01_F017, I -- there's no way I'd make an exception.,fru
Ses05M_impro01_F018," Sir, don't patronize me.  I can't make an exception.  I don't- I don't have the power to do that.  It's a different form.",fru
Ses05M_impro01_M016, Shh...I know you've got the power to do that.,fru
Ses05M_impro01_F019, They're processed differently.,fru
Ses05M_impro01_M017, That's crap- You're crap.  I don't buy it.,fru
Ses05M_impro01_F020," Sir, you're gonna have to go stand in the other line.",fru
Ses05M_impro01_M018, I'm not leaving this line until I get my new I.D.  That's as simple as it is.  I'm not leaving this line until I get my new I.D.,fru
Ses05M_impro01_F021, I'm gonna- I'm gonna bring security over and have them escort you out.,ang
Ses05M_impro01_M019," Well, then you're just gonna look stupid because I'm just waiting for an I.D. and you're gonna make security take me out because I want my I.D.",fru
Ses05M_impro01_M020, That's just dumb.,fru
Ses05M_impro01_F022, But you filled out the wrong form and you're in the wrong line and you're wasting both of our times.,fru
Ses05M_impro01_M021, I filled out the wrong form because they made me fill out the wrong form!,fru
Ses05M_impro01_F023," Well, that's unfortunate, sir.  You're gonna have to go stand in the other line now.",ang
Ses05M_impro01_M022," This is crap.  You know, I don't even know why I'm in this state.  Screw California.  I'm out of here.",fru
