Uid,Utterances,Labels
Ses05F_impro04_F000," Brian, I need help.",sad
Ses05F_impro04_M000," Babe, I don't know what to tell you.  Don't give up.",neu
Ses05F_impro04_F001, I don't--I'm just--I'm thinking maybe I should move back home or something.  I don't I don't know what to do.  I can't - I cant keep living the way I'm living.,xxx
Ses05F_impro04_M001," Well, of course not, but what are you going to do if you move back home?  Are you going to be able to find a job there?",neu
Ses05F_impro04_F002," I don't know.  I mean, what am I supposed to do? I've It's not for lack of effort.  I've been trying.",fru
Ses05F_impro04_M002," I wish I had some answers for you, babe.  I mean-I don't know what to tell you.",fru
Ses05F_impro04_F003, How did you get a job?  What am I - What am I supposed to do?,fru
Ses05F_impro04_M003, I went to school and I got my degree.  And I got a job.,neu
Ses05F_impro04_F004," I mean, I just don't--I don't know.  If you don't have a lot of qualification, where do you - where do you find work?  It's like L.A. is so frustrating because if you don't know somebody, you can't -you can't get a job.  It's impossible.  It's totally discriminatory.  You have to know somebody.",fru
Ses05F_impro04_M004, Nothing's impossible.,neu
Ses05F_impro04_F005, It's not fair.,fru
Ses05F_impro04_M005, You have to be willing - You have to be willing to start you know at the bottom and work your way up. and,neu
Ses05F_impro04_F006, That's fine.  I'd be willing to start anywhere.  I can't get a job.,fru
Ses05F_impro04_M006, I,fru
Ses05F_impro04_F007," I mean, on six seven and five an hour does not - does not pay the bills I mean.",fru
Ses05F_impro04_M007," No, it doesn't pay the bills, but it would pay something.  And it would help you get somewhere else.",neu
Ses05F_impro04_F008, I still can't live on in six seven and five.  It's not possible in Los Angeles.  Housing is too expensive.,ang
Ses05F_impro04_M008," and No, I understand, but you've got to start somewhere.  It's better than nothing and that's all you have.  You have nothing right now.",neu
Ses05F_impro04_F009," I mean I can do the McDonald's thing for a while as humiliating as that is, but I mean then what?  I mean You can't exactly move up in that kind of industry.",fru
Ses05F_impro04_M009," Wait, You can move up.  There's management programs in McDonalds and things like that.",neu
Ses05F_impro04_F010," Oh come on, that's not what I envisioned for myself. Honestly, would you settle for being a manager at McDonalds?",fru
Ses05F_impro04_MXX0," Well, of course not--",
Ses05F_impro04_M010," [GARBAGE] No, I wouldn't, but I--",neu
Ses05F_impro04_F011, This is humiliating.,fru
Ses05F_impro04_M011," Well, you know what?  Life gets humili... humiliating at times.",neu
Ses05F_impro04_F012," No, I don't I don't want to accept that.  I think that's bullshit.",fru
Ses05F_impro04_M012," Well, what are you going to do about it to make it different?",neu
Ses05F_impro04_F013, I don't know.  I feel like I've tried everything.,fru
Ses05F_impro04_M013, Have you?  There's got to be something else.,neu
Ses05F_impro04_F014, Three years of going out every day--every day--and looking for a job and being constantly denied everywhere I go.,fru
Ses05F_impro04_M014," I don't know what to tell you, babe. Maybe- Maybe you're right.  Maybe you do have to go someplace else.  I don't know, maybe it's just not meant to be here.  I mean I want you to-I don't want you to give up, but I mean I don't want you to move away, but at the same time, I don't like seeing you like this.",fru
Ses05F_impro04_F015, I'm just so scared to start over I mean.  I put so much time and energy into being here.,sad
Ses05F_impro04_F016," Where am I supposed to go?  I mean, like what?",sad
Ses05F_impro04_M015," If it's rent or something like that, I mean I can help you out a little bit, if- if that will help you you know stick with it.",neu
Ses05F_impro04_F017, I don't know. Maybe I can take out a loan. I just- I need prospects and I don't feel like I have any.,sad
Ses05F_impro04_M016," Well, just don't give up. And there's- you know, You never know, something might be around the corner tomorrow.",neu
Ses05F_impro04_F018, But that doesn't help me when I'm hungry now.,xxx
Ses05F_impro04_M017," Well, you know I'm not going to let you starve.",neu
Ses05F_impro04_F019, I'm just worried.,sad
Ses05F_impro04_M018," Of course, you're worried.  We're all worried.  I'm worried for you.  Everyone's always worried.  You know, I don't-maybe I have a job and yeah, it's a good job whatever and I'm happy, but it doesn't mean I'm going to have it tomorrow or the next day.  You never know what's going to happen.  Something crazy could happen tomorrow.	Something crazy can happen for you tomorrow and you'll get a job.  You never know.  You can walk up to somebody on the street and it'll be something great.  You've just got to be positive.  You're so negative all the time.",xxx
Ses05F_impro04_F020, It's three years.,fru
Ses05F_impro04_M019," I understand, but you know what, you've been negative for three years.",fru
Ses05F_impro04_F021, Is that honestly what you think?,xxx
Ses05F_impro04_M020," It's the way it seems to me.  You started complaining about not being able to find a job the first day you went out and didn't find a job.  And I'm not saying like and not trying to you know put you down or anything, it's just that-",neu
Ses05F_impro04_F022, That's really hard to hear.,sad
Ses05F_impro04_M021," But it's true, babe.  You've got to be more positive about things.  Like- Have some faith in yourself.",fru
Ses05F_impro04_F023, I feel like I have faith and now faith is running thin because there is no money.,sad
Ses05F_impro04_M022," Well, exactly.  Money is not everything.",neu
Ses05F_impro04_F024," Brian, I don't think you have a concept of what I mean by- by money.  I don't mean money like oh, I can't go get my hair and my nails done today, I mean like I can't eat.",fru
Ses05F_impro04_M023, You can.,fru
Ses05F_impro04_F025," No, no, really, if I can't pay to live somewhere, I'm going to end up living in my car.",xxx
Ses05F_impro04_M024, You know I would never let that happen.  I wouldn't let that happen.,neu
Ses05F_impro04_F026, I just-- I,fru
Ses05F_impro04_M025," You can always stay with me if you- if you have to stay with me for a while and get yourself back up on your feet again.  You know I'm not just going to you know just throw you to the wolves or something like that.  If there's any way I can help you, I will.",neu
Ses05F_impro04_F027," Well, thank you.",xxx
Ses05F_impro04_M026, But you have to keep trying.  You can't give up.,neu
Ses05F_impro04_F028," Yeah, I don't intend to stop trying.  I just--I don't when is when enough is enough.",fru
Ses05F_impro04_M027," And you've got to think--well, ask yourself why are they not hiring you?",neu
Ses05F_impro04_F029, I don't know.,fru
Ses05F_impro04_M028, I mean are you going in for interviews?,neu
Ses05F_impro04_F030," Yeah, and I look nice and I'm you know--",fru
Ses05F_impro04_M029, Are you presenting-,neu
Ses05F_impro04_F031, charismatic.,fru
Ses05F_impro04_M030, putting your best foot forward? or you,neu
Ses05F_impro04_F032," yah, to-totally, and I'm not--",fru
Ses05F_impro04_M031," Do they seem to like you? I mean, Can you get any read from them?",neu
Ses05F_impro04_F033," Yeah, I always think so, but I- I just feel like it's a lot of lip service everywhere I go.",fru
Ses05F_impro04_M032, Have you ever called them back and asked why you didn't get the job?,neu
Ses05F_impro04_F034," Yeah, I follow up.",fru
Ses05F_impro04_M033, Do they give you any specifics as to why they didn't go with you?,neu
Ses05F_impro04_F035, It's just like- it's a matter of-,fru
Ses05F_impro04_F036," not tall enough, not pretty enough, not--you know how this place is.",fru
Ses05F_impro04_M034," Yeah, I understand. maybe What jobs are we talking about?",neu
Ses05F_impro04_F037," I mean, anything.",fru
Ses05F_impro04_M035, Like- What's your ideal job?  What do you want to do?,neu
Ses05F_impro04_F038," Well, I'd like to be a working actor.",neu
Ses05F_impro04_M036, Of course.,neu
Ses05F_impro04_F039, But um--,neu
Ses05F_impro04_M037," Everyone wants to be a working actor, but they all work at something else.",neu
Ses05F_impro04_F040, Yeah.,neu
Ses05F_impro04_M038, So what's the something else?,neu
Ses05F_impro04_F041," Bartending, catering.",neu
Ses05F_impro04_M039," You can't get a catering gig?  Well, I can call some friends.  I- Well, I did call some friends before, but you went in once and then never went back.",neu
Ses05F_impro04_F042, Would you be willing to make some more calls on my behalf? I won't--I won't make you look bad.,sad
Ses05F_impro04_M040, If I- If you- Will you stick with it?,neu
Ses05F_impro04_F043, yeah.,neu
Ses05F_impro04_M041," Okay.  Okay, I'll call some people.",neu
Ses05F_impro04_F044, Thank you.,neu
Ses05F_impro04_M042," But you've got to keep looking for other stuff. You've got to do it on your own, too.  Okay?",neu
Ses05F_impro04_F045," I will, I will.",neu
Ses05F_impro04_F046," Yeah, thank you.",xxx
Ses05F_impro04_M043, You know I'll always help you.,neu
