Uid,Utterances,Labels
Ses05M_script02_2_M000," Well, so, what do you think?",exc
Ses05M_script02_2_F000, About what?,neu
Ses05M_script02_2_M001, What I was just saying.,exc
Ses05M_script02_2_F001, It's ridiculous.,neu
Ses05M_script02_2_M002, It certainly is not.  It's slightly exaggerated scientific fact.,fru
Ses05M_script02_2_F002, It's P.R. somebody sold you a bill of goods that this magical thing would be happening on the beach.,xxx
Ses05M_script02_2_M003," I'm not the only one, look at all these people.",xxx
Ses05M_script02_2_F003," Sure.  Everybody is told the same thing, it keeps us all excited.  It keeps us all coming back for more.  It keeps us thinking that life is gonna start now any minute if we can just find the right spot and get in on the action.",xxx
Ses05M_script02_2_M004, Are we talking about the same thing?,xxx
Ses05M_script02_2_F004," I'm sorry.  It's just, it's it's just fish to me.",fru
Ses05M_script02_2_M005," uh, Carla Can I ask you a question?  no, don't get upset, but are you having your period?",neu
Ses05M_script02_2_F005," God damn it, Augie.  Seriously, you always ask me that.  Why do you ask me that?  I hate it.  It's so insulting.",ang
Ses05M_script02_2_M006, What's bugging you then?,fru
Ses05M_script02_2_F006, I just - We just have different ideas of what this night is suppose to look like.,fru
Ses05M_script02_2_M007," It's not that complicated.  We come down here, the grunions arrive, they do their little fish thing.  We say ooh, awe, look at the little fish.  And then they go home and we go home.",fru
Ses05M_script02_2_F007," For God's sake, Augie.  It's- Grow up, we're not going to see the grunion.",xxx
Ses05M_script02_2_M008, Why not?,xxx
Ses05M_script02_2_F008, We We don't ever.  Have we ever?,fru
Ses05M_script02_2_M009, We've missed them twice.  That's hardly ever.,fru
Ses05M_script02_2_F009," Twice is every time we've tried, that's ever",ang
Ses05M_script02_2_M010," Well, we'll see them this year.",xxx
Ses05M_script02_2_F010," No, we won't.  It's like waiting up for Santa Clause or something.  I feel like as though my whole life is going to be standing on the beach waiting with my eyes opened expectantly, my hands clasped neatly in front of me, waiting for fish to show up.  And the fish will not show up.",ang
Ses05M_script02_2_M011," Okey, They're just fish.  It's nothing to get traumatized over.",fru
Ses05M_script02_2_F011, You don't understand anything I am saying.,fru
Ses05M_script02_2_M012," No, of course not.",fru
Ses05M_script02_2_F012, I did want to see it.  I always want to see it.  I just- I keep thinking this will be the time and it never is.,sad
Ses05M_script02_2_M013," I'm trying to work this backwards.  But I can't seem to pinpoint the time where everything went wrong here.  Okay, so --",fru
Ses05M_script02_2_M014," you were fine on the phone call with Marge, eating dinner was fine,talking- uh washing the dishes, no problem.  All right.  So, I'm taking a shower, you're watching TV, the news and you say the grunions are running tonight and I say, Great, let's go.  I'm feeling lucky.  And so, all right, and I'm putting on my coat, I'm putting out the animals, I'm pulling the car out of the garage.",fru
Ses05M_script02_2_F013, Do you remember the first time that we came to see the grunion?  It was about four years ago right after we got married.  We thought I was pregnant.  We had a bottle of champagne and no glasses.  You asked me to dance.  We took off our shoes.  And while we were dancing you said the most intimate things to me right in my ear so I could feel them as much as hear them.,sad
Ses05M_script02_2_F014," And I remember thinking to myself, finally.  I am as happy as I am supposed to be.",sad
Ses05M_script02_2_M015, Wait a minute.  I've got it.,xxx
Ses05M_script02_2_F015," Dancing barefoot in the sand, drinking champagne out of the bottle.",sad
Ses05M_script02_2_M016," It was in the car, right?  When we were passing Knickerbocker Liquor Locker, you said, Let's stop and get champagne. and I said that times a wasting or something like that, right?  You wanted it to be like it was before, right?",neu
Ses05M_script02_2_F016, I would rather not remember some things.  I'd rather not hope for something.,sad
Ses05M_script02_2_M017," Okay.  All right No problem.  I totally understand. okey  um, listen.  Do you want to dance?",xxx
Ses05M_script02_2_F017, No.,sad
Ses05M_script02_2_M018, Do you want me to go get some champagne?,xxx
Ses05M_script02_2_F018, No.,sad
Ses05M_script02_2_M019, Take off our shoes?,xxx
Ses05M_script02_2_F019, No.,sad
Ses05M_script02_2_M020," What, you want me to blow in your ear?",fru
Ses05M_script02_2_F020, [LAUGHTER] No.,xxx
Ses05M_script02_2_M021," Do you want to get married again?- What?  What, do you want a divorce?",fru
Ses05M_script02_2_FXX0, No.,
Ses05M_script02_2_F021, No.,xxx
Ses05M_script02_2_M022, A vacation?,fru
Ses05M_script02_2_F022, No.,sad
Ses05M_script02_2_M023," A poodle, a backrub, a spa, a suicide pack?  What, Carla, what the hell do you want?",fru
Ses05M_script02_2_F023, I just want- I just want things to turn out the way they are supposed to.,sad
Ses05M_script02_2_M024," Well, welcome to the human race.  Do you think this is what I had planned?  Do you think that when I proposed that I had this great fantasy going that four years down the road we would end up arguing on the beach over some fish?",ang
Ses05M_script02_2_M025," Do you think that I thought there would be times when you would look at me like I was used Kleenex or I would look at you and think, good God, when's the next flight to Alaska?  No.  No, I'm just like you. I thought it would all be like peaches and roses, and sand in our toes, and wind in our hair, and the fish would always come.  And the bills would magically pay themselves.  And we'd have three fat rosy kids.  But, ha ha, baby, the jokes on us!",ang
Ses05M_script02_2_M026," Because you know what you get, Carla?  You know what you get?  This.",ang
Ses05M_script02_2_F024, This?  What is this?  This isn't even anything.,xxx
Ses05M_script02_2_M027," Yes, it is.",xxx
Ses05M_script02_2_F025," Sure, this is standing on the beach.  This is waiting.  This is fighting.",xxx
Ses05M_script02_2_M028, Right.,fru
Ses05M_script02_2_F026, But this isn't at all what I wanted it to be.,sad
Ses05M_script02_2_M029," Now, I know.  Me either",sad
Ses05M_script02_2_F027," This is just this.  I mean, it's a lot and everything.  But it's not, you know, something else.  Am I making any sense?",sad
Ses05M_script02_2_M030, I'm trying the best I can.,sad
Ses05M_script02_2_F028," I know that, Augie.  I do.  I know that. And and I know that this meant a lot to you and and it's special, you know, with the sand and the moon but.",sad
Ses05M_script02_2_F029, But I just couldn't help thinking about being somewhere else.,sad
Ses05M_script02_2_M031," Maybe if you're with somebody else, too?",sad
Ses05M_script02_2_F030, I didn't say that.,sad
Ses05M_script02_2_M032," No, I know.  But I know I don't make you happy.",sad
Ses05M_script02_2_F031," For heavens sake, Augie, whatever I am doing, I'd rather it be with you.",sad
Ses05M_script02_2_M033, Really?,sur
Ses05M_script02_2_F032," Yes.  Don't you know that? I mean, You're probably the one you wishes you were with somebody else, somebody who didn't take everything so hard and who knew how to enjoy herself.",sad
Ses05M_script02_2_M034," Actually, now that you mention it, no.  I don't.",hap
Ses05M_script02_2_F033," Okay.  Well, we're in the wrong spot but we're with the right person.",xxx
Ses05M_script02_2_M035," I don't know.  I think this is a pretty good spot.  I mean, look at the view of the moon from here.",hap
Ses05M_script02_2_F034," Yes, I did notice that.  It does look really beautiful over the water.  Big old white moon.",hap
Ses05M_script02_2_M036," Oh, well look what we've got here.",hap
Ses05M_script02_2_F035," Augie, you brought refreshments.",xxx
Ses05M_script02_2_M037," Well, it isn't champagne.",hap
Ses05M_script02_2_F036," Well, then we don't need glasses.",xxx
Ses05M_script02_2_M038, Are you still cold?  Still want to go home?,xxx
Ses05M_script02_2_F037," No.  I'm beginning to think you might be right. I think  this might be the spot after all.  Augie, I'm sorry.",hap
Ses05M_script02_2_M039," Shh.  If we're really quiet, the fish might come.",xxx
Ses05M_script02_2_F038, Or not.,hap
Ses05M_script02_2_M040, Or not.,hap
