Uid,Utterances,Labels
Ses05F_script03_1_M000, Good God.,exc
Ses05F_script03_1_F000, You think it's them?,xxx
Ses05F_script03_1_M001, I wonder.,exc
Ses05F_script03_1_F001," Freda is the only one who knows we're up here, and she wouldn't call up.",xxx
Ses05F_script03_1_M002, It must be them then.,xxx
Ses05F_script03_1_F002, What will be do?,xxx
Ses05F_script03_1_M003," We're all right, darling, aren't we whatever happens?",xxx
Ses05F_script03_1_F003, Now and always my sweet.,xxx
Ses05F_script03_1_M004, I don't care then.,xxx
Ses05F_script03_1_F004, It was bound to happen sooner or later.,xxx
Ses05F_script03_1_M005, Hello?  Hello?  What?  Wrong number.,exc
Ses05F_script03_1_F005," Oh, it sent shivers up my spine.",exc
Ses05F_script03_1_M006," Oh, what shall we do if they suddenly walk in on us?",fea
Ses05F_script03_1_F006, Behave exquisitely.,exc
Ses05F_script03_1_M007, With the most perfect poise.,exc
Ses05F_script03_1_F007," Yes, I shall probably do a Court Curtsey.",exc
Ses05F_script03_1_M008," [LAUGHTER] Oh, the things that ought to matter most dreadfully don't seem to matter at all when one's happy, do they?",xxx
Ses05F_script03_1_F008, Um... It's a pity that one can't stay this way forever.,xxx
Ses05F_script03_1_M009," Darling, don't say that.",xxx
Ses05F_script03_1_F009," Well, it's true.",xxx
Ses05F_script03_1_F010, The whole business is really rather ridiculous.,neu
Ses05F_script03_1_M010," Meaning that sacred and beautiful thing, love?",xxx
Ses05F_script03_1_F011, Meaning exactly that.,neu
Ses05F_script03_1_M011," What does it all mean?  That's what I asked myself in my ceaseless quest for ultimate truth.  Dear God, what does it all mean?",exc
Ses05F_script03_1_F012, Don't laugh at me; I'm serious.,xxx
Ses05F_script03_1_M012," You mustn't be serious my dear one, that's just what they want.",xxx
Ses05F_script03_1_F013, Who's they?,neu
Ses05F_script03_1_M013," All the futile mortals who try to make life unbearable.  Laugh at them.  Be flippant.  Laugh at everything, all their sacred shibboleths.  Flippancy brings out the acid in their damned sweetness and light.",exc
Ses05F_script03_1_F014," Well, if I laugh at everything, I must laugh at us, too.",xxx
Ses05F_script03_1_M014, Certainly you must.  We're figures of fun alright [LAUGHTER].,exc
Ses05F_script03_1_F015," Well, what if-what happens when our love-",neu
Ses05F_script03_1_F016," How long will it last, this overbearing love of ours?",xxx
Ses05F_script03_1_M015, Who knows?,exc
Ses05F_script03_1_F017," Well, shall we always want to bicker and fight?",xxx
Ses05F_script03_1_M016," No, that fire will fade along with our passion.",exc
Ses05F_script03_1_F018," Oh, dear, shall we like that?",xxx
Ses05F_script03_1_M017, It all depends on how well we played.,exc
Ses05F_script03_1_F019," Well, what if one of us dies, does the other laugh then?",neu
Ses05F_script03_1_M018," Yes, yes, with all his might.",exc
Ses05F_script03_1_F020," Well, that's rather serious, isn't it?",xxx
Ses05F_script03_1_M019," No, no it isn't.  Death is very laughable.  Come such a cunning little mystery all done with mirrors.",exc
Ses05F_script03_1_F021," My dear, I do believe you're talking nonsense.",xxx
Ses05F_script03_1_M020," no, So is everyone else in the long run.  Let's be superficial and pity the poor philosophers.  Let's blow trumpets and squeakers and --",exc
Ses05F_script03_1_M021, enjoy the party as long as we can like very little quite idiotic schoolchildren. [garbage] Let's savor the delight of the moment.,exc
Ses05F_script03_1_M022," Darling, come here and kiss me before your body rots and worms pop in and out of your eye sockets.",exc
Ses05F_script03_1_F022," Elliot, worms don't pop.",xxx
Ses05F_script03_1_M023," I don't mind what you do, see, you could paint your body green all over and dance naked through the Place Vendome and run off with every man in the world.  And I shan't say a word as long as I know that you love me best.",xxx
Ses05F_script03_1_F023," Oh, thank you dear.  And the same goes for you except that if I so much as see you looking at another woman, I'll kill you.",xxx
Ses05F_script03_1_M024, Do you remember that awful scene we had in Venice?,exc
Ses05F_script03_1_F024, Which particular one?,xxx
Ses05F_script03_1_M025, The one where you bought that little painted wooden snake and put it on my bed.,exc
Ses05F_script03_1_F025, Charles.  That was his name.  He did wriggle so beautifully.,exc
Ses05F_script03_1_M026," Horrible thing, I hate it.",exc
Ses05F_script03_1_F026, I know.  You threw him out the window into the canal.  I don't think I'll ever forgive you for that.,xxx
Ses05F_script03_1_M027, How long did that row last?,exc
Ses05F_script03_1_F027, It went on intermittently for days.,xxx
Ses05F_script03_1_M028, The worst one was in Cannes when your curling irons burnt a hole in my new dressing gown.,exc
Ses05F_script03_1_F028," Uh- It burned all the towels in the bathroom, too.",xxx
Ses05F_script03_1_M029," Oh, that was quite a rouser, wasn't it?",exc
Ses05F_script03_1_F029, That was the first time you ever hit me.,xxx
Ses05F_script03_1_M030," Oh, I didn't hit you very hard.",neu
Ses05F_script03_1_F030, And then the manager came in and found us rolling around on the floor biting and scratching like panthers.,exc
Ses05F_script03_1_M031, [LAUGHTER] I shall never forget his face.,exc
Ses05F_script03_1_F031," Oh, ridiculous. utterly ridiculous",hap
Ses05F_script03_1_M032," Oh, we were very much younger then.",exc
Ses05F_script03_1_F032, And very much sillier.,xxx
Ses05F_script03_1_M033," Oh, As a matter of fact, the real cause of that row was Peter Burden.",exc
Ses05F_script03_1_F033, You knew there was nothing.,neu
