Uid,Utterances,Labels
Ses05F_impro05_F000," Hi,um- I think my baggage was lost, and I need to I guess file a claim or I don't know what.",neu
Ses05F_impro05_M000," Okay, what flight were you on?",neu
Ses05F_impro05_F001, Um-Seventeen. Coming from --,neu
Ses05F_impro05_M001, On what airline?,neu
Ses05F_impro05_F002, It was Virgin Atlantic coming from London.,neu
Ses05F_impro05_M002," From London, okay. Um- And you went through all your proper checkpoints?",neu
Ses05F_impro05_F003," Yeah, I don't know where it was lost.  I was coming from Africa, so.",fru
Ses05F_impro05_M003, So you haven't seen your bags since Africa. You flew threw Heath Row to here.,neu
Ses05F_impro05_F004, Right.,neu
Ses05F_impro05_F005, Yeah.,neu
Ses05F_impro05_M004," Okay.  Well, let me see here. I-",neu
Ses05F_impro05_M005, It seems like it went through Heath Row.  I see it here. uh-,neu
Ses05F_impro05_F006, That's good.,neu
Ses05F_impro05_M006, But uh- I don't see it here in the airport yet. uh,neu
Ses05F_impro05_M007, I'm not sure where it is.  We can absolutely keep an eye out for for it for you.,neu
Ses05F_impro05_F007," Well, I can't leave without it. I mean, Could you find out?",neu
Ses05F_impro05_M008," Well, I'm not a miracle worker.  I don't know what I can do for you.  I don't have the bag right here.",neu
Ses05F_impro05_F008," Right, well can you get on the computer maybe and like track it down and see when it's going to get here?",fru
Ses05F_impro05_M009," Well, as I told you, it left Heath Row and it seems to have arrived here.  But if you can't find it, then-are you sure you know what your bag looks like?",neu
Ses05F_impro05_F009," Yes, sir, I know what my bag looks like.",fru
Ses05F_impro05_M010," Okay, and what is that?  What kind of bag is it?",neu
Ses05F_impro05_F010, Um- It's a travel backpack.  It's green and gray.  It's got my name on it and my information.,neu
Ses05F_impro05_M011, And you couldn't find it?,fru
Ses05F_impro05_F011," No, it didn't turn up at the baggage claim.",fru
Ses05F_impro05_M012, Are you sure?,neu
Ses05F_impro05_F012, I mean we've gone through all of this.  I've been to five people already who--,fru
Ses05F_impro05_M013," Well, obviously, that wasn't me, so I'm going to have to ask you the same questions they asked you just so we can get to the same point.",fru
Ses05F_impro05_F013, Okay.,fru
Ses05F_impro05_M014," All right?  Now, um- it's green, travel bag, you couldn't find it.  And was there something important in it that you need it?",neu
Ses05F_impro05_F014," Yes, lots of really like -- sentimental value only, but--",fru
Ses05F_impro05_M015, Sentimental value.,neu
Ses05F_impro05_F015, --really important stuff.,xxx
Ses05F_impro05_M016," Right.  Well, I don't know what to tell you. Um- What I can offer you is a fifty dollar voucher on your next flight.",neu
Ses05F_impro05_F016," That's not going to cut it. Like, Really, I really need to get this bag back.",xxx
Ses05F_impro05_M017," No, I understand. I mean. It's got to be tough all those sentimental things, but um- this is all I can do for you.",neu
Ses05F_impro05_F017, Does this happen often?  Do they--you just lose baggage and you just offer people money for it?,fru
Ses05F_impro05_M018," Well, you know, sometimes that's--really, I mean what else could we do?",neu
Ses05F_impro05_F018, Uh- Not lose the baggage in the first place. I mean You're offering a service here. I paid so much money for that ticket.,ang
Ses05F_impro05_M019," Well,",neu
Ses05F_impro05_M020, Obviously ma'am.,fru
Ses05F_impro05_M021," I am sorry, ma'am.",fru
Ses05F_impro05_M022," Let's- Let's just relax for a moment, ma'am.  You understand, obviously, we're going to do everything we can to keep all of your luggage here.",neu
Ses05F_impro05_M023," Obviously, we're not trying to lose your luggage.  Do you really believe that we're trying to lose your luggage ma'am?",neu
Ses05F_impro05_F019," No, but I mean like why can't- why can't you find it?  Where did it go?  Who lost it?",ang
Ses05F_impro05_M024," Well, if I knew that, then I'd know where it was, wouldn't I?",xxx
Ses05F_impro05_F020," Well, I just-I paid so much money for this ticket.  I feel like you guys should be able to get-to offer me more than a fifty dollar voucher.",ang
Ses05F_impro05_M025," Well, we're talking about one bag.  You personally made it here, didn't you?",neu
Ses05F_impro05_F021," Yeah, meaning I didn't die in a fiery plane crash.  How convenient, but um- I paid two thousand dollar to ride your airline, and I would really appreciate getting my bags there to my destination in one place.",ang
Ses05F_impro05_M026, That's what the cost of the ticket was for.,fru
Ses05F_impro05_M027," Ma'am, international flights are not cheap and there's many reasons for that.  It does not have solely to do with your baggage or-",fru
Ses05F_impro05_F022," Right, but part of the agreement is that I'm paying so that I can take myself and my belongings with me.",ang
Ses05F_impro05_M028," Right. Yes, ma'am.",fru
Ses05F_impro05_F023, And that you're going to transport them safely from one place to another.,ang
Ses05F_impro05_M029," Right, and also if you'll read the fine print of your agreement you'll see that while we do bear some responsibility for lost luggage, it is a fifty dollar voucher.",fru
Ses05F_impro05_F024," That's all you can offer me? I mean, my the stuff in there is worth way more than fifty dollar.",ang
Ses05F_impro05_M030," Well, I understand that.  Did you buy flight insurance?",neu
Ses05F_impro05_F025, No.,xxx
Ses05F_impro05_M031," Well, my hands are really tied then.",neu
Ses05F_impro05_F026, Why do I need flight insurance?  Why don't you guys just guarantee that you're going to get the stuff that I leave with to my destination?,fru
Ses05F_impro05_M032," Well, it's like any kind of insurance.  You don't-when you get it, then you get more. You know, Like if you--",neu
Ses05F_impro05_F027," Right, but if I'm riding a bus, I don't need to buy luggage insurance that the backpack I take on is going to get to my destination with me.",fru
Ses05F_impro05_M033," Well, of course not because you've got your backpack with you the whole time.  Now, if you--you said this was a travel bag.  Why weren't you carrying it on if it was so important?",neu
Ses05F_impro05_F028, Because they made me check it.  It's too heavy.,fru
Ses05F_impro05_M034," Uh, so it was really heavy.",neu
Ses05F_impro05_F029," So I would have carried it on, but they made me check it and then they lost it.",xxx
Ses05F_impro05_M035," Well, you know what, it could still turn up, but until then I can offer you this fifty dollar voucher.",fru
Ses05F_impro05_F030, There's nothing else you can do?,fru
Ses05F_impro05_M036," I'm sorry, ma'am, there's nothing else I can do.  My hands are really tied here.  I really wish there was something else I could do for you.",neu
Ses05F_impro05_F031, I don't believe that for a second.,ang
Ses05F_impro05_M037, Well I don't know why you wouldn't believe that.,neu
Ses05F_impro05_M038," Obviously, I'm doing everything that I can here.",fru
Ses05F_impro05_F032," No, I don't think you are. I mean If you were doing everything you could, you'd either give me more money or you'd figure out where my bag is.",xxx
Ses05F_impro05_M039," Well, I have no way to give you more money.  I'm giving you as much money as I can, and figuring- as far as figuring out where you bag is-",neu
Ses05F_impro05_F033, What do you mean as you can?  Who makes up these rules?,ang
Ses05F_impro05_M040, makes up?,neu
Ses05F_impro05_F034, You're an autono- autonomous human being.  You could- You could go into the com-,ang
Ses05F_impro05_M041," The airline makes these rules, mom ma'am.",neu
Ses05F_impro05_F035, You could go into the computer and- you know- print-,xxx
Ses05F_impro05_M042, I've gone into the computer.  I told you exactly what I can see in the computer that your luggage did arrive here.,xxx
Ses05F_impro05_F036," So I'm just supposed to oh, well, oops, my luggage is gone and be fine with that and take your stinking fifty dollar voucher?",fru
Ses05F_impro05_M043," Well, you can take my stinking fifty dollar voucher and go home and wait and see if your luggage turns up. And if it does, then we'll deliver it to you.",fru
Ses05F_impro05_F037, And you have no guarantee.,fru
Ses05F_impro05_M044," I have no guarantee, absolutely not.",fru
Ses05F_impro05_F038, This is ridiculous.,fru
Ses05F_impro05_M045, How can I guarantee finding your luggage when it's lost?,fru
Ses05F_impro05_F039," Uh- Because you guys lost it, so it should be your responsibility to find it, too.",fru
Ses05F_impro05_M046," Right, well, when you're at home and you lose something, do you guarantee that you're going to find it later on?",fru
Ses05F_impro05_F040," Oh, come on.  Would you cut it out?  This is ridiculous.",fru
Ses05F_impro05_M047," Well, it sounds to me like you're being ridiculous",fru
Ses05F_impro05_F041," No, I don't think I am.  I like have a whole bunch of stuff that means a lot to me, and I brought it you know from Africa.  It's not like I can just go back and get it whenever I want.",ang
Ses05F_impro05_M048, Right.,neu
Ses05F_impro05_F042, It's not like I can go to Kmart and buy another.,ang
Ses05F_impro05_M049," I understand that, ma'am, but things get lost.  There's nothing I can do about that.  Things happen.  Accidents happen.",fru
Ses05F_impro05_M050," And while I really would love to be able to hand you your bag right now, obviously I can't do that.",neu
Ses05F_impro05_F043, okay fine.,xxx
Ses05F_impro05_M051, So you'd like the fifty dollar voucher?,neu
Ses05F_impro05_F044," Yeah, I'll take your fifty dollar voucher.",fru
Ses05F_impro05_M052," Okay, just fill out these three forms, and um- you'll- we'll have that sent to you within the next three weeks and, of course, we'll definitely keep an eye out for your bag.",neu
Ses05F_impro05_F045, Thanks.,fru
Ses05F_impro05_M053, You have a wonderful day.,neu
