Uid,Utterances,Labels
Ses05F_script02_1_M000," What time is it?  Isn't it supposed to start running around midnight?  This is great, isn't it?  Look at this great night we got here.  Couldn't be better--",exc
Ses05F_script02_1_M001, actually I was hoping to go a little bit further up the coast to get away from the lights and the people but I was afraid I will miss it.  How are you doing?,exc
Ses05F_script02_1_F000, Fine.,neu
Ses05F_script02_1_M002," Is that--no, no no is that foam?  I can't even tell, although if I- if I can't tell, it probably isn't it?  Right It'll probably be unmistakable, but don't you think?  How you doing?",exc
Ses05F_script02_1_M003," Oh no, you know what I did.  I forgot my flashlight.  How could I be so stupid?  I can't believe I forgot my flashlight.",exc
Ses05F_script02_1_F001, What flashlight?,neu
Ses05F_script02_1_M004," The flashlight, the silver one, there's only one, isn't there?",fru
Ses05F_script02_1_F002, It's not your flashlight.,fru
Ses05F_script02_1_M005, Whose is it?,fru
Ses05F_script02_1_F003, It's ours- our flashlight.  It's yours and mine.,xxx
Ses05F_script02_1_M006," Well, Sure.",fru
Ses05F_script02_1_F004," I mean you keep saying ,my flashlight, as if it's somehow just yours.  How's that suppose to make me feel?",fru
Ses05F_script02_1_M007," No, Of course, you are right.  Our flashlight.  Me flashlight is you flashlight naturally.  How can we not think to bring it?",fru
Ses05F_script02_1_M008," Well, I hope the moon stays out.  Well, I wonder do they always wander during a full moon?  I can't remember, wasn't it full last year?  Do you remember?",xxx
Ses05F_script02_1_F005, yes.,neu
Ses05F_script02_1_M009," Are you cold?  You want my jacket?  We should have bought a blanket.  Our blanket-.  This is great, isn't it?",exc
Ses05F_script02_1_M010," I didn't even think to bring a six-pack.  A six-pack would be just the thing right about now. I can't believe I forgot.  And look at kid, I am surprise I make it out of the house about flies it.",exc
Ses05F_script02_1_M011, [LAUGHTER] I wonder if they can hear me talk or if they can feel the vibration in the sand when we are moving around,exc
Ses05F_script02_1_F006, I am cold.,xxx
Ses05F_script02_1_M012, you want my jacket?,exc
Ses05F_script02_1_F007," It's after eleven, let's go home.",neu
Ses05F_script02_1_M013," Are you kidding?  We'd miss it. We just got here, what's the point of coming out here if we are just going to leave.",xxx
Ses05F_script02_1_F008, There is no point in coming out here.,fru
Ses05F_script02_1_M014, Right.,exc
Ses05F_script02_1_F009, That's my point.,xxx
Ses05F_script02_1_M015, That's my point too.,xxx
Ses05F_script02_1_F010, So let's go.,fru
Ses05F_script02_1_M016," No, no, no.  That's not my point.  My point is what's the point in coming down here if we are just going to turn around and go home.  Don't you want to see it?",xxx
Ses05F_script02_1_F011, Not particularly.,neu
Ses05F_script02_1_M017, Why not?,fru
Ses05F_script02_1_F012, I just don't.,neu
Ses05F_script02_1_M018," Honey, this is a natural phenomenon. I mean,  It happens like once a year.  It's a great opportunity.",exc
Ses05F_script02_1_M019," Think about people in Kansas, they have to get a- a plane reservation and a hotel reservation just to see this uh- but we are just forty minutes away.  Too good to pass up.",exc
Ses05F_script02_1_F013," Pass up what?  Its little fish, one month on the beach and they flop around and they swim away and then they die.",fru
Ses05F_script02_1_M020," Yeah but that moment on the beach is the highlight of their little lives, all that flopping around is laying eggs or what you- mating or spawning or something like that.",exc
Ses05F_script02_1_M021, This is a big night for these guys.  Life's last orgy. Yeah,exc
Ses05F_script02_1_F014," What are you so excited about?  I mean it's not--it's not rocket science we are talking about, its fish.  Its fish nobody even eats.",fru
Ses05F_script02_1_M022, Yeah they do.,xxx
Ses05F_script02_1_FXX0, Augie.,
Ses05F_script02_1_M023," Okay, but they are fish that do something that no other fish do.  Like the swallows returning to Capistrano, or the lemmings jumping off a cliff you know like that.",exc
Ses05F_script02_1_M024, There's There's mystery here and magic.  A little bit of the unexplainable.  I can't understand how you could not be interested.,exc
Ses05F_script02_1_F015, I am just not.,neu
Ses05F_script02_1_M025, For real?,sur
Ses05F_script02_1_F016, Yes.,neu
Ses05F_script02_1_M026," I don't get it, the first time we came out here, you said it was the best night of your life and last year I remember distinctly you were so excited that you stuff your toe pushing me out of the door and you didn't notice it until you got into the car.",xxx
Ses05F_script02_1_F017," Last year you also remember, our shoes got wet and I got sand in my panties and we got into a big fight.  You had a sore throat and we did not see the grunions.",fru
Ses05F_script02_1_M027, We weren't in a good spot.,fru
Ses05F_script02_1_F018, We didn't see them the first time either.,fru
Ses05F_script02_1_M028, We just weren't in a good spot.  This is a much better spot.  I got a great instinct for these things.,xxx
Ses05F_script02_1_M029," Look there, what's that?  Is it?  Is that a--Ah, it's a seaweed isn't it?",exc
Ses05F_script02_1_M030," Oh, this is great.  I wouldn't miss this for the world.  I mean think about this. I know you are not interested but think about this for a second.",exc
Ses05F_script02_1_M031," Somewhere out there, is a giant mass of silver fish all swimming in this direction.  They don't know why and we don't know why. They didn't get an invitation.  And it wasn't a vote- it wasn't a decision.  And nobody sent them a map or anything like that.",exc
Ses05F_script02_1_M032, It's just some little instinctual time-release firecracker that went off inside them and all this one they turn around and form a line as long as the California coast and just started swimming.,exc
Ses05F_script02_1_M033," They are swimming right now as if it's the only thing that matters.  It's- It's single mindedness with no mind, urgency that's pure urge. It's- They don't know what drives them.  They- They don't give any name or ask any question. They just turn as one and started to swim to the very point we are standing right now for a massive celebration of sex and death.  God, it's giving me goose bumps all over my hairs on my arm. popping up.",exc
Ses05F_script02_1_F019, That's the wind.,xxx
Ses05F_script02_1_M034," Well, So what do you think?",exc
