Uid,Utterances,Labels
Ses05F_script01_3_F000, You're the only one I know who loves his parents.,hap
Ses05F_script01_3_M000, I know.  It's going out of style isn't it?,hap
Ses05F_script01_3_F001," No, it's good.",hap
Ses05F_script01_3_F002, It's so lovely here.  The air is sweet.,hap
Ses05F_script01_3_M001, So you're not sorry you came?,xxx
Ses05F_script01_3_F003, No.  But I'm not going to stay.,hap
Ses05F_script01_3_M002, Why?,sur
Ses05F_script01_3_F004, Well your mother has much as told me to leave.,xxx
Ses05F_script01_3_M003, Well--,xxx
Ses05F_script01_3_F005," Well, you saw that! And you.  You've been-",xxx
Ses05F_script01_3_M004, What?,neu
Ses05F_script01_3_F006, Well sort of embarrassed soon as I came.,sad
Ses05F_script01_3_M005, Well the plan was to kind of sneak up on you over a period of a week or so.  But uh- they take it for granted that we're all set.,hap
Ses05F_script01_3_F007, I figured they would- your mother at least.,xxx
Ses05F_script01_3_M006, How did you know?,neu
Ses05F_script01_3_F008," Well, from her point of view why else would I come?",neu
Ses05F_script01_3_M007," Well, would you want to?  I guess you know this is why I asked you to come.",xxx
Ses05F_script01_3_F009, I guess this is why I came.,hap
Ses05F_script01_3_M008," Anne, I love you.  I love you a great deal.  I love you!",hap
Ses05F_script01_3_M009," I- I -I have no imagination, that's all I know what to say, I-I'm embarrassing you. I I didn't want to tell you here.  I wanted it to be some place different, some place where we could be new to each other you know.",exc
Ses05F_script01_3_M010," You feel it's wrong here, don't you- this yard, this chair?  I want you to be ready for me Annie.  I don't want to win you away from anything.",exc
Ses05F_script01_3_F010," Chris, I've been ready for a long time.",xxx
Ses05F_script01_3_M011," Then, he's gone forever-you're sure?",xxx
Ses05F_script01_3_F011, I almost got married two years ago.,xxx
Ses05F_script01_3_M012, Why didn't you?,xxx
Ses05F_script01_3_F012, You started to write me.,xxx
Ses05F_script01_3_M013, You felt something that far back?,xxx
Ses05F_script01_3_F013, Every day since.,xxx
Ses05F_script01_3_M014," Annie, why didn't you say something to me?",xxx
Ses05F_script01_3_F014, Well I was waiting for you!  I mean I didn't-until then you hadn't written and when you write- when you wrote what did you say?  I mean you sure can be ambiguous Chris.,xxx
Ses05F_script01_3_M015," Give me a kiss, Ann. Give me a-",xxx
Ses05F_script01_3_M016, Oh God- I kissed Annie! I can't believe I kissed Annie!  How long I've wanted to do this.,exc
Ses05F_script01_3_F015, I'll never forgive you.  Why did you wait so long?  All this time I've been wondering if I was a fool for thinking of you!,hap
Ses05F_script01_3_M017," Oh Annie, we're going to live now.  I'm going to make you so happy.",exc
Ses05F_script01_3_F016," Not like that, you're not.",hap
Ses05F_script01_3_M018, I kissed you.,xxx
Ses05F_script01_3_F017," Like Larry's brother.  Do it like you, Chris.  Chris, what's the matter?",hap
Ses05F_script01_3_M019, Let's Let's drive someplace.  I- I want to be alone with you.,xxx
Ses05F_script01_3_F018," No, what is it, your mother?",xxx
Ses05F_script01_3_M020," No, nothing like that.",xxx
Ses05F_script01_3_F019," What is it?  Even in your letters, there is something ashamed.",xxx
Ses05F_script01_3_M021," Yeah, I suppose I have been.  But it's going from me.",sad
Ses05F_script01_3_M022, I don't know how to start.,xxx
Ses05F_script01_3_F020, It wouldn't work like this.,sad
Ses05F_script01_3_M023," It's- It's mixed up with so many other things, I-",sad
Ses05F_script01_3_M024, Remember when I was overseas?  I was in command of the company.,sad
Ses05F_script01_3_F021, yeah sure.,neu
Ses05F_script01_3_M025, Yeah.  I lost them.,sad
Ses05F_script01_3_F022, how many?,sad
Ses05F_script01_3_M026, just about all.,sad
Ses05F_script01_3_F023, Oh gee.,sad
Ses05F_script01_3_M027, Takes a little time to toss something like that off you know because they weren't just men-,sad
Ses05F_script01_3_M028," for instance, there's this one time.  It had been raining for several days.  And this kid came up to me and gave me his last pair of dry socks. you know, He just put them in my pocket.",sad
Ses05F_script01_3_M029," I know that- that's not a big thing, but it's just the kind of guys I had. They didn't die. They- They killed themselves for each other.",sad
Ses05F_script01_3_M030, I mean that exactly that-a little more selfish and they would have still been here today.,sad
Ses05F_script01_3_M031," And I got an ideal, watching them all go down.  Everything was being destroyed see and-",sad
Ses05F_script01_3_M032," but it seemed to me that something new was being created at the same time, a kind of responsibility, man for man.  Do you understand me?",sad
Ses05F_script01_3_M033, And to show that-to-to bring that back onto the earth again like a- like a monument.  And everyone would have it standing behind them and- and it would make a difference for them.,sad
Ses05F_script01_3_M034, And then I went home and it was incredible.  It had no meaning here.,sad
Ses05F_script01_3_M035," It was all like some kind of bus accident to them.  I went back to work with my dad, in that whole rat race again.",sad
Ses05F_script01_3_M036, And I felt what you said- ashamed somehow-because nobody had changed at all.  It seemed to make suckers out of a whole lot of guys. and,sad
Ses05F_script01_3_M037," It felt wrong to be alive-to open that bank-book; to buy that new car; to look at that new refrigerator.  I mean, you can take those things out of the war, but if you drive that car, you have to know that that comes from the love that a man has for a man.  And you've got to be a little bit better than that!",sad
Ses05F_script01_3_M038," And if you're not, then it's all just loot and it's got blood on it, and I don't want any of it!  And, I guess that included you.",xxx
Ses05F_script01_3_F024, Do you still feel like that?,neu
Ses05F_script01_3_M039," I I want you now, Annie.",exc
Ses05F_script01_3_F025," Because you can't feel like that anymore Chris, you hear me?  I mean everything that you have, you deserve.  And that includes me.  And your father?  Your father put hundreds of planes in the air, you should be proud.  A man should be paid for that.",sad
Ses05F_script01_3_M040," Oh Annie.  Annie, I am going to make you a fortune!",hap
Ses05F_script01_3_F026, What would I do with a fortune?,hap
