Uid,Utterances,Labels
Ses05M_script01_3_F000, You're the only one I know who loves his parents.,neu
Ses05M_script01_3_M000," I know.  It's going out of style, isn't it?",xxx
Ses05M_script01_3_F001, It's all right.  It's a good thing.  It's lovely here.  The air is sweet.,hap
Ses05M_script01_3_M001," So, you're not sorry I came?",exc
Ses05M_script01_3_F002, No.  But I'm not going to stay.,xxx
Ses05M_script01_3_M002, Why?,sur
Ses05M_script01_3_F003," Well, your mother, first of all, pretty much told me to leave.",neu
Ses05M_script01_3_M003, Well-,neu
Ses05M_script01_3_F004, You saw that.  And well you've been --,xxx
Ses05M_script01_3_M004, What?,xxx
Ses05M_script01_3_F005, You've been sort of embarrassed since I got here.,xxx
Ses05M_script01_3_M005," Well, I planned on kind of sneaking up on you in a period of a week or so, but they all take it for granted that we're set.",xxx
Ses05M_script01_3_F006," I figured they would, your mother at least.",neu
Ses05M_script01_3_M006, How did you know?,xxx
Ses05M_script01_3_F007," Well, from her perspective, I mean, why else would I come here?",neu
Ses05M_script01_3_M007," Well, so would you want to?  I mean, I guess you know that's why I asked you to come.",xxx
Ses05M_script01_3_F008," Yes, that's why I came.",xxx
Ses05M_script01_3_M008," Annie, I love you.  I love you a great deal.  I love you. -I",xxx
Ses05M_script01_3_M009," I don't know what to say.  I have no imagination.  That's all I have to say to you.  God, I'm embarrassing you. I-I didn't want to do this here. I- I wanted to do it someplace different, someplace where we could be new to each other.",xxx
Ses05M_script01_3_M010," You feel it's wrong here, don't you; this yard, this chair?  I want you to be ready for me, Annie. I- I don't want to win you away from anything.",exc
Ses05M_script01_3_F009," Oh, Chris I've been ready for a long time.",hap
Ses05M_script01_3_M011, So he's gone forever then?  You sure?,xxx
Ses05M_script01_3_F010, I almost got married two years ago.,sad
Ses05M_script01_3_M012, Why didn't you?,sur
Ses05M_script01_3_F011, You started to write me.,xxx
Ses05M_script01_3_M013, You felt something that far back?,hap
Ses05M_script01_3_F012, Everyday since.,hap
Ses05M_script01_3_M014," Annie, why didn't you call me or tell me?",xxx
Ses05M_script01_3_F013," Well, I mean, until then you never wrote and when you did, what did you say?  I mean, you sure can be ambiguous.",exc
Ses05M_script01_3_M015," Give me a kiss, Annie.  Give me a --",xxx
Ses05M_script01_3_M016," oh, God I kissed Annie.  I kissed Annie. I can't How long have I waited to do that?",exc
Ses05M_script01_3_F014, I'll never forgive you.  Why did you wait so long?  All this time I've sat around wondering if I was crazy for thinking of you.,xxx
Ses05M_script01_3_M017," Oh, Annie, we're gonna live now.  I'm going to make you so happy.",exc
Ses05M_script01_3_F015, Not like that you're not.,exc
Ses05M_script01_3_M018, I kissed you.,sur
Ses05M_script01_3_F016," Like Larry's brother.  Do it like you, Chris.  What's the matter?",sad
Ses05M_script01_3_M019, Lets go for a ride.  I I- I want to be alone with you.,sad
Ses05M_script01_3_F017," No.  Chris, what is it?  Is it your mother?",xxx
Ses05M_script01_3_M020," No, nothing like that.",sad
Ses05M_script01_3_F018, You have to tell me.,xxx
Ses05M_script01_3_F019, Even in your letters there was something ashamed.,sad
Ses05M_script01_3_M021," Yeah, I suppose I have been.  But it's going for me.",sad
Ses05M_script01_3_F020, You have to tell me.,sad
Ses05M_script01_3_M022, I don't I don't know where to start.,neu
Ses05M_script01_3_F021, It wouldn't work like this.,sad
Ses05M_script01_3_M023, It's so mixed up with so many other things.,sad
Ses05M_script01_3_M024," You remember when I was overseas, I was in command of a company?",xxx
Ses05M_script01_3_F022," Yeah, sure.",neu
Ses05M_script01_3_M025, I lost them.,sad
Ses05M_script01_3_F023, How many?,sad
Ses05M_script01_3_M026, Just about all.,sad
Ses05M_script01_3_M027," It- It takes time to toss something like that off,I mean, because they weren't just men.",sad
Ses05M_script01_3_M028," For instance, there was this time, and it had been raining for several days, and this kid came up to me and he gave me his last pair of dry socks, just put them in my pocket.",xxx
Ses05M_script01_3_M029, I know it's it's just a little thing but that's just the kind of guys I had.  They didn't die.  They killed themselves for each other.,sad
Ses05M_script01_3_M030," I mean that exactly, anymore selfish -- just a little bit more selfish and they would have been here today. And it gave me an idea as I was watching them all go down.",sad
Ses05M_script01_3_M031," Everything was being destroyed see, but I felt like something new was being created at the same time.  Like it kind of -- responsibility.  You know, man to man.  Do you understand what I'm saying?",xxx
Ses05M_script01_3_M032," And and to see that again, to to bring that back on the earth again, like- like a monument that that would stand behind these men and and and it would make a difference to them.",xxx
Ses05M_script01_3_M033, It was and then I went home.  And it was incredible.  It didn't have any meaning there.,sad
Ses05M_script01_3_M034," I mean, the whole thing was like some kind of bus accident to them.",xxx
Ses05M_script01_3_M035, So I went back to work for my dad and that whole rat race again.,xxx
Ses05M_script01_3_M036," I felt what you said, ashamed somehow because nobody had changed at all.",sad
Ses05M_script01_3_M037," It seemed to make suckers out of so many guys.  And I-I felt wrong to be alive; to to open that bank book, to to drive that car, the new car, and look at that new refrigerator. I mean,",fru
Ses05M_script01_3_M038," you can take those things out of the war, but if you're gonna drive that car you've got to know that that came from the love a man can have from a man. And you've got to be a little bit better because of that.  Because if you're not, then it's all just loot and there's blood on it and I didn't want any of it.",fru
Ses05M_script01_3_M039, And I guess that included you.,sad
Ses05M_script01_3_F024, Do you still feel like that?,sad
Ses05M_script01_3_M040," I want you now, Annie.",sad
Ses05M_script01_3_F025," Because you can't feel like that anymore, Chris.  Because everything you have, you have a right to, me included.",sad
Ses05M_script01_3_F026," And you father, he put hundreds of planes in the air and you should be proud.  A man should be paid for that.",xxx
Ses05M_script01_3_M041," Oh, Annie,",exc
Ses05M_script01_3_F027, [LAUGHTER] What will I do with a fortune?,hap
Ses05M_script01_3_M042, Annie I am going to make you a fortune.,hap
M, Oh [garbage],
