Uid,Utterances,Labels
Ses05M_script03_1_M000, Oh Good God.,xxx
Ses05M_script03_1_F000, Do you think it's them?,fea
Ses05M_script03_1_M001, I wonder.,exc
Ses05M_script03_1_F001," what, Nobody knows we are here except Freda and she wouldn't ring up.",exc
Ses05M_script03_1_M002, Must be them then?,fea
Ses05M_script03_1_F002, What do we do?,exc
Ses05M_script03_1_M003," We're all right, aren't we, darling, whatever happens?",neu
Ses05M_script03_1_F003," Now and always, my sweet.",exc
Ses05M_script03_1_M004, I don't care then.,exc
Ses05M_script03_1_F004, It was bound to happen sooner or later.,exc
Ses05M_script03_1_M005, Hello?  Hello?  What?  Wrong number.,xxx
Ses05M_script03_1_F005," Oh, it sent shivers up my spine.",exc
Ses05M_script03_1_M006," Oh, what shall we do if they suddenly walk in on us.",exc
Ses05M_script03_1_F006, Behave exquisitely.,xxx
Ses05M_script03_1_M007, With the worst- with the most perfect poise?,exc
Ses05M_script03_1_F007, I shall probably do a Court Curtsey.,xxx
Ses05M_script03_1_M008," Uhh, It's amazing how once you feel--",exc
Ses05M_script03_1_M009," things that ought to matter most dreadfully don't matter at all when one's happy, do they?",exc
Ses05M_script03_1_F008, What's so horrible is that one can't stay happy.,xxx
Ses05M_script03_1_M010," Uhh, You mustn't say that, my darling.",exc
Ses05M_script03_1_F009," Well, it's true.  The whole business is a very poor joke.",xxx
Ses05M_script03_1_M011," Being that sacred and wonderful thing, love.",exc
Ses05M_script03_1_F010, Meaning just that.,xxx
Ses05M_script03_1_M012," Um What does it all mean?  That's what I ask myself in my endless quest for ultimate truth.  Dear God, what does it all mean?",exc
Ses05M_script03_1_F011, Don't laugh at me.  I'm serious.,neu
Ses05M_script03_1_M013," You mustn't be serious, darling.  That's just what they want.",exc
Ses05M_script03_1_F012, Who's they?,neu
Ses05M_script03_1_M014," All the futile mortals who try to make life unbearable.  Laugh at them, Be flippant.  Laugh at everything, all their sacred shibboleths.",exc
Ses05M_script03_1_M015, uh- the- Being flippant brings out the acid in their damned beauty and light.,exc
Ses05M_script03_1_F013," If I laugh at everything, then I must laugh at us too.",neu
Ses05M_script03_1_M016, Certainly you must.  We are figures of fun all right.,exc
Ses05M_script03_1_F014," Oh, how long will it last, this ludicrous, overbearing love of ours?",xxx
Ses05M_script03_1_M017, [garbage] who knows?,xxx
Ses05M_script03_1_F015," Well, will we always bicker and fight?",neu
Ses05M_script03_1_M018, No.  That fire will fade along with our passion.,exc
Ses05M_script03_1_F016," Oh, dear.  Shall we like that?",xxx
Ses05M_script03_1_M019," Well, it depends on how well we played.",xxx
Ses05M_script03_1_F017," What if one of us dies, does the other one laugh then?",neu
Ses05M_script03_1_M020," Yes, yes, with all his might.",exc
Ses05M_script03_1_F018," That's rather serious, isn't it?",xxx
Ses05M_script03_1_M021," No, no that is quit laughable.  The cutting little mystery all done with mirrors.",exc
Ses05M_script03_1_F019," Darling, I do believe you're talking nonsense.",xxx
Ses05M_script03_1_M022," So is everyone else in the long run.  Let's be superficial and pity the poor philosophers.  Let's blow trumpets and squeakers and enjoy the party as long as we can, like little quiet idiotic school children.",exc
Ses05M_script03_1_M023," [garbage] Darling, kiss me before your body rots and worms start popping in and out of your eye sockets.",exc
Ses05M_script03_1_F020," Elliott, worms don't pop.",neu
Ses05M_script03_1_M024," I don't care what you do.  See, you could paint your body bright green and and run naked through the Place Vendome and run with every man in the world and I shan't say a word.  As long as I know that you love me best.",exc
Ses05M_script03_1_F021," Uhh, Thank you, darling.  And the same goes for you, except that if I ever see you so much as look at another woman, I'll kill you.",xxx
Ses05M_script03_1_M025, Do you remember that awful scene we had in Venice?,exc
Ses05M_script03_1_F022, Which particular one?,xxx
Ses05M_script03_1_M026, The one where you bought that little painted wooden stake and you put it on my bed.,exc
Ses05M_script03_1_F023," Awe, Charles.  That was his name.  He did wriggle so beautifully.",xxx
Ses05M_script03_1_M027, Horrible thing.  I hated it.,exc
Ses05M_script03_1_F024, I know you did.  You threw it out the window into the Canal below.  I don't think I'll ever forgive you for that.,exc
Ses05M_script03_1_M028, How long did that roue last?,exc
Ses05M_script03_1_F025, It went on intermittently for days.,xxx
Ses05M_script03_1_M029," Oh, The worst one was in Cannes when your curling iron burnt a hole in my new dressing gown?",exc
Ses05M_script03_1_F026," Oh, It burnt my comb and all the towels in the bathroom.",exc
Ses05M_script03_1_M030," [LAUGHTER] That was quit a rouser, wasn't it?",exc
Ses05M_script03_1_F027, That was the first time you hit me.,xxx
Ses05M_script03_1_M031," Oh, I didn't hit you very hard.",exc
Ses05M_script03_1_F028," And then the manager came in and saw us all rolling all over the floor, biting and scratching one another. [LAUGHTER]",xxx
Ses05M_script03_1_M032, I should never forget his face. [LAUGHTER],exc
Ses05M_script03_1_F029," How ridiculous, utterly ridiculous",xxx
Ses05M_script03_1_M033, We were very much younger then.,exc
Ses05M_script03_1_F030, Very much sillier.,xxx
Ses05M_script03_1_M034," Come to think of it, the real cause of that roues was Peter Burden.",xxx
Ses05M_script03_1_F031, You knew there was nothing in that.,neu
