Uid,Utterances,Labels
Ses05M_script01_1_F000, What's he going to say?  Maybe we should tell him before he sees it.,sad
Ses05M_script01_1_M000, He saw it.,xxx
Ses05M_script01_1_F001, When?  I was the first one up.  He was still in bed.  How could he have seen it?,sad
Ses05M_script01_1_M001, He was out here when it broke.,xxx
Ses05M_script01_1_F002, When?,xxx
Ses05M_script01_1_M002," I don't know, like, four o'clock this morning.  I heard a crack, and I woke up, and I looked out the window and he was standing right there when it broke.",xxx
Ses05M_script01_1_F003, What was he doing out here at four in the morning?,xxx
Ses05M_script01_1_M003," I don't know, but after it broke he ran back inside and started crying in the kitchen.",xxx
Ses05M_script01_1_F004, Did you talk to him?,sad
Ses05M_script01_1_M004, No.  I figured it was best to leave him alone.,sad
Ses05M_script01_1_F005, He cried hard?,sad
Ses05M_script01_1_M005, I could hear him right through the floor in my room.,xxx
Ses05M_script01_1_F006," What was he doing out there at that hour?  He's getting just like after Larry died, walking around at night.  He dreams.",xxx
Ses05M_script01_1_M006, I guess he is.,xxx
Ses05M_script01_1_F007, What's the meaning of that?,xxx
Ses05M_script01_1_M007," I don't know the meaning of it, but you know one thing Mom, we made a terrible mistake with dad.",xxx
Ses05M_script01_1_F008, What?,xxx
Ses05M_script01_1_M008, Being dishonest with him.  It's the kind of thing that pays off and now it's paying off.,xxx
Ses05M_script01_1_F009, What do you mean dishonest?,xxx
Ses05M_script01_1_M009, You know that Larry's not coming back and I know it.  So why do we go on letting him think that we believe with him?,fru
Ses05M_script01_1_F010," What do you want to do, argue with him?",fru
Ses05M_script01_1_M010, I don't want to argue with him.  But it's time he knows that nobody else thinks that Larry's alive anymore.,fru
Ses05M_script01_1_M011," Why should he dream about him, walking around looking for him at night?  Do we contradict him?  Do we say straight out that we don't have any hope anymore, that we haven't had any hope for years now?",ang
Ses05M_script01_1_F011, You can't say that to him.,xxx
Ses05M_script01_1_M012, We have to say it to him.,fru
Ses05M_script01_1_F012, how are you gonna prove it?  Can you prove it?,fru
Ses05M_script01_1_M013, For Gods sake!  Three years!  Nobody comes back after three years.  That's insane!,ang
Ses05M_script01_1_F013," To you it is and to me, but not to him.  Now you can talk yourself until you're blue in the face, Chris, but there's no body and there's no grave.  So where are you?",fru
Ses05M_script01_1_M014," Sit down, mom.  I want to talk to you.",xxx
Ses05M_script01_1_F014," The trouble is the God damn newspapers.  I mean every every week a kid turns up, missing like longer than Larry.",ang
Ses05M_script01_1_M015," All right.  All right, mom.  Just listen.  You know why I invited Annie her, don't you?",fru
Ses05M_script01_1_F015, Why?,xxx
Ses05M_script01_1_M016, You know.,neu
Ses05M_script01_1_F016," Well, I have an idea.  But what's the story?",xxx
Ses05M_script01_1_M017, I'm going to ask her to marry me.,neu
Ses05M_script01_1_F017," Well, that's your business, Chris.",xxx
Ses05M_script01_1_M018, It's not just my business.,fru
Ses05M_script01_1_F018," Well, what do you want me to do?  You're old enough to make- to know your own mind.",ang
Ses05M_script01_1_M019, So it's okay then?  I should just go ahead and do it?,fru
Ses05M_script01_1_F019," Well, you want to make sure that your father isn't --",xxx
Ses05M_script01_1_M020," Oh, so it isn't just my business?",ang
Ses05M_script01_1_F020, I'm just saying.,fru
Ses05M_script01_1_M021, You infuriate me sometimes.  Do you know that?  God.,ang
Ses05M_script01_1_M022," Isn't it your business, too, if dad -- if I tell dad and he throws a fit about it?  I mean, you have such a talent for ignoring things.",ang
Ses05M_script01_1_F021," I ignore what I got to ignore.  I mean, the girl is Larry's girl.",ang
Ses05M_script01_1_M023, She is not Larry's girl!,ang
Ses05M_script01_1_F022," From your father's point of view he's not dead and she's still his girl.  Now, you can go on from there if you know where to go, Chris, but I don't know.  So what can I do for you?",ang
Ses05M_script01_1_M024," I don't know why it is but everytime I reach out for something I- that I want, I have to pull back because I might hurt somebody else.  My whole bloody life; time after time after time.",fru
Ses05M_script01_1_F023," Well, you're a considerate fella, there's nothing wrong in that",neu
Ses05M_script01_1_M025, To hell with that!,ang
Ses05M_script01_1_F024, Have you asked Annie yet?,neu
Ses05M_script01_1_M026, I wanted to get this taken care of first.,xxx
Ses05M_script01_1_F025," Well, what if she feels like your father?  And how do you know she will marry you?",neu
Ses05M_script01_1_M027," Well, if that's the case, then that's the end of it.  But from her letters it sounds like she has forgotten him.  I'll find out.  And then we'll thrash it out with dad, all right?  Mom, don't avoid me.",xxx
Ses05M_script01_1_F026," Well, the trouble is you never saw enough women.",neu
Ses05M_script01_1_M028, So what?  I'm not fast with women.,ang
Ses05M_script01_1_F027," Well, I just don't see why it has to be Annie.",fru
Ses05M_script01_1_M029, Because it is.,fru
Ses05M_script01_1_F028," Well, that's a good reason.  But that doesn't mean anything at all.  I mean, you haven't seen her in five years.",fru
Ses05M_script01_1_M030," I know her best, all right?  I don't know.  I grew up next to her.  When I think of somebody for my wife these days, I think of Annie.  What do you want, a diagram?",fru
Ses05M_script01_1_F029," No.  I don't want a -- look, your father thinks he's coming back, Chris.  You marry that girl and you're pronouncing him dead.  Now, what's going to happen to your father; do you know?  Because, I don't.",fru
Ses05M_script01_1_M031," All right then, mom.",xxx
Ses05M_script01_1_F030, Just give it some more thought.,xxx
Ses05M_script01_1_M032," I've given it three years of thought.  I hoped that if I'd waited, dad would have forgotten about it by now.  And we could have like a normal wedding and everybody happy.",ang
Ses05M_script01_1_M033," But if that can't happen, I'll just have to get out.",ang
Ses05M_script01_1_F031, What the hell is this?,sur
Ses05M_script01_1_M034," I'll get out.  I'll go get married and live someplace else.  I don't know, maybe New York.",ang
Ses05M_script01_1_F032, Are you crazy?,ang
Ses05M_script01_1_M035, I have been a good son for too long.  A good sucker.  I'm through with it.,ang
Ses05M_script01_1_F033," What?  You mean?  Tell me something, you mean that you would leave the business?",xxx
Ses05M_script01_1_M036," Yes.  On this, I would.",ang
Ses05M_script01_1_F034, You can't think like that.,xxx
Ses05M_script01_1_M037," Well, you help me stay here.",ang
Ses05M_script01_1_F035," All right.  But don't think like that.  Because what the hell did we work for, Chris?  I mean, this whole thing, it's all for you.",ang
Ses05M_script01_1_M038," I know that, mom.  Just, you help me stay here.",fru
Ses05M_script01_1_F036, Just don't think that way.  Do you hear me?,ang
Ses05M_script01_1_M039, I am thinking that way.,xxx
Ses05M_script01_1_F037," I don't understand you, do I?",fru
Ses05M_script01_1_M040," No, you don't.  I'm a pretty tough guy.",fru
Ses05M_script01_1_F038," Yeah, I can see that.",fru
