Uid,Utterances,Labels
Ses05F_impro03_F000," Okay, so big news.",exc
Ses05F_impro03_M000, What?,exc
Ses05F_impro03_M001," Come on, what?",exc
Ses05F_impro03_F001, I'm getting married.,exc
Ses05F_impro03_M002, Shut up.,sur
Ses05F_impro03_F002, Yeah.,exc
Ses05F_impro03_M003, No way.,exc
Ses05F_impro03_F003, Yeah.,exc
Ses05F_impro03_M004, He asked you?,xxx
Ses05F_impro03_F004, Uh-huh.,exc
Ses05F_impro03_M005," No way, when? when,when, When did it happen?",exc
Ses05F_impro03_F005, Just a couple days ago.,exc
Ses05F_impro03_M006, Oh my gosh.,exc
Ses05F_impro03_F006, [LAUGHTER],xxx
Ses05F_impro03_M007, And you actually said yes.  I can't believe it.  I never thought you would get married.,exc
Ses05F_impro03_F007, I know me neither.,exc
Ses05F_impro03_M008, Oh my gosh.,exc
Ses05F_impro03_F008," Right, I thought I would be way older too. I thought I would be I be at least thirty something.",exc
Ses05F_impro03_M009, Oh absolutely.,exc
Ses05F_impro03_M010," Well, we always said we'd be in our thirtieth when we got married. And we were going to get married to each other if we didn't by then",exc
Ses05F_impro03_F009, Yeah.,exc
Ses05F_impro03_F010," I know, right. What'd we say, when we were thirty nine?",xxx
Ses05F_impro03_M011," Thirty nine, yeah.  I can't believe it.  So you broke our pact. Thanks a lot.",exc
Ses05F_impro03_F011, Sorry.,exc
Ses05F_impro03_M012," Thanks a lot.  Well, okay, you've got to tell me the details.  What did he say?  Where was it?  What happened?",exc
Ses05F_impro03_F012," Um, Well, uh, I don't-I don't know how much planning he had done.",xxx
Ses05F_impro03_M013," Okay.  That's okay, spontaneous is great.  Spontaneous is awesome.",exc
Ses05F_impro03_FXX0," Actually, but--",
Ses05F_impro03_F013, It was really beautiful.,xxx
Ses05F_impro03_M014, You've got to love that.,xxx
Ses05F_impro03_F014," Yeah, we went to a really great jazz show, and um-",xxx
Ses05F_impro03_M015," Nice, you love the jazz.",xxx
Ses05F_impro03_F015," Yeah, and after, we went up to this um, this place like a restaurant on the roof kind of thing.",xxx
Ses05F_impro03_M016," Oh, okay, yeah.",xxx
Ses05F_impro03_F016, So you know like late dinner and champagne and what not.,xxx
Ses05F_impro03_M017, Were you in Chicago?,xxx
Ses05F_impro03_F017, Mm-hmm.,xxx
Ses05F_impro03_M018," Downtown, was it beautiful? of course it was beautiful",xxx
Ses05F_impro03_FXX1, yeah--,
Ses05F_impro03_F018," so beautiful, full moon.",xxx
Ses05F_impro03_M019," What a guy.  I can't believe it.  So okay, so do you know any details?  When's it going to be?  Anything?",xxx
Ses05F_impro03_F019, I don't know.  I guess next summer.,xxx
Ses05F_impro03_M020, Am I in it?,exc
Ses05F_impro03_F020," Yeah.  Yeah, of course.",exc
Ses05F_impro03_M021," Okay, I certainly hope so, of course.",xxx
Ses05F_impro03_F021, So next fall I guess.,xxx
Ses05F_impro03_M022, Next fall.,xxx
Ses05F_impro03_F022," Yeah, I like the autumn.",xxx
Ses05F_impro03_M023, Are you going to do it in town or are you out of town?,xxx
Ses05F_impro03_F023," oh, We'll do it in town.",xxx
Ses05F_impro03_M024," Oh, okay.",xxx
Ses05F_impro03_F024," Yeah, his family doesn't live too far away, so I think-",xxx
Ses05F_impro03_M025," Yeah, where's he from again?",xxx
Ses05F_impro03_F025, He's from Chicago as well.,xxx
Ses05F_impro03_M026," Oh he is, okay.",xxx
Ses05F_impro03_F026, Yeah.,xxx
Ses05F_impro03_M027," Cool, perfect.  Another Chicagoite, got to love it.",exc
Ses05F_impro03_F027," It's so weird too, right, that like you can grow up so near somebody and never know them until you travel hundreds of miles away.",hap
Ses05F_impro03_MXX0, Yeah.,
Ses05F_impro03_M028," Exactly, yeah.  I can't believe you met him in Africa.",xxx
Ses05F_impro03_F028, I know,hap
Ses05F_impro03_M029," And the chances, what are the chances of meeting somebody in Africa and then coming back to Chicago?",xxx
Ses05F_impro03_F029," Right, being like oh, where are you from?  The U.S.  Where in the U.S.?  Chicago.  Where in Chicago?",hap
Ses05F_impro03_M030, [LAUGHTER] I am sil,hap
Ses05F_impro03_F030," Knowing the neighborhood.  Yeah, it's pretty bizarre.",hap
Ses05F_impro03_M031, And now you're getting married.,exc
Ses05F_impro03_F031, Yeah.,hap
Ses05F_impro03_M032, That is amazing.  You must be so excited.  Did you tell your mom?,exc
Ses05F_impro03_F032, Mm-hmm.,hap
Ses05F_impro03_M033," Oh, did she cry?",exc
Ses05F_impro03_F033," Yeah, she loves him.",hap
Ses05F_impro03_M034," I knew it.  I knew it, of course she does.  How could you not love Mr. Peace Corps worker man?  He's the nicest guy ever.",xxx
Ses05F_impro03_F034," Yeah, she-yeah, that's my type.",hap
Ses05F_impro03_M035, [BREATHING],exc
Ses05F_impro03_M036, you.. I can't believe it.  I'm so happy for you.  This is exactly what you wanted.  It's your dream come true.,exc
Ses05F_impro03_F035, Thank you.,hap
Ses05F_impro03_M037," The exact right guy, I fully approve.  He's a wonderful guy.  We have a great time.  He can drink.  That's awesome.",exc
Ses05F_impro03_F036, [LAUGHTER],hap
Ses05F_impro03_M038, [LAUGHTER],hap
Ses05F_impro03_F037," Yeah, we all have to hang out now.",exc
Ses05F_impro03_M039," Of course, of course she will ... of course she will.  Yeah, don't go and disappear like everyone else after they get married and I never see them again.  That'll make me mad.  You don't want to make me mad.  You know how I get when I get mad.",exc
Ses05F_impro03_FXX2, No.,
Ses05F_impro03_FXX3, No.,
Ses05F_impro03_F038," I mean, I I have I have some duty to the man I was going to marry if nobody else came up.",xxx
Ses05F_impro03_M040, Exactly.,hap
Ses05F_impro03_M041," Exactly, ""laugh"".",hap
Ses05F_impro03_F039, Sorry.,hap
Ses05F_impro03_M042," ahh I was always worried you'd be a little bit jealous of me, but I was never quite that lucky.",xxx
Ses05F_impro03_F040, There's still time for that.,hap
Ses05F_impro03_M043," Oh, thanks. move here before you get married [LAUGHTER]",exc
Ses05F_impro03_F041, [BREATHING],hap
Ses05F_impro03_M044," Perfect, okay, good. ""sigh""",exc
Ses05F_impro03_M045," I don't feel so bad then.  Well, I'm excited for you.",exc
Ses05F_impro03_F042, I know. I can't believe it.,exc
Ses05F_impro03_M046, I can't believe it.,exc
Ses05F_impro03_F043, I am very excited,exc
Ses05F_impro03_M047, Who else have you told?,xxx
Ses05F_impro03_F044, Just a few people.,xxx
Ses05F_impro03_M048, Really?,xxx
Ses05F_impro03_F045, Just close friends so far.,xxx
Ses05F_impro03_M049, So I was one of the first ones? That makes me feel so important.,hap
Ses05F_impro03_FXX3, Yeah.,
Ses05F_impro03_F046, I have to think about moving now.  We're going to move in together,hap
Ses05F_impro03_M050," Oh yeah, of course.",exc
Ses05F_impro03_F047, I think it's a good idea to live together before you get married.,hap
Ses05F_impro03_M051," I think so, too.  Are you going to get a house or-",exc
Ses05F_impro03_F048," I don't want a house, I mean just-",hap
Ses05F_impro03_M052, No?,xxx
Ses05F_impro03_F049, L.A. apartment is fine.,hap
Ses05F_impro03_M053," Oh, nice.",xxx
Ses05F_impro03_F050, yeah.,xxx
Ses05F_impro03_M054, A good apartment. [BREATHING],xxx
Ses05F_impro03_F051," Two artists, though.  We're bound to be poor forever.",hap
Ses05F_impro03_M055," Yeah, how are you going to survive?",xxx
Ses05F_impro03_M056, Exactly. Are you going to have kids?,xxx
Ses05F_impro03_F052," Yeah, I think so.  I mean, not for a while.",xxx
Ses05F_impro03_M057, yeah.,hap
Ses05F_impro03_M058, yeah.,hap
Ses05F_impro03_F053, Definitely not for a while,hap
Ses05F_impro03_F054, yeah.,hap
Ses05F_impro03_M059," So now, I'm going to have to find somebody else to bear my children.",xxx
Ses05F_impro03_F055, [LAUGHTER] Good luck.,hap
Ses05F_impro03_M060, [LAUGHTER],hap
Ses05F_impro03_M061," Oh, thanks.  I'll need it.",hap
Ses05F_impro03_F056," You won't have trouble, You won't have trouble.",hap
Ses05F_impro03_M062," Oh thanks, you're too nice",hap
Ses05F_impro03_M063, just being polite now,hap
Ses05F_impro03_F057," You should just approach her like that.  Hey, will you bear my children?",hap
Ses05F_impro03_M064, because I am not getting married.,hap
Ses05F_impro03_M065," Exactly, [LAUGHTER] I think that'll go over great, don't you?",hap
Ses05F_impro03_F058," Yeah, totally.",hap
Ses05F_impro03_M066," That's what girls like, right?",hap
Ses05F_impro03_F059, Total turn on.,hap
Ses05F_impro03_M067, Would you mind popping out a few for me?,hap
Ses05F_impro03_F060, [LAUGHTER],hap
Ses05F_impro03_M068," That'd be great, thanks.",hap
