Uid,Utterances,Labels
Ses05M_script01_2_F000, Why did you invite her here?,xxx
Ses05M_script01_2_M000, Why does that bother you?,neu
Ses05M_script01_2_F001," She's been in New York three and a half years, why all of a sudden?",xxx
Ses05M_script01_2_M001," Well, maybe maybe he just wanted to see her again.",neu
Ses05M_script01_2_F002, Nobody comes seven hundred miles just to see.,neu
Ses05M_script01_2_M002," What are you talking about?  He grew up next to the girl his whole life, why wouldn't he want to see her again?  Don't look at me like that.  He hasn't told me anything he didn't told you.",fru
Ses05M_script01_2_F003, He's not going to marry her.,xxx
Ses05M_script01_2_M003, Why do you think he's even thinking that?,neu
Ses05M_script01_2_F004, He's got that about it.,neu
Ses05M_script01_2_M004," Well, so what?",fru
Ses05M_script01_2_F005," What's going on here, Joe?",ang
Ses05M_script01_2_M005, Now listen.,fru
Ses05M_script01_2_F006," No.  She's not his girl, Joe.  She knows she's not.",xxx
Ses05M_script01_2_M006, You don't know.  You can't read her mind.,xxx
Ses05M_script01_2_F007," Then why is she still single? I mean, New York is full of men.  Why isn't she married?  Probably a hundred people told her she's foolish but she's waited.",xxx
Ses05M_script01_2_M007, How do you know why she's waited?,fru
Ses05M_script01_2_F008," Because she knows what I know, that's why.  She's faithful as a rock.  In my worst moments I think of her waiting and I know again that I'm right.",xxx
Ses05M_script01_2_M008," Look, it's a beautiful day outside, why are we arguing?",fru
Ses05M_script01_2_F009," Nobody in this house dares takes her faith away, Joe.  Strangers might, but not his father, not his brother.",xxx
Ses05M_script01_2_M009," Well, what do you want me to do about it?  What do you want?",fru
Ses05M_script01_2_F010," I want you to pretend like he's coming back.  Both of you, don't think I haven't noticed you and Chris since she's gotten here.  I don't want any nonsense.",fru
Ses05M_script01_2_M010, But Kate?,fru
Ses05M_script01_2_F011," No, because if she- he's not coming back then I'll kill myself. Laugh!  Laugh at me!",fru
Ses05M_script01_2_F012, But why did that happen the very night she came back?  She goes to sleep in his bed and his memorial breaks in pieces.  Look at it.,xxx
Ses05M_script01_2_M011, Calm yourself.,fru
Ses05M_script01_2_F013," Believe with me, Joe.  I can't stand alone.",xxx
Ses05M_script01_2_M012, Calm yourself.,fru
Ses05M_script01_2_F014, Only last week a man turned up in Detroit missing longer than Larry.  You read it yourself.,fru
Ses05M_script01_2_M013, All right.  All right.,fru
Ses05M_script01_2_F015, You above all have got to believe.,ang
Ses05M_script01_2_M014," What do you mean, me above all?",xxx
Ses05M_script01_2_F016, Just don't stop believing.,xxx
Ses05M_script01_2_M015," What's that suppose to mean, me above all?  Look at you, you're shaking.",ang
Ses05M_script01_2_F017, I can't help it.,ang
Ses05M_script01_2_M016," What have I got to hide, Kate?  What the hell is the matter with you?",ang
