Uid,Utterances,Labels
Ses05F_impro07_F000, So guess what.,exc
Ses05F_impro07_M000, what,exc
Ses05F_impro07_F001, I got into college.,exc
Ses05F_impro07_M001," Shut up.  What'd you get, where'd you get accepted to? please",exc
Ses05F_impro07_F002, U.S.C..,exc
Ses05F_impro07_M002," Oh, sweet.",exc
Ses05F_impro07_F003, yeah.,exc
Ses05F_impro07_M003, So you're not going to leave me.,exc
Ses05F_impro07_F004, No.,exc
Ses05F_impro07_M004," oh, good good good good good good.",exc
Ses05F_impro07_F005, I'll stay in town.,exc
Ses05F_impro07_M005, Are you going to live on campus?  Where are you going to live?,exc
Ses05F_impro07_F006, Uh- I don't know.,hap
Ses05F_impro07_M006, Uh! stay over here.  Like travel to school. because you are so close to me,exc
Ses05F_impro07_F007," Well, I don't want to, I don't want to live with my mom.",neu
Ses05F_impro07_M007," Okay, you're right, you're right, you're right,  right.  Maybe we should get a place together.",hap
Ses05F_impro07_F008, Whoa.  What an idea.  Where would you want to live?,exc
Ses05F_impro07_M008, That'll be awesome.,exc
Ses05F_impro07_M009," I don't know.  Well.  I wouldn't mind living by the U.S.C. campus, you know, but I'm not going to go to school right now, so.",exc
Ses05F_impro07_F009, That's fine.  You don't have to go to school to live near U.S.C..,xxx
Ses05F_impro07_M010, I know.,xxx
Ses05F_impro07_M011, But I'd love to go all the US- all the U.S.C. parties and do all that crazy stuff with you.,exc
Ses05F_impro07_F010, Fair enough.,xxx
Ses05F_impro07_F011," Whoa, this is going to be so much fun.",exc
Ses05F_impro07_M012, it is going to be so much fun. Yes.,exc
Ses05F_impro07_M013, Uh! I'm so happy that you're not going to go away.,exc
Ses05F_impro07_F012," Thank you. I know, I'm really, really, really excited.",exc
Ses05F_impro07_M014," Oh, I bet you're going to love it too.  You always wanted to go to U.S.C..",exc
Ses05F_impro07_F013," I know they have a really, really great program for what I want to do.",exc
Ses05F_impro07_M015," You're going to have so much fun.  And there's lo- tons of people, you're going to meet so many people, I'm going to meet so many people too, because we're going to be there together.",exc
Ses05F_impro07_F014, Can we for real live together?,exc
Ses05F_impro07_M016," Sure, why not.  I don't know why not, I'm not doing anything I have no plans, I could live anywhere I want.",exc
Ses05F_impro07_F015, awesome.,exc
Ses05F_impro07_F016, So should we get a place near campus? or-,exc
Ses05F_impro07_M017, That'll be great. That'll be great.,exc
Ses05F_impro07_M018," We should try to find, like, a party spot though, like you know where there's going to be a lot of parties, where there are cool people, though.  Do you know any people that might be out there?",exc
Ses05F_impro07_F017, okay.,exc
Ses05F_impro07_F018, not yet.,xxx
Ses05F_impro07_M019," Yeah, me either.",exc
Ses05F_impro07_M020," [garbage] I know, I know, I know, we'll figure it out.  Right?  [garbage] it is going to be so much fun.",exc
Ses05F_impro07_F019, That happens. That happens at time,xxx
Ses05F_impro07_F020, yeah.,xxx
Ses05F_impro07_F021, It's going to be ridiculous.  It's going to be so cool.,exc
Ses05F_impro07_M021," You can't make fun of me because I'm not going to school, though, because I'm going to be working though.",exc
Ses05F_impro07_F022, I'm not going to make fun of you.,xxx
Ses05F_impro07_M022, I'll have to make money and support us.,xxx
Ses05F_impro07_F023," [LAUGHTER] Oh, I'm going to be working too, I mean.",exc
Ses05F_impro07_M023," Well, yeah, of course, but you're going to be working on your school stuff too, and partying that takes up a lot of time, right, especially at U.S.C., I hear it's a big party college.",xxx
Ses05F_impro07_F024, I- I hear the same.,exc
Ses05F_impro07_M024, Woo- I I do.,exc
Ses05F_impro07_F025," I don't know how I feel about that, but-",exc
Ses05F_impro07_M025, I know exactly how you feel about that. I think you feel really excited about it.  I know you are. I can tell. I know you.,exc
Ses05F_impro07_F026, oh yeah.,exc
Ses05F_impro07_F027, oh yeah.,exc
Ses05F_impro07_M026, You're a wild and crazy woman.,exc
Ses05F_impro07_F028," [LAUGHTER] Oh, it'll be awesome, that's for sure.",exc
Ses05F_impro07_M027," Uh huh, it will be awesome.",exc
Ses05F_impro07_F029, Better than if I'd picked up and moved to Boston.,exc
Ses05F_impro07_M028," Oh, man, I'd have been so mad at you.  I'd have been so mad at you, because, what could I have done,",xxx
Ses05F_impro07_M029," living near the U.S.C. campus by myself, not going to school there. just really pathetic and sad.",exc
Ses05F_impro07_F030, [LAUGHTER] by yourself.,exc
Ses05F_impro07_F031, you'd be that kid,exc
Ses05F_impro07_F032," living near campus, and not going to school.",exc
Ses05F_impro07_M030," Exactly.  Mooching off of all like the college experiences, that would've been me but you have saved me from that disaster. Thank you. Thank you very much.",exc
Ses05F_impro07_F033, [LAUGHTER],exc
Ses05F_impro07_M031," Oh, it's going to be so much fun.",exc
Ses05F_impro07_F034, yeah.,exc
Ses05F_impro07_M032," Well, congratulations. and to me too, because now I get to-have-",exc
Ses05F_impro07_F035, We should go apartment shop-er-hunting.,exc
Ses05F_impro07_M033, That's a good idea.,exc
Ses05F_impro07_F036, Let's go tomorrow.,exc
Ses05F_impro07_M034," Tomorrow, tomorrow, tomorrow-",exc
Ses05F_impro07_F037, yeah.,exc
Ses05F_impro07_M035," Good.  We'll have to have one soon, you're going to have to go to school in a couple of months.",exc
Ses05F_impro07_F038, Woo-,exc
Ses05F_impro07_M036," Oh God, it's awesome... There's going to be tons of places. [garbage]",exc
Ses05F_impro07_F039, exciting.,exc
