Uid,Utterances,Labels
Ses05M_script01_1b_F000, What's he going to say?  Maybe we ought to tell him before he sees it.,sad
Ses05M_script01_1b_M000, He saw it.,xxx
Ses05M_script01_1b_F001," What do you mean?  I was the first one up, he was still in bed.",sur
Ses05M_script01_1b_M001, He was out here when it broke.,sad
Ses05M_script01_1b_F002, When?,xxx
Ses05M_script01_1b_M002, About four this morning.  I heard it crack and I looked out the window and he was standing right there when it cracked.,sad
Ses05M_script01_1b_F003, What was he doing out here four in the morning?,xxx
Ses05M_script01_1b_M003," I don't know.  But after he saw it, he ran back into the house and started crying in the kitchen.",sad
Ses05M_script01_1b_F004, Did you talk to him?,xxx
Ses05M_script01_1b_M004, No.  I figured it was best to leave him alone.,sad
Ses05M_script01_1b_F005, He's dreaming about him again.  He's getting just like after Larry died. What's the meaning of that?,xxx
Ses05M_script01_1b_M005," Yes, yes he is.  I don't know the meaning in it.  But I know one thing, mom, we made a terrible mistake with Dad.",sad
Ses05M_script01_1b_F006, What?,xxx
Ses05M_script01_1b_M006, Being dishonest with him.  It's the kind of thing that pays off and now it's paying off.,xxx
Ses05M_script01_1b_F007, What do you mean dishonest?,xxx
Ses05M_script01_1b_M007, You know that Larry's not coming back and I know it.  So why do we go on letting him think that we believe with him?,xxx
Ses05M_script01_1b_F008," What are you gonna do, argue with him?",xxx
Ses05M_script01_1b_M008, I don't want to argue with him.  But it's time that he knows that nobody else believes that Larry's alive. I mean,fru
Ses05M_script01_1b_M009," Why shouldn't he dream about him, walk the nights waiting for him?  Do we contradict him?  Do we say outright that we don't have any hope anymore?  That we haven't had any hope for a long time?",fru
Ses05M_script01_1b_F009," Well, how are you gonna prove it?  Can you prove it?",xxx
Ses05M_script01_1b_M010," For Gods sake, three years!  Nobody comes back after three years.  It's insane!",fru
Ses05M_script01_1b_F010," To you it is and to me, but not to him.",xxx
Ses05M_script01_1b_F011, You can talk yourself blue in the face but there's no body and there's no grave.  So where are you?,xxx
Ses05M_script01_1b_M011," Sit down, mom.  I want to talk to you.",xxx
Ses05M_script01_1b_F012," The trouble is the God damn newspapers, I mean, ea- each week a new boy turns up out of nowhere.  So the next one is gonna be Larry.  So you--",fru
Ses05M_script01_1b_M012," All right.  All right, just listen.",fru
Ses05M_script01_1b_M013," You know why I invited Annie, right?",xxx
Ses05M_script01_1b_F013, Why?,xxx
Ses05M_script01_1b_M014, You know.,xxx
Ses05M_script01_1b_F014," Well, I've got an idea but what's the story?",xxx
Ses05M_script01_1b_M015, I'm gonna ask her to marry me.,xxx
Ses05M_script01_1b_F015," Well, that's your business, Chris.",xxx
Ses05M_script01_1b_M016, You know it's not just my business.,fru
Ses05M_script01_1b_F016," What do you want me to do?  I mean, You're old enough to know your own mind.",fru
Ses05M_script01_1b_M017, So it's all right then?  I should just go ahead with it?,fru
Ses05M_script01_1b_F017," Well, you want to make sure that your father isn't gonna --",xxx
Ses05M_script01_1b_M018," So it isn't just my business?  You infuriate me sometime, you know that.",xxx
Ses05M_script01_1b_M019," Isn't it your business, too, if I tell dad and he throws a fit about it?  You have such a talent for ignoring things.",ang
Ses05M_script01_1b_F018," I ignore what I got to ignore.  I mean, the girl is Larry's girl.",fru
Ses05M_script01_1b_M020, She's not Larry's girl.,ang
Ses05M_script01_1b_F019," As far as your father is concerned, he's not dead.  And she's still his girl.",xxx
Ses05M_script01_1b_F020," Now, you can go on with this if you know where to go, but I don't know where to go.",xxx
Ses05M_script01_1b_M021," I don't know why it is but every time I reach out for something that I want, I have to pull back because it might hurt somebody else, my whole bloody life, time after time, after time.",fru
Ses05M_script01_1b_F021," Well, you're a considerate fella.  There's nothing wrong with that.",xxx
Ses05M_script01_1b_M022, what to hell with that!,ang
Ses05M_script01_1b_F022, Have you asked Annie yet?,neu
Ses05M_script01_1b_M023, I wanted to get this settled first.,xxx
Ses05M_script01_1b_F023," Well, how do you know she'll marry you?  Maybe she feels like your father does.",neu
Ses05M_script01_1b_M024," Well, if she does then that's the end of it.  But from her letters it seems like she's forgotten him.",xxx
Ses05M_script01_1b_M025," I'll find out and then we'll thrash it out with dad, all right?  Mom, don't avoid me.",fru
Ses05M_script01_1b_F024, The trouble is you don't see enough women.  You never did.,neu
Ses05M_script01_1b_M026," So what, I'm not fast with women?",fru
Ses05M_script01_1b_F025, I just don't see why it has to be Annie.,xxx
Ses05M_script01_1b_M027, Because it is.,fru
Ses05M_script01_1b_F026," Well, that's a good reason.  But it don't mean a thing. I mean, You haven't seen her since you went to war.  It's been five years.",neu
Ses05M_script01_1b_M028," [garbage] I don't know.  It's just,",fru
Ses05M_script01_1b_M029," she's who I know best. I know her since I- I was a kid I grew up with her.  When I think of somebody for my wife these days, I I think of Annie.  What do you want, a diagram?",fru
Ses05M_script01_1b_F027," No I don't want a-  Your father thinks he's coming back, Chris.  If you marry that girl, you're pronouncing him dead.",fru
Ses05M_script01_1b_F028," Now, what's going to happen to your father, do you know?  I don't.",sad
Ses05M_script01_1b_M030," All right then, mom.",fru
Ses05M_script01_1b_F029, Just give it some more thought.,xxx
Ses05M_script01_1b_M031," I've given it three years of thought.  I had hoped if I waited, dad would've forgotten him by now and we could have a- a regular wedding and everybody happy.",ang
Ses05M_script01_1b_M032, But if that can't happen then I'll just get out.,ang
Ses05M_script01_1b_F030, What the hell is this?,sur
Ses05M_script01_1b_M033," I'll get out.  I'll go get married someplace else, I- I'll live someplace else, maybe New York.",ang
Ses05M_script01_1b_F031, Are you crazy?,ang
Ses05M_script01_1b_M034," I've been a good son for too long, a good sucker.  I'm through with it.",xxx
Ses05M_script01_1b_F032, But you have a business here.  What the hell is this?,xxx
Ses05M_script01_1b_M035, The business?  The business doesn't inspire me.,ang
Ses05M_script01_1b_F033, Must you be inspired?,ang
Ses05M_script01_1b_M036," Yeah, I'd like one hour a day.  If I have to grub for money all day long, I'd like to go home to something beautiful.  I'd like a family.  I'd like some kids.",ang
Ses05M_script01_1b_M037," I'd like to build something that's my own.  And Annie is in the center of that.  Now, where do I find it?",xxx
Ses05M_script01_1b_F034, You don't want to think like that.,ang
Ses05M_script01_1b_M038," Well, you help me stay here.",xxx
Ses05M_script01_1b_F035," All right.  But don't think like that because what the hell did we work for, Chris?  All of this, all of it, it's all just for you.",fru
Ses05M_script01_1b_M039," I know that, mom.  Just you help me stay here.",fru
Ses05M_script01_1b_F036," Don't think like that, do you hear me?",xxx
Ses05M_script01_1b_M040," Well, I am thinking like that.",ang
Ses05M_script01_1b_F037," I don't understand you, do I?",fru
Ses05M_script01_1b_M041," No, you don't.  I'm a pretty tough guy.",ang
Ses05M_script01_1b_F038," Yeah, I can see that.",xxx
