Uid,Utterances,Labels
Ses05F_script01_2_F000, Why did you invite her here?,xxx
Ses05F_script01_2_M000, Why does that bother you?,neu
Ses05F_script01_2_F001, She's been in New York three and a half years.  Why all of the sudden?,neu
Ses05F_script01_2_M001, Well maybe.  Maybe she just wanted to see her again.,neu
Ses05F_script01_2_F002, Nobody comes seven hundred miles just to see.,xxx
Ses05F_script01_2_M002," What did you mean? He lived next door to the girl all of his life, why wouldn't he want to see her again? Don't look at me like that, he didn't tell me any more than he told you.",neu
Ses05F_script01_2_F003, He's not going to marry her.,xxx
Ses05F_script01_2_M003, How do you know he is even thinking about it?,fru
Ses05F_script01_2_F004, It's got that about it.,xxx
Ses05F_script01_2_M004," Well, so what.",fru
Ses05F_script01_2_F005," What's going on here, Joe?",fru
Ses05F_script01_2_M005," Now, listen, Kate, just-",fru
Ses05F_script01_2_F006, She's not his girl.  She knows she's not.,ang
Ses05F_script01_2_M006, You can't read her mind.,xxx
Ses05F_script01_2_F007," She's . . . Then why is she still single.  New York is full of men, why isn't she married?  Probably a hundred people told her she's foolish, but she's waited.",fru
Ses05F_script01_2_M007, How do you know why she's waited?,fru
Ses05F_script01_2_F008, Because she knows what I know - she's faithful as a rock and my worst moments I think of her waiting and I know again that I'm right.,fru
Ses05F_script01_2_M008, Look.  It's a nice day.  Why are we arguing?,fru
Ses05F_script01_2_F009," Nobody in her- this house dares shake her faith.  Strangers might, but not his father, and not his brother.",fru
Ses05F_script01_2_M009, What do you want me to do? What do you want--,fru
Ses05F_script01_2_F010, I want you to pretend like he's coming back!,ang
Ses05F_script01_2_M010," But, Kate...",fru
Ses05F_script01_2_F011," Because if he's not coming back, then I'll kill myself.",ang
Ses05F_script01_2_M011, [LAUGHTER],fru
Ses05F_script01_2_F012," Laugh.  Laugh at me, but what happens the night that she goes to sleep in his bed, and his memorial breaks in pieces?",ang
Ses05F_script01_2_M012, Calm yourself.,fru
Ses05F_script01_2_F013," Believe with me, Joe.  I can't stand alone.",xxx
Ses05F_script01_2_M013, Calm yourself!,fru
Ses05F_script01_2_F014," Only last week, another boy turned up in Detroit, been missing longer than Larry, you read it yourself.",ang
Ses05F_script01_2_M014," All right, all right.  Calm yourself.",fru
Ses05F_script01_2_F015," You above all, have got to believe, Joe.",xxx
Ses05F_script01_2_M015," Why me, above all?",xxx
Ses05F_script01_2_F016, You've got to believe. You've got to--,sad
Ses05F_script01_2_M016, What do you mean me above all?  Look at you.  You're shaking!,ang
Ses05F_script01_2_F017, I can't help it!,ang
Ses05F_script01_2_M017," What have I got to hide?  What the hell is the matter with you, Kate?",ang
