Uid,Utterances,Labels
Ses05M_impro07_M000, Guess what?,exc
Ses05M_impro07_F000, What?,exc
Ses05M_impro07_M001, I got it.  I got accepted to U.S.C..,exc
Ses05M_impro07_F001," Oh, for real?",exc
Ses05M_impro07_M002, Yes! I just found out today.  I just got the letter.,exc
Ses05M_impro07_F002, That's awesome!,xxx
Ses05M_impro07_F003," oh,I'm so glad.",exc
Ses05M_impro07_M003, I know. I know.  I'm so excited.,exc
Ses05M_impro07_F004, What are you gonna study?,hap
Ses05M_impro07_M004," oh, Theater. yeah, yeah.",exc
Ses05M_impro07_F005, Really? Are you doing the M.F.A. program?,hap
Ses05M_impro07_M005, yes.,exc
Ses05M_impro07_F006," Oh, my gosh.",xxx
Ses05M_impro07_M006, oh-,exc
Ses05M_impro07_F007, I heard it's so tough to get into.,hap
Ses05M_impro07_M007, It's exactly what I wanted.,exc
Ses05M_impro07_M008," Oh, of course.  No.  I didn't know it was that tough.  I'm just happy that I made it.",xxx
Ses05M_impro07_F008, That's awesome.,hap
Ses05M_impro07_M009," I worked really hard, I'll say, I worked really hard. You know, I I'm not bragging or anything like that. But-",hap
Ses05M_impro07_F009," Yeah, that's awesome.",exc
Ses05M_impro07_F010, No.,neu
Ses05M_impro07_M010," No, No, I'm really looking forward to it.  You know how long -- I have been talking about this forever, right? right?",xxx
Ses05M_impro07_F011," Uh huh.  Yes, seriously, for years.",exc
Ses05M_impro07_M011," Finally.  I'm so excited.  We're gonna -- well, I'll be here.  We're still gonna be able to see each other.",exc
Ses05M_impro07_F012, I know.  I know.  I'm- I'm definitely -- I realize [LAUGHTER].,exc
Ses05M_impro07_M012," We're gonna hang out, right?",xxx
Ses05M_impro07_M013," What are you, wait, what are you doing?",exc
Ses05M_impro07_F013," Um- I'm gonna be studying at U.S.C., too.",hap
Ses05M_impro07_M014," Perfect!  Oh, my God.  Are you staying, are you going to live on campus?",exc
Ses05M_impro07_F014," Not on campus, but um- I probably won't live too far.  Maybe, I don't know, I might go to Silver Lake or something.",xxx
Ses05M_impro07_M015, We are gonna party all the time.,xxx
Ses05M_impro07_F015, Yeah.  Totally- Well where are you going to live?,exc
Ses05M_impro07_M016, We are gonna have a great time.,exc
Ses05M_impro07_M017," [garbage] I'm going to live on campus.  I mean, well, around campus, anyway.  Yeah, housing around campus.",exc
Ses05M_impro07_F016, Oh yeah.,neu
Ses05M_impro07_F017, Good tradeoff,neu
Ses05M_impro07_M018," I just want to be really close to things, you know.  I know it's not exactly the best neighborhood in the entire world. But uh-",exc
Ses05M_impro07_F018, I don't- I don't think it's that bad.,neu
Ses05M_impro07_M019," I don't- you know ,I feel the same way, you know what I mean.  And everybody says a lot of other crap you know, they don't know what they are talking about anyway.",exc
Ses05M_impro07_F019, yeah.,neu
Ses05M_impro07_M020," They don't live here.  They don't know, right?",exc
Ses05M_impro07_F020," Yeah. I think it's really also if you- if you consider yourself like, us and them, kind of thing- If you think you're part of your community then --you going to like it more",neu
Ses05M_impro07_M021, yeah.,exc
Ses05M_impro07_M022, Exactly.  You make it what you make it. You know? Right? And I'm gonna make it so freaking awesome.,exc
Ses05M_impro07_F021," Right, Exactly.",exc
Ses05M_impro07_F022, Oh I'm so glad.,exc
Ses05M_impro07_M023, yeah.,exc
Ses05M_impro07_F023," So when do you know, like, where you're gonna live? and-",hap
Ses05M_impro07_M024," Well, I don't know.  I've got to go look for a place.",exc
Ses05M_impro07_F024," Oh, wow.",neu
Ses05M_impro07_M025," Yeah, yeah.  I- I don't- I don't know.  Do you have any suggestions?",exc
Ses05M_impro07_F025, Um-,neu
Ses05M_impro07_M026, You know the area better than I do.,exc
Ses05M_impro07_F026," Yeah.  I mean, I know, I know, like the- the housing surrounding the campus pretty well.",neu
Ses05M_impro07_M027," yeah, yeah?",xxx
Ses05M_impro07_F027, Um- How many people do you want to live with?,neu
Ses05M_impro07_M028," Not a lot.  I mean, I wouldn't want to live with more than three other people.  So, like four of us total, right?",exc
Ses05M_impro07_F028, All dudes?,neu
Ses05M_impro07_M029, I don't care. I don't care.,exc
Ses05M_impro07_F029, Um- I think I have some friends.,neu
Ses05M_impro07_M030, yeah?,exc
Ses05M_impro07_F030, yeah.,neu
Ses05M_impro07_M031, That would be perfect.,exc
Ses05M_impro07_F031," There's actually, a friend of mine is um- moving out of her place and her place is amazing-- And it's really cheap.",hap
Ses05M_impro07_M032, Really?,exc
Ses05M_impro07_M033, Really?,exc
Ses05M_impro07_F032, yeah.,neu
Ses05M_impro07_M034, Cheap is exactly what I need- Because I have no money at all.,exc
Ses05M_impro07_FXX1, Okay.,
Ses05M_impro07_F033, Okay.,neu
Ses05M_impro07_M035," But, uh--",exc
Ses05M_impro07_F034, How are you going to pay for school? Did- did you--?,xxx
Ses05M_impro07_M036," Loans, scholarships, I've got a lot of scholarships-- Yeah, yeah. I'm- I'm half Native American so I get all those scholarships, too. yeah.",exc
Ses05M_impro07_F035," You've got a lot- oh, awesome.",hap
Ses05M_impro07_F036, Oh cool.,hap
Ses05M_impro07_M037," So it comes Indian like. And you know I'm kind of smart, so.",exc
Ses05M_impro07_F037, Yeah.,exc
Ses05M_impro07_M038," That helps, right?  Get some academic scholarships. And uh-",xxx
Ses05M_impro07_F038, totally.,neu
Ses05M_impro07_F039, good for you.,hap
Ses05M_impro07_M039," And yeah, well, I mean, basically I just applied for any and every possible scholarship and grant that could come by, so I can go.",hap
Ses05M_impro07_F040, the way to do it.,neu
Ses05M_impro07_M040," Yeah, yeah, yeah.  And it's gonna work out.  I'm gonna be able to pay for it, I'm gonna go, I mean, I'll have a little debt in the end.  But I don't care.",exc
Ses05M_impro07_F041," Wow, are you so excited?",exc
Ses05M_impro07_FXX2, Right.,
Ses05M_impro07_M041, It's just you know a dream come true.  How could you not be excited about a dream come true?,exc
Ses05M_impro07_F042," You're gonna be so busy, too. You're going to have to work so hard.",exc
Ses05M_impro07_M042," Oh I know, I know.",exc
Ses05M_impro07_M043," But I'm so looking forward to being so busy. You know what I mean?  It's the kind of busy you've got to love, right?",exc
Ses05M_impro07_FXX3, Oh good.,
Ses05M_impro07_F043, Oh totally.,xxx
Ses05M_impro07_M044, Because you're doing something you love.  That's the kind of busy you want.  I want to be able to do that for the rest of my life.  Be that kind of busy.,exc
Ses05M_impro07_F044, All right.  Wow.  So exciting.,exc
Ses05M_impro07_M045, I had to tell you right away.  I knew you'd be excited.,exc
Ses05M_impro07_M046, We'll have fun.,hap
Ses05M_impro07_F045, Yeah.  We'll have so much fun.,hap
Ses05M_impro07_M047, Great.  Okay.,exc
Ses05M_impro07_F046, cool,xxx
