Uid,Utterances,Labels
Ses05M_impro08_M000," D.S.L. Extreme, can I help you?",neu
Ses05M_impro08_F000," Hi, I need- I need some help.  I've been transferred to, like, eight different departments and I've told my problem to every single department, and then they just send me to another one and say they are going to send all my information so I won't have to repeat it, and then that person doesn't know what's going on.  And I've restated my story about eight different times and I just want somebody to help me get my connection back, because this happens every two weeks.  And I want to know what to do to stop it from happening again.",fru
Ses05M_impro08_M001, This happens every two weeks?,neu
Ses05M_impro08_F001, Yeah.  That my service just goes out.,fru
Ses05M_impro08_M002, You've lost your connection.,neu
Ses05M_impro08_F002, yeah.,fru
Ses05M_impro08_M003, okay.,neu
Ses05M_impro08_F003," And I'll reset the IP address.  I will do like, you know, direct connect the modem to my computer, and then reset everything, and then put the router back in. And-",fru
Ses05M_impro08_M004, Hmm.  Mmm.,neu
Ses05M_impro08_F004," Is not, It it It will work again for like a week and then it goes out again.",fru
Ses05M_impro08_M005, Has somebody tried to pin your site?,neu
Ses05M_impro08_F005," Uh, yeah.  We've pinned it a couple of times.",neu
Ses05M_impro08_M006," Okay. Um-  Well, I don't know.  And it consistently happens every two weeks?",neu
Ses05M_impro08_F006," Pretty much, yeah - I don't know if it's, like, bad phone lines or something.",neu
Ses05M_impro08_MXX0, Okay.,
Ses05M_impro08_M007," Well, you know what, does your D.S.L. cable -- you have D.S.L., right?",neu
Ses05M_impro08_F007, Hmm. Mmm.,neu
Ses05M_impro08_M008," Okay.  Does your D.S.L. cable, you know, travel a long distance by any chance? - Does it go through any windows?  I mean, is it --",neu
Ses05M_impro08_F008, yeah.,neu
Ses05M_impro08_F009," It goes- It goes, like, through doorways.  But it goes a long distance.",neu
Ses05M_impro08_M009," Okay.  Is it being- Is it being compressed between anything by any chance?  Because sometimes your connection can be you know, disrupted by, you know, the cable being squished.",neu
Ses05M_impro08_F010, Oh really?,xxx
Ses05M_impro08_M010," Yeah. That can be- That can create a bad connection.  And it won't always be a bad connection, but it will be bad off and on.",neu
Ses05M_impro08_F011," Well, I- I can check that.  Is there anything else we can do, too?  Like, I'll go through and check the line throughout the house, but --",neu
Ses05M_impro08_M011," Yeah, well, absolutely.  What we can -- let's just go ahead and just do a basic diagnostic of your system first off, okay.  Can you go down to your start button?",neu
Ses05M_impro08_F012, Uh huh.,neu
Ses05M_impro08_M012," Okay, And uh- go ahead and click on run.",neu
Ses05M_impro08_F013, All right.,neu
Ses05M_impro08_M013, Okay.  We're gonna get your -- a little black box is going to come up.  Do you see that?,neu
Ses05M_impro08_F014," Yeah, I see that.",neu
Ses05M_impro08_M014," Okay Uh- You've got your C calling, go ahead and type in directory list.",neu
Ses05M_impro08_F015, Okay.,neu
Ses05M_impro08_M015, And hit enter.,neu
Ses05M_impro08_F016, Okay.,neu
Ses05M_impro08_M016, Okay?  Can you tell me what that says?,neu
Ses05M_impro08_F017," Uh, it it's like a bunch of different letter and numbers and stuff.",neu
Ses05M_impro08_M017," Okay Okay, And Um- letters and numbers and stuff.  Uh- Can you - Can you just type in IP address search? And hit enter.",neu
Ses05M_impro08_F018," Uh huh, Okay.",neu
Ses05M_impro08_M018, Okay?  Does it list your IP address there?,neu
Ses05M_impro08_F019," Uh, yeah looks -- no, no.  It's set to zeros.",neu
Ses05M_impro08_M019," It's set to zeros.  Okay, maybe that's our problem.  That could very well be our problem there.  Somehow you've lost your IP address.  I'm not sure why that would happen every week.  It could be a cycling issue, something like that.  But let's go ahead and type your IP address in again.",neu
Ses05M_impro08_FXX0, Okay.,
Ses05M_impro08_F020," what happening - So if we reset this, how will I know it's not going to happen again every other week?",xxx
Ses05M_impro08_M020," Well, if it does happen again, let me give you my direct number and you can call me.  Actually, I'll give you my cell number. Um- It's --",neu
Ses05M_impro08_F021, Wow.  That would be amazing.  Really?,sur
Ses05M_impro08_M021," Of course.  we seriously- Yeah, I mean, obviously you've worked- you know -- I don't want to hassle you anymore.",neu
Ses05M_impro08_F022," Oh, my God.  I can't even tell you how much of a relief that is.  I literally call and talk to five different people.  Like last week it went off and I spent an hour and a half on the phone with different people.  And I've been doing that like every, every other week for months now.",hap
Ses05M_impro08_M022, I completely understand.,neu
Ses05M_impro08_F023, It's so frustrating.,fru
Ses05M_impro08_M023, Absolutely. And I just don't want that to happen to you anymore.,neu
Ses05M_impro08_F024, Thank you so much.,xxx
Ses05M_impro08_M024, Absolutely.  It's a new service we are offering.,neu
Ses05M_impro08_F025," Yeah, accountability.  It's awesome.",hap
Ses05M_impro08_M025, Uh huh Uh huh We want you to be happy.  You're our customer.  You're the most important thing. Okay?,neu
Ses05M_impro08_F026," Wow.  You know I was thinking about changing internet providers, but but that- that really is enough to change my mind.",hap
Ses05M_impro08_M026," Great.  Well, that makes me very happy.  That makes us all happy here at D.S.L. Extreme.  Is there anything else I can help you with?",hap
Ses05M_impro08_F027, No.  I'm just gonna go have a fantastic day now.,hap
Ses05M_impro08_M027, All right.  You have a wonderful day.  Call us anytime.,neu
Ses05M_impro08_F028, Okay.  Thanks.,hap
Ses05M_impro08_M028," All right.  Bye, bye.",hap
