Uid,Utterances,Labels
Ses03F_impro03_M000," Oh, my God, look at that. Huh-oh, how many carats is that?",exc
F, [LAUGHTER],
Ses03F_impro03_F000," I know. [LAUGHTER]. Dude, I don't know. It's- Probably. It's huge. I don't even know how to like wear it. My hand is like going down like really low. I can't believe it.",xxx
Ses03F_impro03_M001, Like eighteen? [LAUGHTER],exc
Ses03F_impro03_M002," Oh, Jesus.",exc
Ses03F_impro03_M003, Is it-,xxx
Ses03F_impro03_F001," I- Yeah, it's-",xxx
Ses03F_impro03_M004, So how did he do it?,xxx
Ses03F_impro03_F002," Oh, man. So I was--okay, so we went to go see this show on Broadway, right? And it was The wed- the wed- The Lousy Chaperone. Have you seen that one?",xxx
Ses03F_impro03_M005, yeah [LAUGHTER],exc
Ses03F_impro03_M006," Yeah, The Lousy Chaperone. [LAUGHTER] Uh huh.",exc
Ses03F_impro03_F003," Right. Right. Right. So, and there's like a whole like wedding scene in it. All right, not the--Drowsy, Drowsy [LAUGHTER] --not the Lousy. [LAUGHTER]. Um - So Drowsy. So I go to see this Drowsy Chaperone. And uh-",xxx
Ses03F_impro03_M007, [LAUGHTER] Uh- Drowsy.,exc
Ses03F_impro03_F004," at the end of the performance, you know, like we're all clapping and stuff. And all of a sudden I look over and",exc
Ses03F_impro03_F005," Joe's gone. -where did he go, you know?",exc
Ses03F_impro03_M008, Uh huh. Oh-,xxx
Ses03F_impro03_F006," And I'm like oh, he went to the- -the bathroom, but he didn't tell me, I didn't even notice him leaving. And all of a sudden, I swear to God, I'm sitting there and-",exc
Ses03F_impro03_F007, he comes up onstage-- And the entire cast everyone just like,exc
Ses03F_impro03_M009, oh-,sur
Ses03F_impro03_F008, goes up there and everyone's clapping and he's standing there and they put a spotlight on him.,exc
Ses03F_impro03_M010," Oh, my God.",exc
Ses03F_impro03_F009," And I'm like freaking out. I'm like what the hell's going on, you know. I don't know what's going on. And so he's like standing there and then all of a sudden they give him a microphone-",exc
Ses03F_impro03_F010, and he just starts doing like this little spiel about me and like,xxx
Ses03F_impro03_F011," he asked me to marry him, like- onstage. I was like, I couldn't believe--and I had to walk up there and I was, like I think I tripped or something.",exc
Ses03F_impro03_M011, Are you kidding me?,xxx
Ses03F_impro03_M012," Wha- What'd you say? You said yes, right? [LAUGHTER]",xxx
Ses03F_impro03_F012," Yeah, I said yes, but I, yeah, I mean,",exc
Ses03F_impro03_F013," I don't know- it just like took me, took me by surprise.",exc
Ses03F_impro03_F014, He scored points.,hap
Ses03F_impro03_M013, Did you get a standing ovation?,xxx
Ses03F_impro03_F015," Oh, yeah. Everyone--yeah. And people--friends of ours were in the audience, I didn't know about, like family members.",hap
Ses03F_impro03_F016, Yeah. It was great.,exc
Ses03F_impro03_M014, Are you serious?,xxx
Ses03F_impro03_F017," It was--I cried,",exc
Ses03F_impro03_M015," No, you deserve to cry. I mean, tears of happiness.",hap
Ses03F_impro03_F018," like a loser, I cried.",hap
Ses03F_impro03_F019," But, I don't know, I--it's so weird to think I'm marrying somebody 'cause I feel so young, you know?",hap
Ses03F_impro03_M016, So where- where- where is this--have you talked about where it's going to be?,xxx
Ses03F_impro03_F020, No. No plans. or any- and probably,hap
Ses03F_impro03_F021," like I think I want to get married--I want to have two weddings. One here, then one in Europe.",hap
Ses03F_impro03_M017, Hawaii? No.,xxx
Ses03F_impro03_F022, No. Hawaii's for honeymoons. But uh--,xxx
Ses03F_impro03_M018, Oh. Like Paris? On the Eiffel Tower?,xxx
Ses03F_impro03_F023," Oh, maybe. I don't know. I've been there so many times. I think it's--we're going to get married in Spain and then we're going to get married here.",xxx
Ses03F_impro03_M019, He's rich enough. Maybe you can rent out the Eiffel Tower for your--,xxx
Ses03F_impro03_M020," Oh, Jesus.",xxx
Ses03F_impro03_M021, That's awesome. [LAUGHTER] Marriage.,exc
Ses03F_impro03_F024, Yeah. I'm so excited. [LAUGHTER].,exc
