Uid,Utterances,Labels
Ses03M_script02_1_M000," Hey, what time is it?  This pokes around midnight right?  God this is great isn't it?",exc
Ses03M_script02_1_M001, Look at the night we got.  I wouldn't trade this for anything.,exc
Ses03M_script02_1_M002, You know actually I wanted to go a little further up the coast and get away from all the lights and people but I was afraid you'd miss it.  How are you doing?,exc
Ses03M_script02_1_F000, Fine.,xxx
Ses03M_script02_1_M003," Is that, is that, nah, is that just Paul?  I can't even tell.",exc
Ses03M_script02_1_M004," But if I can't tell, it probably isn't them isn't it?  Probably would be unmistakable wouldn't you think?  How are you doing?",exc
Ses03M_script02_1_M005," Oh, you know what I forgot?  I forgot my flashlight.  How could I be so stupid?  I should've brought my flashlight.",exc
Ses03M_script02_1_F001, What flashlight?,xxx
Ses03M_script02_1_M006," You know, the flashlight, the silver one?  There's only one isn't there?",xxx
Ses03M_script02_1_F002, It's not your flashlight.,xxx
Ses03M_script02_1_M007," Well, whose is it?",xxx
Ses03M_script02_1_F003, It's ours.  Mine too.,xxx
Ses03M_script02_1_M008," Well, sure.",xxx
Ses03M_script02_1_F004," Well, you keep saying it's my flashlight like it's only your flashlight.  I mean, how do you think that makes me feel?",xxx
Ses03M_script02_1_M009," No.  Of course, our flashlight.  Yours and mine.  Me flashlight is su flashlight, naturally.",xxx
Ses03M_script02_1_M010, How could we have not thought to bring it?  I hope the moon stays out.,xxx
Ses03M_script02_1_M011, Was it a full moon last year when they were running?  I can't remember.  Do you remember?,xxx
Ses03M_script02_1_F005, Yes.,neu
Ses03M_script02_1_M012, Are you cold?  Do you want my jacket?,xxx
Ses03M_script02_1_M013," We should've brought the blanket, our blanket.",xxx
Ses03M_script02_1_M014," God.  Oh, you know what would be good right about now?  A six-pack.  A six-pack would be just the ticket.",exc
Ses03M_script02_1_M015," I'm so stupid, I should've brought a six-pack.  God, I'm like a little kid.  It's amazing I get out of the house with my fly zipped up. Oh- [LAUGHTER]",exc
Ses03M_script02_1_M016, I wonder if they can hear us talk?  Or feel the vibrations in the sand when we move around?,exc
Ses03M_script02_1_F006," Look, I'm cold.",xxx
Ses03M_script02_1_M017, Do you want my jacket?,neu
Ses03M_script02_1_F007," It's past eleven, let's go.",fru
Ses03M_script02_1_M018, What?  Are you kidding me?  We just got here.  We miss it.  What's the point of coming down here if we just turn around and go home?,xxx
Ses03M_script02_1_F008, There is no point in coming down here.,fru
Ses03M_script02_1_M019, Right.,xxx
Ses03M_script02_1_F009, That's my point.,fru
Ses03M_script02_1_M020, That's my point too...No.  No.  That's not my point.  My point is what's the point if we come down here if we just turn around and leave?,fru
Ses03M_script02_1_F010, So let's go.,xxx
Ses03M_script02_1_M021," I mean, don't you want to see it?",xxx
Ses03M_script02_1_F011, Not particularly.,xxx
Ses03M_script02_1_M022, Why not?,xxx
Ses03M_script02_1_F012, I don't know.  I just don't.,xxx
Ses03M_script02_1_M023," Honey, this is a natural phenomenon.  It only happens once a year.  I mean think about the people in Kansas, they would have to get hotel reservations and plane tickets to come and see this.  We're only forty minutes away.  This is too good to pass up.",exc
Ses03M_script02_1_F013," Pass up what?  These fish swim up to shore, on the beach and then they flop around a little, they swim away and then they die.",fru
Ses03M_script02_1_M024," Well this is like the highlight, the one night of their lives and that flopping around, that's laying eggs or spawning or mating or whatever you call it.",exc
Ses03M_script02_1_M025," But this is the big night for these guys.  Their last, life's last orgy.",exc
Ses03M_script02_1_F014," What are you getting so excited about?  I mean, it's not like it's like the landing on the moon or something.  I mean, it's just fish, fish that nobody eats.",xxx
Ses03M_script02_1_M026, Yeah they do.,exc
Ses03M_script02_1_F015, Augie.,fru
Ses03M_script02_1_M027," Okay.  But it's fish that do something that no other fish do.  Like the swallows in Capistrano or the Lemmings that throw themselves off the cliffs, there's magic here and some mystery and a little bit of unexplainable.",exc
Ses03M_script02_1_M028," I mean, I can't see how you can not be interested.",xxx
Ses03M_script02_1_F016, I'm just not.,neu
Ses03M_script02_1_M029, For real?,xxx
Ses03M_script02_1_F017, Yes.,xxx
Ses03M_script02_1_M030," I don't get it.  I mean the first time we came to see it, you said it was the best night of your life.",xxx
Ses03M_script02_1_M031, And last year when we came you ran out of the house so fast you stubbed your toe and you didn't even notice it until we got in the car.,xxx
Ses03M_script02_1_F018," You also could remember that I got sand in my panties, we got in an argument over nothing, you got a sore throat and we didn't even get to see the Grunions.",fru
Ses03M_script02_1_M032, Okay.  We're in a good spot.,xxx
Ses03M_script02_1_F019, You didn't see them the first time either.,fru
Ses03M_script02_1_M033," We just weren't in the good spot.  This is a much better spot.  You know, I have a good instincts for these things.",fru
Ses03M_script02_1_M034," Look, is that...no is that just seaweed?",exc
Ses03M_script02_1_M035," You know, this is great isn't it?  You know, I wouldn't trade this for anything.",exc
Ses03M_script02_1_M036," I mean, think about this, I know you're not interested but just think about this for a minute.",exc
Ses03M_script02_1_M037," Somewhere out there, there's this huge silver mass of fish heading this way, they don't why, we don't know why, they just some little instinctual fire cracker went off in their bodies...",exc
Ses03M_script02_1_M038," ...like and they all just turned at once and formed a line as long as the California coast and started swimming this way.  They didn't, you know, they didn't make a decision, they didn't, you know, have boats or anything.  No one sent them an invitation or a map, they just started swimming as if that's the only thing that matters.",exc
Ses03M_script02_1_M039," It's single mindedness with no mind.  It's urgency that's pure urge and they don't, they don't ask it a question, they don't give it a name, they just swim.",exc
Ses03M_script02_1_M040, They just start swimming to this place right here where we stand for massive celebration of sex and death.,exc
Ses03M_script02_1_M041," Oh, I'm giving myself goose bumps.  Look, all my hairs are standing up.",exc
Ses03M_script02_1_F020, That's the wind.,xxx
Ses03M_script02_1_M042, [BREATHING] So what do you think?,exc
Ses03M_script02_1_F021, About what?,xxx
Ses03M_script02_1_M043, About what I just said?,exc
Ses03M_script02_1_F022, It's ridiculous.,xxx
Ses03M_script02_1_M044, It certainly is not.  It's,fru
