Uid,Utterances,Labels
Ses03M_script01_1_F000, What's he going to say?  Maybe we ought to talk to him before he sees it.,neu
Ses03M_script01_1_M000, He saw it.,sad
Ses03M_script01_1_F001," What do you mean. He couldn't have seen it. I was the first one up, he was still in bed.",sur
Ses03M_script01_1_M001, He was out there when it happened.,sad
Ses03M_script01_1_F002, When?,sur
Ses03M_script01_1_M002, About four in the morning.  I heard a crack and I looked out and he was standing right there when it happened.,sad
F, What was he doing--?,
Ses03M_script01_1_F003, Well what was he doing out at four in the morning?,xxx
Ses03M_script01_1_M003, I don't know. But after it cracked he ran back into the house and he cried in the kitchen.,sad
Ses03M_script01_1_F004, Did you talk to him?,sad
Ses03M_script01_1_M004, No.  I figured the best thing to do was leave him alone.,sad
Ses03M_script01_1_F005, He cried hard?,sad
Ses03M_script01_1_M005, I could hear it right through the floor.,sad
Ses03M_script01_1_F006," God, what was he doing out there anyway?",xxx
Ses03M_script01_1_F007, Starting to dream about him again.  He's walking around at night again.,fru
Ses03M_script01_1_M006, I guess he is.,sad
Ses03M_script01_1_F008," He's getting just like he did after he died, you know?  What, what, what's the meaning of this?",sad
Ses03M_script01_1_M007," I don't know.  But I know one thing mom, we made a terrible mistake with dad.",sad
Ses03M_script01_1_F009, What?,xxx
Ses03M_script01_1_M008, Being dishonest with him.  That kind of thing always pays off and now it's paying off.,fru
Ses03M_script01_1_F010, What do you mean dishonest?,xxx
Ses03M_script01_1_M009, You know that Larry's not coming back and I know that too.  Why we both go on letting him think that we both believe with him.,ang
Ses03M_script01_1_F011, What are you going to do?  You want to argue with him?,xxx
Ses03M_script01_1_M010," No I don't want to argue with him but, it's time that he realizes that nobody believes Larry's coming back anymore.",fru
Ses03M_script01_1_M011," Why shouldn't he walk around and dream at him at night.  Walk around.  Why shouldn't he walk around?  Why shouldn't he dream of him, walk around at night waiting for him?  Do we contradict him?  Do we say flat out that we don't have anymore hope?",ang
Ses03M_script01_1_M012, That we haven't had any hope for years now?,ang
Ses03M_script01_1_F012, You can't say that to him.,xxx
Ses03M_script01_1_M013, We got to say it to him.,xxx
Ses03M_script01_1_F013, How are you going to prove it?  Can you prove it?,fru
Ses03M_script01_1_M014, Larry's been gone for three years.  For god sakes no one comes back after three years.  It's insane.,fru
Ses03M_script01_1_F014," To you maybe, to me, but not to your father.  I mean,",xxx
Ses03M_script01_1_F015, he still thinks he's alive still.  I mean you could talk yourself blue in the face and there's no body and there's no grave so where are you?,fru
Ses03M_script01_1_M015," Listen mom, just, sit down.  I want to talk to you.",fru
Ses03M_script01_1_F016, No.  It's his god damned newspapers is what it is.  Now every month there's a new boy comes home and Larry's going to be the next one.,ang
Ses03M_script01_1_M016, Alright. Alright. Alright just listen.,fru
Ses03M_script01_1_M017," You know why I asked Annie here, right?",neu
Ses03M_script01_1_F017, Why?,ang
Ses03M_script01_1_M018, You know.,xxx
Ses03M_script01_1_F018, Well I have an idea but I don't know.  What's the story?,xxx
Ses03M_script01_1_M019, I want to ask her to marry me.,neu
Ses03M_script01_1_F019, Well that's your business Chris.,xxx
Ses03M_script01_1_M020, You know it's not just my business.,fru
Ses03M_script01_1_F020," Well what do you want me to do?  I mean, you're old enough to know your own mind.",ang
Ses03M_script01_1_M021, Okay.  So then it's alright.  I'll go ahead with it.,neu
Ses03M_script01_1_F021," Well, I mean, you got to make sure your dad's not going--",neu
Ses03M_script01_1_M022, Oh see then it's just not my business. God you infuriate me sometimes.  Isn't my business too if dad throws a fit?  Huh?  God you have such a talent for ignoring things.,ang
Ses03M_script01_1_F022, Well I'm just saying--,fru
Ses03M_script01_1_F023, You know I ignore what I got to ignore.,xxx
Ses03M_script01_1_F024, She's not...she's Larry's girl.,xxx
Ses03M_script01_1_M023, She's not Larry's girl.,fru
Ses03M_script01_1_F025, From your father's point of view he is still alive and if you try and take her that's just not fair.  You can't do that.,fru
Ses03M_script01_1_M024, I don't know why it is but every time I reach out for something I want I have to pull back,fru
Ses03M_script01_1_F026," And-And-And if you go on from there if you know already to go on from there, then you can.  But I'm telling you something that I don't know where to go.  You got it?  I mean, do you?",fru
Ses03M_script01_1_M025, Because other people will suffer.,xxx
Ses03M_script01_1_M026," My whole entire, bloody life time and time again.",fru
Ses03M_script01_1_F027, You're a considerate fellow.  There is nothing wrong in that.,xxx
Ses03M_script01_1_M027, Well to hell with that.,ang
Ses03M_script01_1_F028, Did you ask Annie yet?,neu
Ses03M_script01_1_M028, I wanted to get this settled first.,neu
Ses03M_script01_1_F029, And what if she doesn't marry you huh?  What if she feels the same way your father does?,xxx
Ses03M_script01_1_M029, Then I guess that's the end of it.,neu
Ses03M_script01_1_M030, But from her letters I think she's forgotten him.  I'll find out.,sad
Ses03M_script01_1_M031," And then we'll thrash it out with dad right?  Mom, don't avoid me.",neu
Ses03M_script01_1_F030," Look, you never had seen many, many women.  You know?  I mean...",neu
Ses03M_script01_1_M032, Well so what?  I'm just not fast with women.,xxx
Ses03M_script01_1_F031, Well I just don't see why it has to be Annie.,fru
Ses03M_script01_1_M033, Because it is.,fru
Ses03M_script01_1_F032," Well that's a good answer but, it doesn't answer anything.  You haven't seen her since you left to go to the war and it's been five years.",xxx
Ses03M_script01_1_M034, It's just...that's just the way it is.  That's how I feel.  You know these years when I think of someone I want to marry I think of Annie.  What do you want a diagram?,fru
Ses03M_script01_1_F033, No I don't want a diagram.,fru
Ses03M_script01_1_F034," He thinks he's coming back. And you go off and marry that girl and you're just pronouncing him dead and what's going to happen to him?  I don't know.  Do you?  I mean, I don't know.",fru
M,  No.,
Ses03M_script01_1_M035, Alright then.,fru
Ses03M_script01_1_F035," Look, just give it some thought okay?",xxx
Ses03M_script01_1_M036, I've given it three years of thought and I thought that if I waited then dad would forget about Larry and then we could have a regular wedding and everything happy.,sad
Ses03M_script01_1_M037, But if I can't have that here I'll get out.,neu
Ses03M_script01_1_F036, What the hell is this?,xxx
Ses03M_script01_1_M038, I'll get out.  I'll marry her somewhere else.  Maybe New York.,neu
Ses03M_script01_1_F037, Are you crazy?,xxx
Ses03M_script01_1_M039, I've been a good son too long.  A good sucker and I'm through with it.,ang
Ses03M_script01_1_F038, You're just going to leave the business?  You have a business here.  You can't do that.,ang
Ses03M_script01_1_M040, The business doesn't inspire me.,ang
Ses03M_script01_1_F039," Oh, you have to be inspired.",xxx
Ses03M_script01_1_M041, Yes.  I like it an hour out of the day.  If I have to grub for money all day long at least at evening I want it beautiful.  I want a family.  I want a wife.  I want some kids.  I want to build something I can give myself to.,ang
Ses03M_script01_1_M042, Now Annie is in the middle of all that.  Where do I find it?,fru
Ses03M_script01_1_F040, Tell me something.  You can leave this business?,sad
Ses03M_script01_1_M043, Yes.  On this I would.,neu
Ses03M_script01_1_F041, You can't talk like that.,xxx
Ses03M_script01_1_M044, Then help me stay here.,xxx
Ses03M_script01_1_F042, Alright but you can't talk like that you hear?,fru
Ses03M_script01_1_F043," I mean what the hell have we worked for then?  I mean, it's all for you Chris.  The whole shooting match is for you.",ang
Ses03M_script01_1_M045, I know.  Just you help me stay here.,sad
Ses03M_script01_1_F044, Alright but you don't talk like that you hear?  You don't.,fru
Ses03M_script01_1_M046, I am thinking like that.,sad
Ses03M_script01_1_F045, I don't understand you do I?,sad
Ses03M_script01_1_M047, No you don't.  I'm a pretty tough guy.,sad
Ses03M_script01_1_F046, Yeah.  I can see that.,sad
