Uid,Utterances,Labels
Ses03F_impro06_M000, How you doing?,neu
Ses03F_impro06_F000, Okay.,sad
Ses03F_impro06_F001, Yeah. Wow.,sad
Ses03F_impro06_M001, We're all going to miss him.,neu
Ses03F_impro06_F002," Mmm hmm. I never knew it was going to be this hard, you know.",sad
Ses03F_impro06_F003, It's weird 'cause it's like you expected it to happen and eventually-,sad
Ses03F_impro06_F004," he had cancer, you know?",sad
Ses03F_impro06_MXX0," Mmm, Hmm.",
Ses03F_impro06_F005," They thought he got--would get better and he did, and then it just- things turned bad.",sad
Ses03F_impro06_F006," Turned around for the worst, you know.",sad
Ses03F_impro06_M002," I didn't know him, Tricia, but uh- I heard that he was a great man.",sad
Ses03F_impro06_F007, He was amazing.,sad
Ses03F_impro06_F008, I loved that boy.,sad
Ses03F_impro06_F009," We did everything together, you know.",sad
Ses03F_impro06_F010," It's weird, I think. I feel so alone, you know? What am I going to do now? Now that he's gone.",sad
Ses03F_impro06_F011, He's so young. It seems so--,sad
Ses03F_impro06_F012, so wrong in so many ways.,sad
Ses03F_impro06_F013," His poor parents. You know, it's their only son.",sad
Ses03F_impro06_M003, yeah.,neu
Ses03F_impro06_F014," Kind of a whole year. I mean, he suffered with this, this monster, this thing, this disease.",sad
Ses03F_impro06_M004," He was in chemo the whole time, right?",sad
Ses03F_impro06_FXX0, Yeah.,
Ses03F_impro06_M005, And he just got that baseball scholarship.,sad
Ses03F_impro06_F015," I know. He was, he had so much going for him.",sad
Ses03F_impro06_F016," So handsome, so young, so gifted.",sad
Ses03F_impro06_F017, So talented.,sad
Ses03F_impro06_F018," Such a sweet person, you know?",sad
Ses03F_impro06_M006, How's his parents doing?,sad
Ses03F_impro06_F019, Not very good.,sad
Ses03F_impro06_F020," Can you imagine, though, you know, as a parent, just losing a kid? Twenty-two years old.",sad
M, Jesus,
Ses03F_impro06_F021," It's weird, I kind of feel like part of me is gone now, you know?",sad
Ses03F_impro06_F022, Because this other half was just kind of like ripped away.,sad
Ses03F_impro06_M007," You guys were pretty close, weren't you?",sad
Ses03F_impro06_F023," He was like, he was like my brother, you know.",sad
Ses03F_impro06_F024, He was my brother.,sad
Ses03F_impro06_F025," Just seems so unfair, is the way it is.",sad
Ses03F_impro06_F026," You know, he had that really pretty girlfriend for like about a year and-",sad
Ses03F_impro06_M008, What was her name?,sad
Ses03F_impro06_F027, Kelly. Kelly Uveny.,sad
Ses03F_impro06_MXX1, Kelly.,
Ses03F_impro06_F028, They talked about getting married and--,sad
Ses03F_impro06_M009, Trying to have a baby.,sad
Ses03F_impro06_F029," Yeah. But then when he got cancer and it got bad, you know, she just took off and-",sad
Ses03F_impro06_F030, so I was there for him.,sad
Ses03F_impro06_M010, Some people.,sad
Ses03F_impro06_M011," Yeah, but you were there all the hospital days. By his bed-",sad
Ses03F_impro06_F031," Yeah. God, I loved that kid.",sad
Ses03F_impro06_M012," So nice, so positive.",sad
Ses03F_impro06_F032, yeah.,sad
Ses03F_impro06_M013, We need more people like him.,sad
Ses03F_impro06_F033," Joe, do you think he knew I loved him?",sad
Ses03F_impro06_M014, I don't know.,sad
Ses03F_impro06_F034," I never told him, I love you, but-",sad
Ses03F_impro06_F035, I loved him so much.,sad
Ses03F_impro06_M015, I don't know if Benny was smart like that- but-,sad
Ses03F_impro06_M016, I'm sure he loved you too. He just didn't know it.,sad
Ses03F_impro06_FXX1," Yeah, man.",
