Uid,Utterances,Labels
Ses03F_script01_1_F000, What's he going to say? Maybe we ought to talk to him before he sees it.,xxx
Ses03F_script01_1_M000, He saw it.,neu
Ses03F_script01_1_F001," What-how did he see it? I mean, I was the first one up. He was still in bed.",xxx
Ses03F_script01_1_M001, He was out there when it happened.,neu
Ses03F_script01_1_F002, When?,xxx
Ses03F_script01_1_M002," Um, about four this morning. Uh- I heard a crack and I looked out and I saw him standing there.",neu
Ses03F_script01_1_F003, What was he doing out at four in the morning?,xxx
Ses03F_script01_1_M003, I don't know. But after it cracked he went back in the house and he cried in the kitchen.,neu
Ses03F_script01_1_F004, Did you talk to him?,neu
Ses03F_script01_1_M004," No, I uh-, I figured the best thing to do was to leave him alone.",neu
Ses03F_script01_1_F005," He cried hard, huh?",neu
Ses03F_script01_1_M005, I could hear it right through the floor.,neu
Ses03F_script01_1_F006, What was he doing out there at that time? He was dreaming about him again. He's walking around at night again.,xxx
Ses03F_script01_1_M006, I guess he is.,neu
Ses03F_script01_1_F007," Could he-he's acting just like he did after he died, you know?",neu
Ses03F_script01_1_F008, What's the meaning in that?,xxx
Ses03F_script01_1_M007, I don't know.,neu
Ses03F_script01_1_M008," But I know one thing, mom. We've made a terrible mistake with dad.",neu
Ses03F_script01_1_F009," Well, what do you mean? What?",xxx
Ses03F_script01_1_M009, Being dishonest with him. That kind of thing always pays off and now it's paying off.,neu
Ses03F_script01_1_F010," What do you mean, dishonest?",neu
Ses03F_script01_1_M010, You know Larry's not coming back and I know that too. Why do we go on letting him think that we believe with him?,xxx
Ses03F_script01_1_F011," What, you're going to argue with him?",fru
Ses03F_script01_1_M011," No, I don't want to argue with him, but it's time that he realized that no one believes that Larry's coming back anymore.",fru
Ses03F_script01_1_F012, You can't tell him that.,fru
Ses03F_script01_1_M012, We got to tell him that.,fru
Ses03F_script01_1_F013, We can't. It just won't work.,fru
Ses03F_script01_1_M013," You know, for God's sakes it's been three years. No one comes back after three years. It's insane.",fru
Ses03F_script01_1_F014, They do come back.,neu
Ses03F_script01_1_F015," I know, but he doesn't know that.",xxx
Ses03F_script01_1_F016, Three years has been a long time.,xxx
Ses03F_script01_1_M014," All right. Just- Sit down, mom. I want to talk to you.",fru
Ses03F_script01_1_F017," It's those Goddamn newspapers, you know? I mean, it's like every day they come out with this new person that comes along. And the next one's going to be Larry.",ang
Ses03F_script01_1_M015," All right. All right. Just come on, sit down.",fru
Ses03F_script01_1_F018, What?,fru
Ses03F_script01_1_M016," You know-you know why I asked Annie here, right?",neu
Ses03F_script01_1_F019, Why?,neu
Ses03F_script01_1_M017, You know.,neu
Ses03F_script01_1_F020," Well, I have an idea, but go on, tell me, what's the story?",xxx
Ses03F_script01_1_M018, I want to ask her to marry me.,neu
Ses03F_script01_1_F021," Well, that's only your business, Chris.",neu
Ses03F_script01_1_M019," Come on, you know that's not only my business.",fru
Ses03F_script01_1_F022," Well, it is. I mean, what do you want me to do? You're grown up; you know what's going on in your mind.",fru
Ses03F_script01_1_M020, So it's all right. I'll just go ahead with it.,neu
Ses03F_script01_1_F023," Well, you better make sure your father's not- No- I'm just saying.",fru
Ses03F_script01_1_M021," See, then it's not just my business. God, you have",ang
Ses03F_script01_1_M022," -Oh, you infuriate me sometimes. You know, it's not just my business too if dad throws a fit.",ang
Ses03F_script01_1_M023, God. You have such a talent for ignoring things.,xxx
Ses03F_script01_1_F024," Yeah, well I ignore what I got to ignore.",fru
Ses03F_script01_1_F025, And she-she's Larry's girl.,fru
Ses03F_script01_1_M024," No, she is not Larry's girl.",xxx
Ses03F_script01_1_F026," Well, from your father's point of view she is. I mean, he's still alive. You've got no right to take her.",fru
Ses03F_script01_1_F027," If you go on from that point, I don't know where you go.",xxx
Ses03F_script01_1_F028," 'Cause listen, I'm telling you, I don't know where to go from there. Do you?",fru
Ses03F_script01_1_M025," Oh, I don't know.",xxx
Ses03F_script01_1_F029, What do you want from me?,fru
Ses03F_script01_1_M026," Every time I reach out for something I have to pull back because other people will suffer. My whole entire life, time and time after time.",sad
Ses03F_script01_1_F030, You're a considerate fella and there's nothing wrong in that.,neu
Ses03F_script01_1_M027, To hell with that.,ang
Ses03F_script01_1_F031, There's nothing wrong with it.,neu
Ses03F_script01_1_M028, I didn't ask Annie yet.,neu
Ses03F_script01_1_F032, You didn't ask her yet?,fru
Ses03F_script01_1_M029, I wanted to get this settled first.,neu
Ses03F_script01_1_F033," Well, how do you know she's going to marry you? I mean, what if she feels the same way as your father?",xxx
Ses03F_script01_1_M030, Well then I guess it's over then. But from her letters I think she's forgotten him.,neu
Ses03F_script01_1_M031," I'll find out. But then after it's all over we'll thrash it out with dad, right?",neu
Ses03F_script01_1_M032," Mom, don't avoid me.",fru
Ses03F_script01_1_F034," You know, the trouble is you've never had enough women. No, you never did.",fru
Ses03F_script01_1_M033, So what? I'm not fast with women.,fru
Ses03F_script01_1_F035, I don't understand why it has to be her.,fru
Ses03F_script01_1_M034, Because it is.,neu
Ses03F_script01_1_F036," That's a good answer, but it doesn't answer anything.",fru
Ses03F_script01_1_M035, I just-,fru
Ses03F_script01_1_F037," I mean, you haven't seen her since the war. I mean, it's been five years.",fru
Ses03F_script01_1_M036, It just is. I-,neu
Ses03F_script01_1_M037," I grew up with her. Okay. All these years, when I think of someone I want to be my wife I think of Annie. What do you want, a diagram?",fru
Ses03F_script01_1_F038," No, I don't want a diagram.",fru
Ses03F_script01_1_F039," He thinks he's coming back. You go-go on and marry her, I mean, you're pronouncing her dead. And what's going to happen to your father, huh? I don't know. Do you?",fru
Ses03F_script01_1_M038," Okay. All right, then.",fru
Ses03F_script01_1_F040," Just, listen. Give it more thought, is all.",fru
Ses03F_script01_1_M039," No, I've given it three years of thought.",fru
Ses03F_script01_1_M040, And I thought that if I waited then dad would forget about Larry and then we could have a regular wedding and everything happy.,xxx
Ses03F_script01_1_M041, But if I can't have that here then I'll get out.,neu
Ses03F_script01_1_F041, What the hell is this?,xxx
Ses03F_script01_1_M042, I'll get out. I'll marry her somewhere else. Maybe New York.,neu
Ses03F_script01_1_F042, You're crazy.,xxx
Ses03F_script01_1_M043, I've been a sucker too long. I'm through with it.,xxx
Ses03F_script01_1_F043, You're what-you're going to leave the business? But you can't do that. What the hell is this?,fru
Ses03F_script01_1_M044, The business. The business doesn't inspire me.,fru
Ses03F_script01_1_F044," Oh, you have to be inspired.",fru
Ses03F_script01_1_M045, Yes. I like it an hour out of the day. If I have to grub for money all day long at least that evening I want it beautiful. I want a wife. I want a family. I want some kids. I want to build something I can give myself to.,ang
Ses03F_script01_1_M046," Now, Annie's in the middle of all that.",ang
Ses03F_script01_1_M047," Now, where do I find it?",neu
Ses03F_script01_1_F045, Tell me something.,neu
Ses03F_script01_1_F046, You'd leave that business.,neu
Ses03F_script01_1_M048, Yes. On this I would.,neu
Ses03F_script01_1_F047, You can't do that.,fru
Ses03F_script01_1_M049, Then help me stay here.,neu
Ses03F_script01_1_F048," All right, but you can't do that. You can't talk like that.",fru
Ses03F_script01_1_M050, Okay. Just-,neu
Ses03F_script01_1_F049," We've worked all our lives for you. Only for you, Chris. The whole shootin' match is for you.",fru
Ses03F_script01_1_M051," Yeah, I know, I know, just help me stay here, all right?",fru
Ses03F_script01_1_F050, I'm going to.,neu
Ses03F_script01_1_F051, You just can't talk like that.,xxx
Ses03F_script01_1_M052, I am thinking like that.,neu
Ses03F_script01_1_F052," I don't know you, do I?",neu
Ses03F_script01_1_M053," No, you don't. I'm a pretty tough guy.",neu
Ses03F_script01_1_F053, Yeah. I can see that.,neu
