Uid,Utterances,Labels
Ses03F_script02_2_M000, So what do you think?,xxx
Ses03F_script02_2_F000, About what?,neu
Ses03F_script02_2_M001, About what I was just saying.,neu
Ses03F_script02_2_F001, It's ridiculous.,xxx
Ses03F_script02_2_M002, It certainly is not. It is slightly exaggerated scientific fact.,fru
Ses03F_script02_2_F002," It's so P.R. I mean, somebody's giving you a good bill about this wonderful event that's going to happen on the beach.",xxx
Ses03F_script02_2_M003," Well, I'm not the only one. Look at all these people.",fru
Ses03F_script02_2_F003, Exactly. Everyone else is told the same thing. It keeps them feeling excited. Keeps them coming back. Keeps them thinking life's going to start at any minute now.,xxx
Ses03F_script02_2_M004, Are we talking about the same thing?,fru
Ses03F_script02_2_F004, I don't care. It's still fish to me.,xxx
Ses03F_script02_2_M005," Carla, can I ask you something? Don't take this wrong, but are you having your period?",neu
Ses03F_script02_2_F005," Augie, Goddamn it, don't ask me that. You always ask me that. Why do you ask me that? I hate it. It's insulting.",ang
Ses03F_script02_2_M006," Okay, then what's bugging you?",fru
Ses03F_script02_2_F006," Look, it's-we just-we're looking at this evening in a different way, both of us. We both have different ideas of it.",fru
Ses03F_script02_2_M007," There's nothing to it, alright? We come down here, the grunion arrive, they do their little fish business, we go ooh, ah, look at the fish, and then they go home and we go home.",fru
Ses03F_script02_2_F007, It's not like that.,xxx
Ses03F_script02_2_M008, We're not seeing the grunions?,neu
Ses03F_script02_2_F008," Look, Augie, we've never seen them. They're never going to come.",fru
Ses03F_script02_2_M009, We missed them twice. That's not ever.,fru
Ses03F_script02_2_F009, Twice is as many times as we've tried. That's ever.,xxx
Ses03F_script02_2_M010, We'll see them this time.,fru
Ses03F_script02_2_F010," No, we won't.",xxx
Ses03F_script02_2_F011," It's impossible. It's like waiting around. Waiting to see Santa Claus, you know?",xxx
Ses03F_script02_2_F012, Like I feel like my whole life I've been just standing on this beach with my hands clasped waiting for these fish to show up and these fish never show up.,ang
Ses03F_script02_2_M011," God, I thought you wanted to see it.",fru
Ses03F_script02_2_F013, I do.,fru
Ses03F_script02_2_F014," Look, I did. I always do. But it's like every time I try nothing ever happens.",fru
Ses03F_script02_2_M012, It's just fish. Nothing to get traumatized over.,fru
Ses03F_script02_2_F015," For God's sake, Augie, this is not about fish.",fru
Ses03F_script02_2_M013," I've been turning this thing over in my head trying to figure out when the point was when we took a turn for the worse, and I can't seem to pinpoint it.",fru
Ses03F_script02_2_M014," You were fine during the phone call from Marge. Dinner was okay. Doing the dishes was no problem. Let's see. I took a shower. You were watching the news. You said Augie, I think the grunion are running. I said great, let's go. I feel lucky tonight.",fru
Ses03F_script02_2_M015," And so I'm getting the animals, putting the animals out in the yard. I'm putting on my jacket, getting the car out of the garage-",fru
Ses03F_script02_2_F016, Do you remember the last time we came here?,sad
Ses03F_script02_2_F017, We thought I was pregnant.,sad
Ses03F_script02_2_F018, You brought a bottle of champagne.,sad
Ses03F_script02_2_F019, We took off our shoes and we danced barefoot in the sand. Under the moon.,hap
Ses03F_script02_2_F020, And you whispered so intimately in my ear so I could feel your words.,hap
Ses03F_script02_2_F021," Oh, that moment-that was it.",hap
Ses03F_script02_2_F022," I told myself finally, this is how happy I'm supposed to be.",sad
Ses03F_script02_2_M016, Wait a minute. I got it.,neu
Ses03F_script02_2_F023, Dancing barefoot in the sand. Drinking out of a bottle of champagne.,hap
Ses03F_script02_2_M017," It was driving past the Knickerbocker Liquor Locker, right? You said let's get some champagne, and I said time's-a-wasting or something like that.",xxx
Ses03F_script02_2_M018," You want this to be like the other time, right? That's it. Right?",xxx
Ses03F_script02_2_F024, I don't want to remember something.,sad
Ses03F_script02_2_F025, Hope for some things.,sad
Ses03F_script02_2_M019," Right. I got it. Of course. Listen, do you want to dance?",xxx
Ses03F_script02_2_F026, No.,sad
Ses03F_script02_2_M020, Do you want me to get some champagne?,xxx
Ses03F_script02_2_F027, No.,sad
Ses03F_script02_2_M021, Take off our shoes?,xxx
Ses03F_script02_2_F028," No, no.",sad
Ses03F_script02_2_M022, What? What? Do you want me to breathe in your ear?,fru
Ses03F_script02_2_F029, No.,fru
Ses03F_script02_2_M023, Do you want to get married again? What? What? Do you want to get a divorce?,fru
Ses03F_script02_2_F030, No.,fru
Ses03F_script02_2_F031, No.,ang
Ses03F_script02_2_M024, A vacation?,fru
Ses03F_script02_2_F032, No.,fru
Ses03F_script02_2_M025, A new carpet? A poodle?,fru
Ses03F_script02_2_M026," A-a back rub, some ice cream, a suicide pact. What the hell do you want, Carla?",ang
Ses03F_script02_2_F033, I want things to turn out the way that they're supposed to be.,fru
Ses03F_script02_2_M027," Jesus, welcome to the human race.",fru
Ses03F_script02_2_M028, Did you think this is how I thought it was going to turn out? Do you think I had some great fantasy down the line? That four years down the line that we'd come to the beach and argue with each other over fish?,xxx
Ses03F_script02_2_M029," No, I was just like you. I thought it was going to be all peaches and roses and everything great. And the wind in our hair and the sand in our toes, and the fish will always come and the bills will pay themselves, and we'll have three big fat rosy kids. And oh God.",fru
Ses03F_script02_2_M030," You know what you get? The jokes on us, baby. Because do you know what you get? Huh? Carla? Do you know what you get? You get this.",fru
Ses03F_script02_2_F034, This what? What is this? This is nothing.,fru
Ses03F_script02_2_M031," Yes, it is.",fru
Ses03F_script02_2_F035," No, it's not. It's standing on the beach waiting and fighting.",ang
Ses03F_script02_2_M032, Right.,fru
Ses03F_script02_2_F036, Things have never turned out anything the way that I thought they would be.,sad
Ses03F_script02_2_M033," No, I know. Me neither.",fru
Ses03F_script02_2_F037," I mean, this is, this is everything, and it's a lot, but",xxx
Ses03F_script02_2_F038, it's not something else. Do you know what I'm trying to say?,sad
Ses03F_script02_2_M034," Well, I'm doing the best I can.",fru
Ses03F_script02_2_F039," I know you are, Augie, and I know you wanted this evening to be nice, but I can't help thinking of being somewhere else.",sad
Ses03F_script02_2_M035," Yeah, maybe if you were with someone else too.",fru
Ses03F_script02_2_F040, I didn't say that.,sad
Ses03F_script02_2_M036," No, I know. But I know I don't make you happy.",xxx
Ses03F_script02_2_F041," Augie, anything I do I'd rather be doing with you.",fru
Ses03F_script02_2_M037, Yeah?,sur
Ses03F_script02_2_F042," God, don't you know that? I mean, you're the one that probably wants to be with somebody else. Somebody that didn't take herself so seriously, could enjoy herself more.",fru
Ses03F_script02_2_M038," Actually now that you mention it, no, I don't.",hap
Ses03F_script02_2_F043," Well, I guess we're just in the wrong spart-spot with the right person.",hap
Ses03F_script02_2_M039," Seemed like a pretty good spot to me. I mean, look at the view of the moon we've got from here.",hap
Ses03F_script02_2_F044, I noticed that. It's beautiful.,hap
Ses03F_script02_2_F045, You can see right over the water.,hap
Ses03F_script02_2_F046," God, big old white moon.",xxx
Ses03F_script02_2_M040, Look what we got here.,hap
Ses03F_script02_2_F047, You brought refreshments?,xxx
Ses03F_script02_2_M041, It's not champagne.,hap
Ses03F_script02_2_F048, At least we won't need glasses.,hap
Ses03F_script02_2_M042, Are you still cold? Do you want to go home?,neu
Ses03F_script02_2_F049, So I was thinking you might be right.,xxx
Ses03F_script02_2_F050, Maybe this is the right place after all.,hap
Ses03F_script02_2_F051," I'm sorry, Augie.",sad
Ses03F_script02_2_M043, Shh.,neu
Ses03F_script02_2_M044, If we're very quiet the fish might come.,hap
Ses03F_script02_2_F052, Or not.,xxx
Ses03F_script02_2_M045, Or not.,hap
