Uid,Utterances,Labels
Ses03F_script01_3_F000, You're the only one I know that still loves his parents.,hap
Ses03F_script01_3_M000," Yeah. I know. It went out of style, didn't it?",hap
Ses03F_script01_3_F001," No, it's all right. There's nothing wrong in that, you know.",hap
Ses03F_script01_3_F002, It's really lovely here. The air is sweet.,hap
Ses03F_script01_3_M001, You're not sorry you came?,neu
Ses03F_script01_3_F003, No. I'm not sorry. It's-,sad
Ses03F_script01_3_F004, I can't stay.,xxx
Ses03F_script01_3_M002, Why not?,xxx
Ses03F_script01_3_F005," Well, for one thing, your mother so much has told me to go. [LAUGHTER].",fru
Ses03F_script01_3_M003, Well-,neu
Ses03F_script01_3_F006," Look,",xxx
Ses03F_script01_3_F007," you've been acting kind of, well, you know.",xxx
Ses03F_script01_3_M004, What?,neu
Ses03F_script01_3_F008," Well, you've been embarrassed ever since I came.",sad
Ses03F_script01_3_M005," Yes, I guess I have been. But it's going from me now.",xxx
Ses03F_script01_3_M006," Oh look, um, well, the thing is, I was planning on, planning on sort of sneaking up on you over a week or so, and they-they take it for granted we're all set.",hap
Ses03F_script01_3_F009, Yeah.,xxx
Ses03F_script01_3_M007, How did you know?,xxx
Ses03F_script01_3_F010," Yeah, they would. Especially your mom.",xxx
Ses03F_script01_3_M008," Well, uh- would you want to?",xxx
Ses03F_script01_3_M009," I, I guess that's why I asked you to come.",hap
Ses03F_script01_3_F011," Well, I mean,",hap
Ses03F_script01_3_M010," Oh, Annie.",hap
Ses03F_script01_3_F012," from her opinion, why else would I come here?",hap
Ses03F_script01_3_M011," Annie, I love you.",hap
Ses03F_script01_3_M012, I love you a great deal.,hap
Ses03F_script01_3_M013, I-I love you. I have no imagination. That's all I know how to tell it.,hap
Ses03F_script01_3_F013," Well, I guess that's why I came.",hap
Ses03F_script01_3_M014," I'm embarrassing you. I didn't want to tell you it here. I wanted to go somewhere that would be brand-new to each other. It feels wrong here, don't you? This yard and this chair.",hap
Ses03F_script01_3_M015, I don't want to win you from anybody. I want you to be ready for me.,hap
Ses03F_script01_3_F014," I've been ready for a long, long time.",hap
Ses03F_script01_3_M016, Then he's gone forever. You're sure?,xxx
Ses03F_script01_3_F015, Look,xxx
Ses03F_script01_3_F016, I was almost married two years ago.,xxx
Ses03F_script01_3_M017, Why didn't you?,sur
Ses03F_script01_3_F017, 'Cause you started to write me.,xxx
Ses03F_script01_3_M018, You felt something that far back?,hap
Ses03F_script01_3_F018, Every day since.,hap
Ses03F_script01_3_M019, Why didn't you let me know?,hap
Ses03F_script01_3_F019," Well, I don't know, you didn't write until then and then when you did, what'd you say?",xxx
Ses03F_script01_3_F020, You always can be so ambiguous.,xxx
Ses03F_script01_3_M020," Give me a kiss, Annie.",hap
Ses03F_script01_3_M021, Give me-,hap
Ses03F_script01_3_M022," [LAUGHTER]. God, I kissed Annie. I kissed Annie. How long, how long I've been waiting to kiss you.",xxx
Ses03F_script01_3_F021, I don't know if I ever can forgive you for that. Why'd you wait so long? I sat in my room wondering if I was crazy for thinking about you.,hap
Ses03F_script01_3_M023, We're going to live now. I'm going to make you so happy.,hap
Ses03F_script01_3_F022," Not like that, you're not.",xxx
Ses03F_script01_3_M024, I kissed you.,hap
Ses03F_script01_3_F023," Like Larry's brother. Do it like you, Chris.",hap
Ses03F_script01_3_F024, What is it?,xxx
Ses03F_script01_3_M025, Let's drive somewhere. I want to be alone with you.,sad
Ses03F_script01_3_F025, No. What is it? Is it your mother?,sad
Ses03F_script01_3_M026," No, no, no, no. Nothing like that.",neu
Ses03F_script01_3_F026," Well then tell me what's wrong. I mean, even in your letters there's something ashamed.",sad
Ses03F_script01_3_M027," Yeah. I guess there is. I guess I was, but uh- it's going from me now.",sad
Ses03F_script01_3_F027, You should tell me.,sad
Ses03F_script01_3_M028, I don't know where to start.,sad
Ses03F_script01_3_F028," But, Chris, it wouldn't work like this.",sad
Ses03F_script01_3_M029, You know when I went overseas. I said I was in command of a company.,sad
Ses03F_script01_3_F029," Yeah, sure.",sad
Ses03F_script01_3_M030," Well, I lost them.",sad
Ses03F_script01_3_F030, How many?,sad
Ses03F_script01_3_M031, Just about all.,sad
Ses03F_script01_3_F031, Geez.,sad
Ses03F_script01_3_M032, It takes a little while to toss that off. Because they weren't just men.,sad
Ses03F_script01_3_M033," For instance, one time, it had to have been raining several days. There was this one kid, he came up to me and he gave me his last pair of dry socks. Put them in my pocket.",sad
Ses03F_script01_3_M034," I mean, that's-that's only a little thing, but that's the kind of guys I had. They didn't just die. They killed themselves for each other. And I mean that exactly. A little more selfish and they'd still be here today.",sad
Ses03F_script01_3_M035," And I, and I thought something watching them go down.",sad
Ses03F_script01_3_M036," Everything was being destroyed, see, but there was one new thing that was being created. A kind of responsibility, man for man. You understand me?",sad
Ses03F_script01_3_M037, And to show that-to bring that onto the earth like some sort of monument standing right behind us where everyone could feel it and it would make a difference to him.,sad
Ses03F_script01_3_M038, And I came back here and it was incredible. There was no meaning in that here. The whole thing to them was a bus accident.,sad
Ses03F_script01_3_M039, And I went to work with dad and that rat race again. And I felt what you said-ashamed somehow. Because nobody was changed at all. It seemed to make a sucker out of a lot of guys.,sad
Ses03F_script01_3_M040," And I felt wrong to be alive. To drive the car, to see the new checkbook, to see the new refrigerator. I mean, you can take those things out of the war. But you got to know that when you drive that car that that came out of the love a man can have for another man. And you got to be a little bit better because of that.",sad
Ses03F_script01_3_M041," Otherwise, what you have here is loot; and there's blood on it.",sad
Ses03F_script01_3_M042, And I didn't want to take any of it.,sad
Ses03F_script01_3_M043, And I guess that included you.,sad
Ses03F_script01_3_F032, And you still feel that way?,sad
Ses03F_script01_3_M044," I want you now, Annie.",xxx
Ses03F_script01_3_F033," Because you can't feel that way, never again, Chris. You hear me? Never. I mean, the money and me too.",sad
Ses03F_script01_3_F034," I mean, there's nothing wrong in that money, and your father put good planes up in the air and you should be proud of that. A man should be paid for that.",xxx
Ses03F_script01_3_M045," Annie,",hap
Ses03F_script01_3_M046," Annie, I'm going to make a fortune for you.",hap
Ses03F_script01_3_F035, What am I going to do with a fortune?,hap
