Uid,Utterances,Labels
Ses03M_impro05b_F000, Can I help you sir?,neu
Ses03M_impro05b_M000, Yeah.,xxx
Ses03M_impro05b_M001, I've been here for four hours and I don't know where one piece of my luggage is,fru
Ses03M_impro05b_F001, Okay.  Well let's...well I'm going to go ahead and check on that for you.  You're coming from...where are you coming from?,neu
Ses03M_impro05b_M002, Baltimore.,fru
Ses03M_impro05b_F002, Baltimore and this is a direct flight to LAX,neu
Ses03M_impro05b_M003, Yes.,fru
Ses03M_impro05b_F003, Okay.  Let's look up here,neu
F,--okay-,
Ses03M_impro05b_M004, You know and they've looked it up before and it's not there.,fru
Ses03M_impro05b_F004, Okay.  Well you um-...,neu
Ses03M_impro05b_M005, Now what are you going to do for me different? Hmm?,fru
Ses03M_impro05b_F005," What I can do for you is uh we can uh report lost, lost property.",neu
Ses03M_impro05b_M006, You can report lost property?,fru
Ses03M_impro05b_F006, Yes.,neu
Ses03M_impro05b_M007," Okay.  I'm leaving LA tomorrow for San Diego, driving there.  So, I'm going to leave without all my lost property?  That's what you want me to do? um",fru
Ses03M_impro05b_F007," Well sir, if if...what I believe has happened is most of the flight was left--",neu
Ses03M_impro05b_F008, the luggage was left in Baltimore.  Therefore--,neu
Ses03M_impro05b_M008, Most of the...,ang
Ses03M_impro05b_F009," Like the luggage, the luggage on the flight.",neu
Ses03M_impro05b_M009, Wow.  This is an incompetent airline isn't it?  Are you--?,xxx
Ses03M_impro05b_F010, No actually it was...this is the first time this has ever happened.  I don't know what happened--,neu
Ses03M_impro05b_M010," Are you going to refund us for our luggage, refund us for our tickets for this?",fru
Ses03M_impro05b_FXX0, We- I mean-,
Ses03M_impro05b_F011," Well, we can give you um- hotel lodging for a night if that--",neu
Ses03M_impro05b_M011, I'm going to San Diego tomorrow to stay with my family.  What do I need hotel lodging for hmmm?  Can you tell me that?,ang
Ses03M_impro05b_F012, For tonight- For tonight sir.  Would you need to stay somewhere tonight?,neu
Ses03M_impro05b_M012, Tonight no.  I'm driving tomorrow.  Tonight I'm staying with a friend alright?  I don't need hotel reservations...where?  What hotel?,xxx
Ses03M_impro05b_F013, We can do Holiday Inn or...?,neu
Ses03M_impro05b_M013, Wow.  Thank you.  Holiday Inn.  Wow.  Thank...the flight cost five hundred dollars.,ang
Ses03M_impro05b_F014, Sir I understand that but just--,neu
Ses03M_impro05b_M014," Okay, so you can put me in Holiday Inn for twenty dollar a night?",ang
Ses03M_impro05b_F015, Did you have your name tags on the luggage?,neu
Ses03M_impro05b_M015, Of course I had my name tags on the luggage.,ang
Ses03M_impro05b_F016," Okay.  So if you can just give me your name, your name and your address and your phone number I can contact you as soon as we find out more information.",neu
Ses03M_impro05b_M016, Soon as you...that's not good enough okay?,ang
Ses03M_impro05b_F017," Sir, please calm down.",fru
Ses03M_impro05b_M017, I need you to help me out here.  Can you get on the phone and get the luggage over on the fastest flight you can and then maybe I won't get you fired.,fru
Ses03M_impro05b_M018," If not, I'm going to get your name, I'm going to talk to your boss, whoever...I'm never going to fly...my business is never going to fly Delta again.",fru
Ses03M_impro05b_FXX1, Okay.,
Ses03M_impro05b_F018, What is your business?,neu
Ses03M_impro05b_M019, I work for IBM.,neu
Ses03M_impro05b_F019," Okay.  Sir?  I am sorry to tell you this but this does happen. Uh- This is not uh- really,",neu
Ses03M_impro05b_F020," I mean, our airline's fault.  I don't know what happened, misplaced, something happened but we will get you--",neu
Ses03M_impro05b_M020," You misplace a lot of, eight pieces of luggage.",ang
Ses03M_impro05b_F021," Well, the entire flight, sir, the luggage was placed on another plane that never actually left Baltimore.",neu
Ses03M_impro05b_F022, Uh no I'm not.,neu
Ses03M_impro05b_M021, Are you kidding me?,ang
Ses03M_impro05b_M022, Who are you going to fire because of that?,ang
Ses03M_impro05b_F023," Well we have some people back there that need some firing so, but I would just really appreciate--",neu
Ses03M_impro05b_M023," Wow.  This has never happened before.  I've not lost,",ang
Ses03M_impro05b_M024, in all thousand flights I've been on probably I can't even count how many flights I've been on.  This has never happened before.,ang
Ses03M_impro05b_M025, This is the worst customer service I've ever gotten before.,ang
Ses03M_impro05b_FXX2, Yeah.,
Ses03M_impro05b_F024, Okay sir.  I'm sorry you can--um-,fru
Ses03M_impro05b_M026, Okay.  Get on the phone and figure out where my luggage is and tell me when it's going to get there alright?,ang
Ses03M_impro05b_F025, We already have been confirmed that it will be arriving in--uh--in about two days.,fru
Ses03M_impro05b_M027," And and, in about...",ang
Ses03M_impro05b_M028, Two days I'll be in San Diego and how's it going to get to me in San Diego?  You going to make sure it gets to the San Diego airport?,fru
Ses03M_impro05b_F026," Uh, we can't--",fru
Ses03M_impro05b_M029, Can you get it to the San Diego airport?  You get someone to drive it to my place alright? Then I get a refund for some...I get a free flight alright? I get free whatever.,ang
Ses03M_impro05b_F027," Yes sir, Yes.",neu
Ses03M_impro05b_F028, We can have them direct your luggage to San Diego.,neu
Ses03M_impro05b_M030, Okay.  And you're going to give me what for my inconvenience?,fru
Ses03M_impro05b_F029, Uh--,neu
Ses03M_impro05b_F030, Some refreshments in the lobby?,neu
Ses03M_impro05b_M031, Some peanuts?  Wow.  That helps a lot.,ang
Ses03M_impro05b_M032," Thanks you, thank you I don't have my luggage so you gave me a Holiday Inn stay and peanuts.  Wow.  You know what?",ang
Ses03M_impro05b_F031, eh- we actually--,fru
Ses03M_impro05b_M033, I will never do business with Delta again.,ang
