Uid,Utterances,Labels
Ses03M_impro06_F000, How's it going?  How are you feeling?,sad
Ses03M_impro06_M000, I ah--,sad
Ses03M_impro06_M001, alright.,sad
Ses03M_impro06_F001, Hanging in there?,sad
Ses03M_impro06_M002, Yeah.,sad
Ses03M_impro06_F002, So sad.,sad
Ses03M_impro06_M003, It just feels like I was talking to him yesterday.,sad
Ses03M_impro06_F003, Yeah.,sad
Ses03M_impro06_F004, You guys were real close huh?,sad
Ses03M_impro06_M004, He was my only friend growing up.,sad
Ses03M_impro06_M005, no one else would talk to me but he would.,sad
Ses03M_impro06_M006, He was supposed to be the best man at my wedding.,sad
Ses03M_impro06_F005, I'm so sorry.,sad
Ses03M_impro06_M007, Yeah.,sad
Ses03M_impro06_M008, You know I was always the one to tell him to be more wild you know?,sad
Ses03M_impro06_F006, Yeah.,xxx
Ses03M_impro06_M009, And he just took it overboard.,sad
Ses03M_impro06_F007, What happened?  What went wrong?,sad
Ses03M_impro06_M010, You know a stupid case of drunk driving it's just...,sad
Ses03M_impro06_M011," and the worst part of it is that he was in the car with his girlfriend,",sad
Ses03M_impro06_M012, his girlfriend got killed too.,sad
Ses03M_impro06_F008, Oh man.,sad
Ses03M_impro06_M013, And the car that he hit was his family.,sad
Ses03M_impro06_F009, How are they?,sad
Ses03M_impro06_M014, The mother and father died--,sad
Ses03M_impro06_M015, and the kids are paralyzed in a coma right now.,sad
Ses03M_impro06_M016, and just going to the funeral it's-,sad
Ses03M_impro06_M017," -do I miss him or do I hate him, you know?",sad
Ses03M_impro06_F010, Yeah.  Like I mean if you need anyone to talk to or anything I'm here for you okay?,sad
Ses03M_impro06_MXX0, Thanks.,
Ses03M_impro06_F011, We're all here for you.,sad
Ses03M_impro06_M018, I was supposed to see him last summer,sad
Ses03M_impro06_M019, then I got busy with work and stuff and three years go by,sad
Ses03M_impro06_M020, and then something like this happens you know?,sad
Ses03M_impro06_M021, I mean I haven't even talked to him on the phone for the past three months.,sad
Ses03M_impro06_M022, He's supposed to be my best friend.,sad
Ses03M_impro06_F012, I know.,sad
Ses03M_impro06_F013, just things happen in life and you just...there's just no explanation you know?  We just don't...,sad
Ses03M_impro06_M023, It's so fucked up.,sad
Ses03M_impro06_F014, Yeah.,sad
Ses03M_impro06_F015, I'm so sorry.,sad
Ses03M_impro06_M024, Why is that?,sad
Ses03M_impro06_M025, He was studying to be a doctor.,sad
Ses03M_impro06_M026," I mean he was...he wanted to help people in poor countries, that is his goal.  He didn't care about the money.  He just wanted to go and help people.",sad
Ses03M_impro06_M027, What the...what am I doing?,sad
Ses03M_impro06_M028, Working for corporate America?  Wow.,sad
Ses03M_impro06_M029, He actually wanted to do something.,sad
Ses03M_impro06_F016," Well now you can follow his footsteps, you know?  Carry out what he wanted to do.",sad
Ses03M_impro06_M030, I can't do that.,sad
Ses03M_impro06_F017, Well sure you could.,sad
Ses03M_impro06_M031, You should've met him.,sad
Ses03M_impro06_M032, He is the greatest...everyone liked him.,sad
Ses03M_impro06_F018, Yeah.,sad
Ses03M_impro06_F019, I would've loved to.,sad
Ses03M_impro06_F020, Now I can't.,sad
