Uid,Utterances,Labels
Ses03F_script01_2_F000, Why did you invite her here?,ang
Ses03F_script01_2_M000, Why? Does that bother you?,xxx
Ses03F_script01_2_F001, She's been in New York for three-and-a-half years. She don't just suddenly come and-,ang
Ses03F_script01_2_M001," Well, maybe, maybe he just wanted to see her.",neu
Ses03F_script01_2_F002, You don't travel seven hundred miles just to see.,ang
Ses03F_script01_2_M002," What do you mean? They lived next door to each other their entire lives. Why shouldn't he want to see her? Hey, don't look at me like that. I don't know anymore than you do.",xxx
Ses03F_script01_2_F003, He's not going to marry her.,xxx
Ses03F_script01_2_M003, How do you know he's even thinking about it?,neu
Ses03F_script01_2_F004, It's got that about it.,ang
Ses03F_script01_2_M004," Well, so what?",neu
Ses03F_script01_2_F005," What's going on here, Joe?",xxx
Ses03F_script01_2_M005," Listen, kid-",fru
Ses03F_script01_2_F006, She's not Larry's girl. She knows that.,ang
Ses03F_script01_2_M006, You can't read her mind.,neu
Ses03F_script01_2_F007, Then why is she married? Then why isn't she married? She's been in New York and there's hundreds of single men there.,xxx
Ses03F_script01_2_F008," I'm sure hundreds of them asked her and told her that she's foolish, but no.",xxx
Ses03F_script01_2_F009, She's waited.,xxx
Ses03F_script01_2_M007, How do you know why she's waited?,neu
Ses03F_script01_2_F010," Because she thinks like me, that's why.",xxx
Ses03F_script01_2_F011," She's faithful as a rock, don't you know. In my worst moments I can think of her-",sad
Ses03F_script01_2_F012," I think again, that I'm-I'm right.",xxx
Ses03F_script01_2_M008," Look, it's a nice day. What are we arguing for?",neu
Ses03F_script01_2_F013," Nobody in my house better ever dare-dare to challenge her faith. Maybe strangers, but not his father, not his brother.",ang
Ses03F_script01_2_M009, Calm yourself.,neu
Ses03F_script01_2_F014, Because he's not coming back. Then what do I got to live for? I'll kill myself.,xxx
Ses03F_script01_2_M010, Calm yourself.,fru
Ses03F_script01_2_F015," Don't, don't laugh at me, don't laugh at me.",ang
Ses03F_script01_2_F016," Look at it. Because why, when she came here and she slept in his room, the memorial broke into pieces. Look at it, look at it, Joe.",ang
Ses03F_script01_2_M011, All right. All right. Calm yourself.,ang
Ses03F_script01_2_F017," You got to believe, believe with me because I can't stand all alone.",xxx
Ses03F_script01_2_M012, Okay. Just calm yourself.,fru
Ses03F_script01_2_F018," No, you've got to believe.",sad
Ses03F_script01_2_F019," Believe, Joe. You above all people have got to believe.",xxx
Ses03F_script01_2_M013," Why me, above all?",ang
Ses03F_script01_2_M014, Huh?,ang
Ses03F_script01_2_M015, Why me above all?,ang
Ses03F_script01_2_F020, You got to keep believing.,sad
Ses03F_script01_2_M016," Look at you, you're shaking.",ang
Ses03F_script01_2_F021, I can't help it.,sad
Ses03F_script01_2_M017, What have I got to hide?,ang
Ses03F_script01_2_M018," Huh? What the hell's the matter with you, Kate?",ang
