Uid,Utterances,Labels
Ses03M_impro03_M000, Hey.,exc
Ses03M_impro03_F000, Hey.,xxx
Ses03M_impro03_M001," Esmeralda, guess what?",exc
Ses03M_impro03_F001, What?,exc
Ses03M_impro03_M002, [LAUGHTER] Guess who just got hitched?,exc
Ses03M_impro03_F002, Shut up. Oh my God.  Really? Just like that?  You just asked the question and what...how did you ask?,sur
Ses03M_impro03_M003, This guy. Yeah.  Can you believe it? She said yes too. Yeah.  She said yes.,exc
Ses03M_impro03_M004, Okay we were at Chuck E. Cheese.,exc
Ses03M_impro03_F003," Chuck E. Cheese?  Ah, man that is so lame.",exc
Ses03M_impro03_F004, Are you serious [GARBAGE] man?,exc
Ses03M_impro03_M005, Get the big pizza--and I put it in the pizza and she ate so [GARBAGE],xxx
Ses03M_impro03_F005, Oh like that one movie.  What's that one movie I just saw? No.  Where she like swallows the...,exc
Ses03M_impro03_M006, American Pie? Ah.,xxx
Ses03M_impro03_F006," oh, I don't remember.  Everybody Says I Love You with Drew Barrymore...no you haven't seen it?  Okay.",exc
Ses03M_impro03_M007," Yeah.  It sounds like a chick flick. Anyways so, she gets the ring and she goes,",xxx
Ses03M_impro03_F007, Yeah.  Well...,xxx
Ses03M_impro03_M008," Barry what's this?  And I go, I don't know.  She goes--",xxx
Ses03M_impro03_F008, She calls you Barry?,xxx
Ses03M_impro03_M009, That's my name.,xxx
Ses03M_impro03_F009," Oh, okay.  Well I call you Joe cause you're middle name Joseph.",xxx
Ses03M_impro03_M010," Barry Joe, B.J. [LAUGHTER] Oh you dirty, dirty girl. you're so dirty.",xxx
Ses03M_impro03_F010, [LAUGHTER] So nasty. No you... dirty me?,exc
Ses03M_impro03_F011, Okay.,xxx
Ses03M_impro03_M011," Ah...Anyways, so she took the ring and she goes, is this real?  So I was like, of course--",exc
Ses03M_impro03_M012, Sara and I--,hap
Ses03M_impro03_F012, She actually asked if it was real?  I would've probably asked the same thing considering you were in Chuck E. Cheese.,hap
Ses03M_impro03_M013, Come on. It was her birthday.,exc
Ses03M_impro03_F013, Because of Chuck E. Cheese?,xxx
Ses03M_impro03_F014," Oh, man. How old are you? Five?",xxx
Ses03M_impro03_M014, She wanted...she always wants something spontaneous.,hap
Ses03M_impro03_F015," Yeah.  That's, you know, okay.",neu
Ses03M_impro03_M015," I couldn't, I couldn't afford the Red Lobster. [LAUGHTER] What anyway?",hap
Ses03M_impro03_F016," Oh god! You are damn cheap, cheap, cheap. Anyways, moving on. It's not like you're poor.  I mean your dad makes... okey",hap
Ses03M_impro03_M016, So Okay then and.,hap
Ses03M_impro03_M017," I got all the character animals to do a conga line,",hap
Ses03M_impro03_M018," dim down the lights and uh, I got on one of the tables pulled her up.",hap
Ses03M_impro03_F017, You had the mouse?,hap
Ses03M_impro03_F018, Isn't it a rat?  It's a rat.  Chuck E. Cheese?,neu
Ses03M_impro03_M019, Yeah.,hap
Ses03M_impro03_M020," Chucky...I don't know.  I don't know. Anyways, I pull her up and I go, I go Sarah",hap
Ses03M_impro03_F019, Okay. [LAUGHTER],xxx
Ses03M_impro03_M021," You're my guiding light, then they put on that song the I've had the time of my life, that song.",hap
Ses03M_impro03_F020, Oh my God.,xxx
Ses03M_impro03_F021," Okay, that is really cheesy Joe.",hap
Ses03M_impro03_M022," And I go, I want to spend the rest of my life with you.",xxx
Ses03M_impro03_F022, Oh that's kind of sweet.,hap
Ses03M_impro03_M023, And I love you baby.  And I want you to marry me.,xxx
Ses03M_impro03_F023," Wait, wait, wait I want you to marry me?  No, shouldn't you like be more like a question like, would you marry me?  Not like I want you to marry me.  It's like a demand.",exc
Ses03M_impro03_F024," You marry me. I man I Jane, you Tarzan.",exc
Ses03M_impro03_M024," No. Well that's what I said, spur of the moment--and she goes, she goes,",xxx
Ses03M_impro03_M025, sure.  And that was it.,xxx
Ses03M_impro03_F025, She said sure?,hap
Ses03M_impro03_F026, Sure?  Who says sure?  You say yes...I don't like--,hap
Ses03M_impro03_M026," Yeah, she goes--",xxx
Ses03M_impro03_M027, Cause she was a little confused at first but then she said yes.,xxx
Ses03M_impro03_F027, How long have you guys been going out?,hap
Ses03M_impro03_M028, About two and a half weeks.,neu
Ses03M_impro03_F028, What?,sur
Ses03M_impro03_M029, Two and ...  We love each other. Yeah.,hap
Ses03M_impro03_F029, What?,sur
Ses03M_impro03_F030, Okay.  I haven't seen you in about two and a half years and I come back and you're getting engaged to somebody you only knew for,sur
Ses03M_impro03_M030," You got to meet her, she's wonderful.",hap
Ses03M_impro03_F031," No, no, no.  You don't get married in two and a half weeks.  It doesn't work that way.  You don't even have sex----in two and a half weeks.",xxx
Ses03M_impro03_M031, She just graduated from high school and----she's planning to apply for colleges----and stuff.She's so great.  She has so much life and energy and stuff.,hap
Ses03M_impro03_F032, What? Oh my god.,xxx
Ses03M_impro03_F033, She must be hot.,hap
Ses03M_impro03_F034," Yeah, that's it.  She's hot and you are- getting married.",xxx
Ses03M_impro03_M032," Yeah, she is good-looking.",hap
Ses03M_impro03_F035, I cannot believe you.  Why do you want to get married?  You're a boy.  You're a little boy.,xxx
Ses03M_impro03_M033, I'm twenty eight years old.,neu
Ses03M_impro03_F036, You still act like a boy.  And men take a lot longer to grow----I will tell you.,neu
Ses03M_impro03_M034, Well that's why I'm dating someone who's just eighteen years old. Jesus. I think she's ready to have kids already.,xxx
Ses03M_impro03_F037, Oh man.,xxx
Ses03M_impro03_F038, What?  Eighteen?,xxx
Ses03M_impro03_M035, I'm so excited.  It's going to be great.,exc
Ses03M_impro03_F039, I can't believe you.  I can't believe it.  Well I'm going to be there.  I'll be at that wedding but I'll be in the back.,xxx
Ses03M_impro03_M036, She just...she just...we're in a good position too.  She just got promoted to assistant manager at Jack In The Box,xxx
Ses03M_impro03_M037, -and so... yeah.,xxx
Ses03M_impro03_F040, Wow. Very promising.  Yeah.  Very promising future and what are you doing?,xxx
Ses03M_impro03_M038, I'm still working at my parents' restaurant. Busing tables.,neu
Ses03M_impro03_F041, Alright. Yeah.  Have a kid.  Make a beautiful life.,xxx
Ses03M_impro03_M039, Oh that's great. My mom said we can move in with her again if we run out of money.,hap
Ses03M_impro03_F042," You, You are too much, I can't handle it.",xxx
Ses03M_impro03_M040, I'm so happy.,xxx
