Uid,Utterances,Labels
Ses03M_impro05a_F000, Can I help you sir?,neu
Ses03M_impro05a_M000, Yes you can help me.  Where is my luggage?,ang
Ses03M_impro05a_F001," Well, let me just check on that for you.  Where are you coming--?",neu
Ses03M_impro05a_M001, Yeah.  You do that.  I'm coming from Baltimore.  You know where that is?,ang
Ses03M_impro05a_F002," Sir, yes it's in Maryland.  It's okay...well, I'm...just let me check here.",neu
Ses03M_impro05a_M002, I had eight hundred pounds of luggage.,ang
Ses03M_impro05a_F003, Okay.  Sir?  Can you...if you just give me one moment and let me just check okay?,fru
Ses03M_impro05a_M003, Okay.  Check.,ang
Ses03M_impro05a_F004," Alright.  And you're coming-- Wait, hold on sir.  You're coming from Baltimore into LAX right?",fru
Ses03M_impro05a_M004, Is it there?,ang
Ses03M_impro05a_M005, Yes.,ang
Ses03M_impro05a_F005, Okay and this is direct flight?,neu
Ses03M_impro05a_M006, You don't know where we're at?,ang
Ses03M_impro05a_M007, God.,ang
Ses03M_impro05a_F006, I'm asking you if this is direct flight from Baltimore to LAX or if you have to stop--,fru
Ses03M_impro05a_M008, You know I've been waiting here for four hours for my luggage,xxx
Ses03M_impro05a_M009," and it's not here, they told me to go to this person, go to this person.  Now I'm at this person.",xxx
Ses03M_impro05a_F007, You're at me and I'm going to try to help you out sir but you just have to cooperate with me--,neu
Ses03M_impro05a_M010, Okay.  What do you want?,ang
Ses03M_impro05a_F008, How many pieces of luggage do you have checked in?,neu
Ses03M_impro05a_M011, Eight.  And they're all gone.,ang
Ses03M_impro05a_F009, Eight pieces of luggage.  Okay.,neu
Ses03M_impro05a_M012, And what are you going to do about it?  You going to call someone?  You going to send me somewhere else?,ang
Ses03M_impro05a_F010, No.  I'm just going to check--,fru
Ses03M_impro05a_M013, It's my mother's funeral tomorrow and the urn is in the suitcase.,ang
Ses03M_impro05a_F011, I'm sorry sir.,neu
Ses03M_impro05a_M014, Yeah.,ang
Ses03M_impro05a_F012, I'm very sorry but let's check on this immediately.  This is definitely an emergency.  It seems--,neu
Ses03M_impro05a_M015, What am I going to do tomorrow without the urn?,xxx
Ses03M_impro05a_F013, Sir it seems to me that your luggage is um- is not here,xxx
Ses03M_impro05a_M016," Oh, oh, that's a good deduction.",ang
Ses03M_impro05a_F014, Yes--it is,neu
Ses03M_impro05a_M017," Sherlock Holmes.  God, where's my luggage?",ang
Ses03M_impro05a_F015," Sir, Please please, I would ask you to just calm down for a second--",fru
Ses03M_impro05a_M018, Calm down?  It's my mother's funeral tomorrow.  I'm the one responsible for this.,ang
Ses03M_impro05a_F016," Okay.  We will find your luggage.  Apparently because it somehow...what flight you were taking, you were on Delta?",neu
Ses03M_impro05a_M019, Yes.  You are a Delta representative.,xxx
Ses03M_impro05a_F017," Yes, I am.",xxx
Ses03M_impro05a_M020, What is the matter with you?,ang
Ses03M_impro05a_F018," Sir, I just...you need to calm down is what needs to happen right now.",ang
Ses03M_impro05a_M021, Don't yell at me.,ang
Ses03M_impro05a_F019," Okay.  I'm not.  I'm sorry, I am being--",fru
Ses03M_impro05a_F020," calm.  Sir, okay basically what- what's going to happen here is you're going to give me your contact information and we will contact you--",fru
Ses03M_impro05a_M022, Oh my God.  I think a blood vessel burst in my head.,ang
Ses03M_impro05a_F021," Please, please",neu
Ses03M_impro05a_F022," sir, listen to me.  Your luggage is still in Baltimore.",xxx
Ses03M_impro05a_M023, What?,ang
Ses03M_impro05a_F023, Okay.  We can get it here in about seven to ten business days.,neu
Ses03M_impro05a_M024, What?  Are you kidding me?,ang
Ses03M_impro05a_F024," Yes.  Well, because--",neu
Ses03M_impro05a_M025, Give- Give me your manager right now.,ang
Ses03M_impro05a_F025, I am the manager sir.,neu
Ses03M_impro05a_M026," You're the manager? You don't know where you work for, you don't know where you're at and you're the manager?",ang
Ses03M_impro05a_F026, Sir I know where I work for but I was checking because you cannot--,xxx
Ses03M_impro05a_M027, Whose daughter are you?,ang
Ses03M_impro05a_F027, Sir?,fru
Ses03M_impro05a_M028, Sir. Sir. Sir. Sir,ang
Ses03M_impro05a_F028, What is your name?,ang
Ses03M_impro05a_M029, My name is Brent Caption.,ang
Ses03M_impro05a_M030, Now what are you going to do about it?,exc
