Uid,Utterances,Labels
Ses03F_impro01_F000," God, finally I got to the line, the front of the line. I've been waiting there for like half an hour.",xxx
Ses03F_impro01_F001, [BREATHING] It's so hot in here. Hoo.,xxx
Ses03F_impro01_M000, Yeah.,xxx
Ses03F_impro01_M001," Oh, um-",neu
Ses03F_impro01_F002, What's wrong?,neu
Ses03F_impro01_M002," You didn't fill this out right. All right. It says that you have to fill out the back sheet of this, but you filled out the yellow sheet of it.",neu
Ses03F_impro01_F003," No, no, no, no, no, no. The lady over there, she told me to fill out the front and she said to wait in this line.",fru
Ses03F_impro01_M003, Who?,neu
Ses03F_impro01_F004, I don't know. Some lady. Sonya or something.,fru
Ses03F_impro01_M004, She- she probably doesn't even work here.,neu
Ses03F_impro01_F005," Excuse me? No, no. I waited in the line over there..",fru
Ses03F_impro01_M005, All right  Uh-,neu
Ses03F_impro01_F006, and she told me to come over here and she said to fill out everything on the application and I did that.,fru
Ses03F_impro01_M006, It's not right.,fru
Ses03F_impro01_F007," Look, I-- No, no, no, I--you don't understand. I have to go back to work.",fru
Ses03F_impro01_M007, You just take--all right.,fru
Ses03F_impro01_M008," Well, you didn't fill this paper at work out right and it's going to take another fifteen minutes to do it and look at how long the line we got here so just-",fru
Ses03F_impro01_F008, I am not-,fru
Ses03F_impro01_M009," okay, just go back and fill it out real quick and I'm sorry, you have to get back in line and wait. I can't let you cut.",fru
Ses03F_impro01_F009, But you don't understand. I cannot get back in line because I have to go back to work. I will get fired if I don't leave here.,fru
Ses03F_impro01_M010," Well, maybe you should have got here earlier than so you had a lot of time to do this.",xxx
Ses03F_impro01_F010, But I was at work and the lady told me to come and work it and to stand in the line.,xxx
Ses03F_impro01_M011, I don't know who this lady is.,xxx
Ses03F_impro01_F011, [LAUGHTER],fru
