Uid,Utterances,Labels
Ses03F_impro05_F000," Look sir, I've been waiting for about an hour and my luggage still hasn't come. What's going on?",fru
Ses03F_impro05_M000," I'm sorry, Mrs. Rosenkrantz, but uh- I don't know what to tell you.",fru
Ses03F_impro05_F001," What do you mean, you don't know what to tell me? I have two luggage that I've been coming--they're coming--from France and I need them here. I'm home now. I need to go start working.",fru
Ses03F_impro05_M001, Did you- Did you check with the lost and found?,fru
Ses03F_impro05_F002," Where? I don't know. The lost and found. What do you mean, lost and found?",ang
Ses03F_impro05_F003, I had my luggage transferred here from Paris to L.A. and now I'm here and I need to be working and I have all my stuff in there.,fru
Ses03F_impro05_M002," Maybe it got lost. Did you think about that, mom?",fru
Ses03F_impro05_F004," Well, that's what I'm asking you. What--I don't know what happened to it.",fru
Ses03F_impro05_M003," Oh, not--we didn't lose it; maybe the airport lost it. Maybe someone stole it.",neu
Ses03F_impro05_F005," Wait, sir. You're- You're completely not--what do you mean, stole it? How can they just steal it from an airplane? It was up in the air?",ang
Ses03F_impro05_M004," No, I mean, maybe in the little--going around thingy thing where bopper stole it from there.",fru
Ses03F_impro05_F006, Okay. All I know is that I am supposed to have my language here right now. Right now. And it's not there. And you're supposed to help me because you work at the airport. So give me my luggage or tell me where the hell it is.,fru
Ses03F_impro05_M005, Okay. What can we do is we can get your name and information and if it shows up we can send it to you so-- Wherever you stay,fru
Ses03F_impro05_F007," What do you mean, if it shows up? No, I need it now. I have my keys, I have my wallet, I have my money. I have thousands and thousands of dollars worth of stuff in there.",ang
Ses03F_impro05_F008, Not to mention I have my work in there.,ang
Ses03F_impro05_M006," Well, I'll have you fill out some paperwork and see if you can get started on something.",fru
Ses03F_impro05_F009," And what if- what if it is lost? Well, what are you guys going to do for me?",ang
Ses03F_impro05_M007," You know, we'll file a complaint and we could possibly, you know, replace some of the things. I think-",xxx
Ses03F_impro05_M008, and when you sign your ticket we could replace about fifteen percent of what's in the bag.,neu
Ses03F_impro05_F010, Fifteen percent?,ang
Ses03F_impro05_M009, Up to a limit of twenty five dollars.,neu
Ses03F_impro05_F011, What? There- There's hundreds of thousands of dollars worth of stuff in there.,ang
Ses03F_impro05_M010," Whoa, maybe you should uh- have thought of a better way to send it than just in a bag, hmm? Did you think about that?",fru
Ses03F_impro05_F012," No, no, no. You don't understand. This is--these are my belongings in the luggage. And I went to Paris.",fru
Ses03F_impro05_F013," Sir, why are you laughing at me? This isn't funny.",fru
Ses03F_impro05_M011," I think that's kind of stupid, that you put a hundred thousands of dollars in the bag.",neu
Ses03F_impro05_F014," Well I'm sorry, if I--no, it's not stupid. You are supposed to have my luggage.",xxx
Ses03F_impro05_M012, Did you lock- Did you lock it even? You probably didn't even lock it.,fru
Ses03F_impro05_F015," No, they said I couldn't lock it.",ang
Ses03F_impro05_MXX0," [LAUGHTER], That's what they say.",
Ses03F_impro05_F016, Give me--I'm going to talk to your supervisor. Give me your supervisor. I want to talk to your supervisor right now.,ang
Ses03F_impro05_M013," Okay, let me get him.Oh, guess who the supervisor is? It's me.",neu
Ses03F_impro05_M014," What, do you have questions?",neu
Ses03F_impro05_F017," Well, get- I want the C.E.O. then.",ang
