Uid,Utterances,Labels
Ses03F_impro07_M000," Hey, Isabella.",neu
Ses03F_impro07_F000," Hey, how's it going, Joe?",xxx
Ses03F_impro07_M001, I'm all right.,neu
Ses03F_impro07_F001," Uh-, So I got some good news.",hap
Ses03F_impro07_M002, Yeah?,xxx
Ses03F_impro07_F002, Yep.,xxx
Ses03F_impro07_M003, You're not pregnant or anything.,neu
Ses03F_impro07_F003, Pregnant? What are you talking about? No.,sur
Ses03F_impro07_M004," I know you've been trying to have a baby, right?",neu
Ses03F_impro07_F004, I have some better news than that.,hap
Ses03F_impro07_M005," Oh, really?",xxx
Ses03F_impro07_F005," Yes, What would you want more than anything in this world?",hap
Ses03F_impro07_M006, A chocolate cake?,xxx
Ses03F_impro07_F006, How about maybe for me to possibly stay in L.A.?,xxx
Ses03F_impro07_M007," Oh, wow. You got in?",xxx
Ses03F_impro07_M008, Which one?,exc
Ses03F_impro07_F007," I got--U.S.C.. I got- Yeah, I got the acceptance letter.",exc
Ses03F_impro07_M009, oh really?,sur
Ses03F_impro07_M010, You got in? Wow.,xxx
Ses03F_impro07_F008," Yes, me, I got in. Thank you very much.",exc
Ses03F_impro07_M011, Good for you.,exc
Ses03F_impro07_F009," Yeah, I know, my mom called me. I was with my girlfriend in Boston, and uh- she got the letter and she called me, she said I don't know, do you want me to open it? And I was like yes, open it. And she opened it and she goes oh, I'm sorry, Nat.",exc
Ses03F_impro07_F010," And I was like what? She's like, you know, you didn't get in. Totally plays it off. Like I didn't get in. And I'm like, I start almost crying.",xxx
Ses03F_impro07_MXX0," Uh-huh, uh-huh.",
Ses03F_impro07_F011," And my mom was like Natalie, Natalie, it's [GARBAGE], you know-",exc
Ses03F_impro07_M012, oh yeah.,neu
Ses03F_impro07_F012," and so, I mean, I got in.",hap
Ses03F_impro07_M013," Oh, Jesus. That is so amazing.",exc
Ses03F_impro07_F013, So now I can stay here and now we can party. I know.,hap
Ses03F_impro07_M014, Party. You want to get drunk tonight?,exc
Ses03F_impro07_F014," Yeah, why not.",exc
Ses03F_impro07_M015," Yeah, we're going to celebrate.",exc
Ses03F_impro07_F015," We're not twenty one yet, but whatever.",neu
Ses03F_impro07_M016," Yeah, I'm only eighteen so it's--go get drunk.",xxx
Ses03F_impro07_F016," [LAUGHTER]. I'm so excited, Joe. Oh, man, I-- And I got in--I got into the school of theatre, so it's like-",exc
Ses03F_impro07_M017, Shit. That's-,sur
Ses03F_impro07_M018," Oh, my God. That's--I heard it's top five-- --in the Grauman scale or something.",sur
Ses03F_impro07_F017, Yeah. It's really cool.,hap
Ses03F_impro07_F018, Yeah.,xxx
Ses03F_impro07_F019, Top five in the nation.,hap
Ses03F_impro07_M019, Who-whooooo. Miss Acti- Acting Pants.,exc
Ses03F_impro07_F020," Acting Pants? So what are you going to do? Are you--you're be--you're going to stay here, right?",exc
Ses03F_impro07_M020, Acti- acting pants.,xxx
Ses03F_impro07_M021, I got into film school at the Art Academy.,neu
Ses03F_impro07_F021, Awesome. We're both going to be in L.A.,exc
Ses03F_impro07_MXX1, Uh-huh.,
Ses03F_impro07_M022, So I'm going to be--yeah. I'm going to make films; you're going to be in them.,exc
Ses03F_impro07_F022," I'm so excited. Yeah, I thought I was going to go to Boston, but then--",exc
Ses03F_impro07_M023, Fuck Boston.,neu
Ses03F_impro07_F023," Oh man, I'm so excited. So much to do.",hap
Ses03F_impro07_M024, Boston smells bad. L.A. is so much cooler.,xxx
Ses03F_impro07_F024," There's so much culture here, you know? It's just like-- --all great restaurants and-",xxx
Ses03F_impro07_MXX2, Yeah.,
Ses03F_impro07_F025, I'm just so excited to start my life.,hap
Ses03F_impro07_M025, We should uh- go to Little Ethiopia.,neu
Ses03F_impro07_F026," Oh, and you sit down and you have the sponge bread-- --and eat the--drink the beer. Ugh, I love that stuff. I'm so excited.",exc
Ses03F_impro07_MXX3, Yeah.,
Ses03F_impro07_F027, Are you going to come stay in my dorm with me sometime?,exc
Ses03F_impro07_M026," Hell, yeah. Pass out.",exc
Ses03F_impro07_F028, Yeah. I'll get like one of those little--,exc
Ses03F_impro07_F029, Yeah. Those little-- --mattresses. I'll put it by my bed.,exc
Ses03F_impro07_M027, -drunk.,exc
Ses03F_impro07_M028," No, I'll sleep in your bed. Cuddle up.",exc
Ses03F_impro07_F030," Oh, I don't think so. Hmm-mm. No.",xxx
Ses03F_impro07_M029, Uh-oh.,exc
Ses03F_impro07_F031, That's going to--that'll be reserved for somebody else.,neu
Ses03F_impro07_M030," Oh, hey. Freshman slut. That's you gona need.",xxx
Ses03F_impro07_F032, [LAUGHTER] Hello? I am not.,hap
Ses03F_impro07_M031," That's what you got to be though, freshman year.",xxx
Ses03F_impro07_F033," No, I don't. I'm not like that.",xxx
Ses03F_impro07_M032, Yeah.,exc
Ses03F_impro07_M033," Well, get used to it.",neu
Ses03F_impro07_F034," [LAUGHTER]. No, you'd get used to it.",hap
Ses03F_impro07_M034," Hey, I'm already getting used to it.",hap
Ses03F_impro07_F035," [LAUGHTER]. Oh, Joe, I'm so happy.",hap
Ses03F_impro07_M035," Me too, Isabella.",hap
