Uid,Utterances,Labels
Ses03M_impro01_M000," Hey listen here missy, I've been in this line for an hour and now I'm finally here.  So you're going to take my application.",fru
Ses03M_impro01_F000, Is that a demand sir?,neu
Ses03M_impro01_M001, It's not a demand it's a request.  Will you just take it?  Come on.,fru
Ses03M_impro01_F001, I must see it before I just take it.,xxx
Ses03M_impro01_M002, Oh.  Look at it.,xxx
Ses03M_impro01_F002," Sir, you completely filled this out wrong.",fru
Ses03M_impro01_F003, No.  You filled out the back part.  You were supposed to fill out the front portion only.,neu
Ses03M_impro01_M003, What?,xxx
Ses03M_impro01_M004, What are you talking about?  It says fill out that part.,ang
Ses03M_impro01_F004," No, no, no, no, no.  You're going to have to go back over on the other side-- --second door, up the stairs...",fru
Ses03M_impro01_M005, Okay.,fru
Ses03M_impro01_M006, Oh my God. Can you just transfer it yourself?,fru
Ses03M_impro01_F005, No I can't just transfer it myself sir.  You got to do this.  Everyone else is doing the same thing.,fru
Ses03M_impro01_M007, You don't know! you can't write?  You don't know how to write?,fru
Ses03M_impro01_F006, Excuse me sir?,fru
Ses03M_impro01_M008, What's wrong with you people?  God.,fru
Ses03M_impro01_F007, I think you're being a little condescending.,fru
Ses03M_impro01_F008, You need to go back over there and fill it out again.,fru
Ses03M_impro01_M009, The information is on there.  Here I'll just fill it out right here.,fru
Ses03M_impro01_F009," No, no, no, because there are other people in line.  You have to go get a complete new application.",fru
Ses03M_impro01_M010," This will take like a minute, okay? Jesus.",fru
Ses03M_impro01_F010," No, no, no. Sir,you need to get out of the line--",xxx
Ses03M_impro01_M011, I'm not going anywhere.  I'm staying right here.,ang
Ses03M_impro01_F011," Well I'm going to have to call- security because sir, you- there are hundreds of people waiting in line at this D.M.V.-- --We're closing in about half an hour...",xxx
Ses03M_impro01_M012," Hey,uh-- Well that's too bad cause I'm getting my license right now.",ang
Ses03M_impro01_F012," You will get your license, sir, you have to go fill out-- --another copy...excuse me?",fru
Ses03M_impro01_M013, Give me my--,fru
Ses03M_impro01_M014," Hey, no, give me that back.",ang
M, Ugh.,
Ses03M_impro01_F013, No.  Now I'm going to take this from you because you are obviously misleading,xxx
Ses03M_impro01_M015, -- No.  I'm not waiting...I'm not coming back again.  I don't have time to come back five days.,ang
Ses03M_impro01_F014, No.  You couldn't go get another one.,xxx
Ses03M_impro01_F015, Well then you won't have a license will you?,xxx
Ses03M_impro01_M016, I'll have a license.,fru
Ses03M_impro01_F016, Well not from this department you won't.,fru
Ses03M_impro01_M017, Yes I will.  I'll have this [GARBAGE],ang
Ses03M_impro01_F017, Sir-,fru
Ses03M_impro01_M018, just as I want.  Ugh.,fru
Ses03M_impro01_F018, Sir?  I'm going to ask you one more time and then I'm going to call my supervisor,fru
Ses03M_impro01_F019, who will proceed to call-- security if you can't remove yourself--,fru
Ses03M_impro01_M019, Fine.  Call your supervisor.  Ask supervisor over,ang
Ses03M_impro01_M020, and I'll tell her how you've been behaving.,fru
Ses03M_impro01_F020, Really?,fru
Ses03M_impro01_M021, How would you like that hmm?,fru
Ses03M_impro01_F021," She's not actually in the building.  She's only on the phone. Sir, please leave this line immediately.",fru
Ses03M_impro01_M022," Oh, okay.  Wow.",fru
Ses03M_impro01_M023, No.  I'm not going anywhere.  I'm staying here-- I am filling out right now okay just calm down. I'm filling out right now-- Just take the god damn piece of paper.,ang
Ses03M_impro01_F022, Okay.  I'm going to call security. Security!,ang
Ses03M_impro01_F023," I have it.  I'm taking it.  Doesn't mean I'm going to do anything with it.--Get out of my line!  This is my line.  Get out.  All these people--Sir, you are causing a mob in this department.",xxx
Ses03M_impro01_M024, Okey This is a new one.  Take the new one.,xxx
Ses03M_impro01_M025, Do you own the D.M.V.?,xxx
Ses03M_impro01_M026, I'm sorry she's--these people they just want to get their license--,fru
Ses03M_impro01_F024," No, You cannot get your license.  You filled out the wrong part of the form.",fru
Ses03M_impro01_M027, What are you talking about?  Just transfer it over.  I filled out the new one.,xxx
Ses03M_impro01_F025," This entire time you're fighting with me sir, you could've finished the form and already been half way-- No.  Get out.",ang
Ses03M_impro01_M028, I did finish one.  Take it.,ang
Ses03M_impro01_M029, What is wrong with you?,ang
