Uid,Utterances,Labels
Ses03F_impro02_F000," How's it going, babe?",neu
Ses03F_impro02_F001, Yeah?,neu
Ses03F_impro02_M000, All right.,neu
Ses03F_impro02_F002, Good.,xxx
Ses03F_impro02_F003," Hey listen,eh- I've been wanting to talk to you. I have something to tell you. How's Amy doing?",xxx
Ses03F_impro02_M001, She's doing fine. She just took her first steps today actually. I videotaped it for you so you can watch it.,hap
Ses03F_impro02_F004, yeah.,xxx
Ses03F_impro02_F005, oh.,exc
Ses03F_impro02_F006," I really want to say that. Well I, so, you know, at the center department they called me in and I talked to-",xxx
Ses03F_impro02_M002," Oh, yeah? What did they say?",xxx
Ses03F_impro02_F007, Well umm- actually they--I was promoted.,exc
Ses03F_impro02_M003," Oh, wow. That's great.",xxx
Ses03F_impro02_F008, And Uh- Yeah. Uh- They're going to need um- more nurses on call for uh- to go overseas to help out with the war.,sad
Ses03F_impro02_F009," And uh - seeing as I was uh- promoted and head of the department now, and so- well, they asked me to go.",xxx
Ses03F_impro02_F010, yeah.,sad
Ses03F_impro02_M004, when?,sur
Ses03F_impro02_F011, It's going- It's going to be probably in about three weeks.,sad
Ses03F_impro02_M005, What? You can't do that. Three weeks?,sur
Ses03F_impro02_F012, yeah,sad
Ses03F_impro02_F013," Well, I'm leaving in three weeks, but-- Yeah.",xxx
Ses03F_impro02_M006," God, we're supposed to take a look at a house next week.",fru
Ses03F_impro02_F014, Maybe we can still do that,fru
Ses03F_impro02_M007," I can't- No, I can't do this alone.",ang
Ses03F_impro02_F015," Yeah, and uh--",sad
Ses03F_impro02_M008, Amy's starting school in a month.,xxx
Ses03F_impro02_F016," I know, but look, I have to take this. I mean, if I don't, I mean, I could get fired.",fru
Ses03F_impro02_F017, And we know you need-we need the money. We couldn't even- purchase a house if I didn't take this.,fru
Ses03F_impro02_M009, God.,fru
Ses03F_impro02_M010, You know what happened to my cousin. She went and she never came back.,fru
Ses03F_impro02_F018," Honey, I'm going to come back. It's not like that.",sad
Ses03F_impro02_F019, But it- it is for a year.,sad
Ses03F_impro02_M011, Oh,fru
Ses03F_impro02_F020," Babe, I'm sorry. But I don't want to do.",sad
Ses03F_impro02_M012, I can't-,fru
Ses03F_impro02_F021," You know as much as -as much as me that I-I want to stay here with you and Amy so bad, but I can't.",sad
Ses03F_impro02_M013, You remember the last time you went? You know how hard it was for me? Now we have a kid.,xxx
Ses03F_impro02_F022," But you're so good with her. You know, she knows you better than she knows me 'cause I'm at work every day.",fru
Ses03F_impro02_M014, I have to work.,sad
Ses03F_impro02_M015, [BREATHING],fru
Ses03F_impro02_F023," Babe, I love you.",sad
Ses03F_impro02_M016, You can't leave your daughter alone like this.,sad
Ses03F_impro02_F024," But she has you. I mean, that's what you're there for. You're my right-hand man.",sad
Ses03F_impro02_F025, It's going to be okay.,sad
Ses03F_impro02_M017, You can't postpone it?,sad
Ses03F_impro02_F026," No, I have to go.",sad
Ses03F_impro02_F027," Wait, you can write me and as you know, send me pictures.",sad
Ses03F_impro02_M018, I don't know if I can handle you going another year.,sad
Ses03F_impro02_F028, What do you mean?,sad
Ses03F_impro02_M019, I don't know if I- if I could take it.,sad
Ses03F_impro02_F029," Look, I need you to be strong for me. 'Cause I can't be the only one that's strong right now, really, I--",sad
Ses03F_impro02_M020, I can't be that strong. A whole year.,sad
Ses03F_impro02_M021," me, oh my god.",sad
Ses03F_impro02_F030," But we can work, you know, we--you can write me and we could see pictures",xxx
Ses03F_impro02_M022, What if you don't come back?,fru
Ses03F_impro02_F031," and if we survive, if we survive that then babe, you know you know we could survive any--",sad
Ses03F_impro02_F032, I will come back.,sad
Ses03F_impro02_M023," What am I supposed--oh, one out of five people aren't coming back.",xxx
Ses03F_impro02_M024, It doesn't look very good.,sad
Ses03F_impro02_F033, I can do it. I'm going to do it. And I'll be back safe and sound and-,xxx
Ses03F_impro02_F034, we'll have all the money that we ever needed.,sad
Ses03F_impro02_F035, And- And then I'll stop working and- I'll stay home with the baby.,sad
Ses03F_impro02_M025, I don't want the money. I want-you here,sad
Ses03F_impro02_M026," we'll get money, all right? You don't need the job, all right?",xxx
Ses03F_impro02_M027, If your life is going to be in danger and this family is going to be in danger we don't need the job. We'll find the money.,ang
Ses03F_impro02_F036, It's all I ever knew how to do. I can't quit now.,sad
Ses03F_impro02_M028, How are we supposed to tell Amy? How's she supposed to understand that?,sad
Ses03F_impro02_F037," Well, we- we tell her mommy's going on va- on a trip for for- a while.",sad
Ses03F_impro02_M029," How is she going to feel the first year in school, no mom.",sad
Ses03F_impro02_F038, Don't do that to me.,sad
Ses03F_impro02_F039," It's hard enough already, Brian, I can't.",sad
Ses03F_impro02_M030, I'm not thinking about just me; I'm thinking about our child.,xxx
Ses03F_impro02_F040, I know.,sad
Ses03F_impro02_F041," I didn't expect this to happen. I never planned for this. Some things you just don't plan for, you know.",sad
Ses03F_impro02_F042," I'm sorry, babe.",sad
Ses03F_impro02_F043, I'm so sorry.,sad
Ses03F_impro02_M031," All right, then.",sad
