Uid,Utterances,Labels
Ses03M_impro04_F000, What's going on man?  What's wrong?,xxx
Ses03M_impro04_M000, I'm just so tired all the time.,sad
Ses03M_impro04_F001," Well have you been trying to get a job, look for a job or...?",neu
Ses03M_impro04_M001, I've been looking for like eight months.,fru
Ses03M_impro04_F002, I know.  It- It's really tough out there.  It's really hard to find a job.,fru
Ses03M_impro04_M002," I'm tired of the same excuses.  No, no you're not qualified enough, wish you had more education.",fru
Ses03M_impro04_F003, Well what are you looking for?  I mean--,neu
Ses03M_impro04_M003, Last time someone told me I was too qualified.,xxx
Ses03M_impro04_F004," Well, okay. Well that's--",neu
Ses03M_impro04_M004, Cause I went to Harvard.,ang
Ses03M_impro04_F005," Well, that's what?  For what job?  Who...what jobs are you looking for?",sur
Ses03M_impro04_M005, I applied as restaurant manager at P.F. Chang.  I applied at----Macy's store manager. Tried to get investment banking job with Deloitte and Touche.  I'm trying everywhere.,fru
Ses03M_impro04_FXX0," But, Listen--",
Ses03M_impro04_F006," Yeah.  Well it seems to me, you know, you just got to keep going out there, you know, pushing through.  You got a Harvard degree.  I mean, you can get a job anywhere.",xxx
Ses03M_impro04_M006, You know what?  I've been working at temp jobs for the past six months.  You know how degrading it is?,fru
Ses03M_impro04_F007, Yeah.,sad
Ses03M_impro04_M007, To be a receptionist?  Oh I spent forty thousand dollar a year for my college degree and I'm a receptionist.  God.,xxx
Ses03M_impro04_F008, Yeah.,sad
Ses03M_impro04_M008, I'm smarter than half the people I work for.,ang
Ses03M_impro04_F009," Well, what do you...what would ideally like to do, you know?",xxx
Ses03M_impro04_M009, I don't know astronaut?  I don't know something crazy like that.,fru
Ses03M_impro04_F010, Well what'd you major in?,exc
Ses03M_impro04_M010, Biomedical Engineering.,fru
Ses03M_impro04_F011," You-You can't be working as a restaurant manager, I mean, come on.",xxx
Ses03M_impro04_M011," I don't want to do engineering though.  It's so...I had the internship what, last summer,",fru
Ses03M_impro04_M012," and I was pulling my hair out and it was like, oh my God.  So I just had to finish the major so now they're like, why are you an engineering major, and why are you working, trying to work at a restaurant.  And it's like I don't know just give me the damn job.",fru
Ses03M_impro04_F012, Look I'm sorry-,xxx
Ses03M_impro04_M013, Why all these questions?,fru
Ses03M_impro04_F013," You know if you need any help finding a place I can, I can talk to my work you know I work at that law firm downtown and I can ask if they're looking for anybody.",xxx
Ses03M_impro04_M014, Oh yeah?  What kind of jobs they got?,neu
Ses03M_impro04_F014, I am...just like a law clerk.,neu
Ses03M_impro04_M015, I don't want to be a law clerk.,dis
Ses03M_impro04_FXX1, Yeah.,
Ses03M_impro04_F015," Well, I'm moving up.  I mean it could be...",neu
Ses03M_impro04_M016," To be a lawyer?  You go to law school now?  God this is, all these dead ends.",fru
Ses03M_impro04_M017, And plus my car is breaking down-,fru
Ses03M_impro04_M018, -they're evicting me from my apartment.,fru
Ses03M_impro04_F016," Well it doesn't make any sense though.  Like, with a Harvard degree you should be able to--",xxx
Ses03M_impro04_M019, Yeah.  I know.  You'd think I would be able to be C.E.O. of a company right?,xxx
Ses03M_impro04_F017," Just, you got to hang in there.  Can you ask your parents for help or anybody?",xxx
Ses03M_impro04_M020," No.  I'm not going to...yeah, they'd laugh in my face.",fru
Ses03M_impro04_F018," Just for a little bit, you know?  Cause I-I guarantee you're going to find something.  When you find something it's just going to be huge and you're going to get money.",xxx
Ses03M_impro04_M021, No. I got a sixteen hundred on my S.A.T..,fru
Ses03M_impro04_F019, Something-- How are you going...?,xxx
Ses03M_impro04_M022, I'm freaking----typing sixty words a minute.,fru
Ses03M_impro04_F020, How many words a minute?,xxx
Ses03M_impro04_M023," Sixty words.  Sixty words a minute.  Hey how are you doing Mr. Smith?  Oh, you know, it's just like God, I just want to shoot you Mr. Smith.",fru
Ses03M_impro04_F021, Sixty words a minute.  That's a min...a word per min uh second.,xxx
Ses03M_impro04_M024, Yeah.  It's alright.  But--,neu
Ses03M_impro04_F022, You could be an amazing receptionist.,xxx
Ses03M_impro04_M025, I'm not cut to be a receptionist.,fru
Ses03M_impro04_M026, No.,sad
Ses03M_impro04_M027," Oh yeah.  I will be a full time receptionist.  Harvard degree, sixteen hundred on my S.A.T.--",fru
Ses03M_impro04_F023," Well... If you need something, I mean, you're just going to---can get a temporary thing right now and then look for something--",neu
Ses03M_impro04_M028, --you know? Head of the Science Club.,fru
Ses03M_impro04_M029," That's what I've been doing, temporary things",fru
Ses03M_impro04_F024, Oh I know.  But--,fru
Ses03M_impro04_F025," -it's going to get better I promise you. You just got to hang in there. Everyone, I mean, you know?",neu
Ses03M_impro04_MXX0, Yeah.,
Ses03M_impro04_M030, Maybe I'll just kill myself.,sad
Ses03M_impro04_F026, What?  You can't...what?  Now come on.  Stop it.  Don't be talking like that.,sur
Ses03M_impro04_M031, I was just joking...,sad
Ses03M_impro04_M032, I don't know.,xxx
Ses03M_impro04_F027," My, what I would do was just, you know, what about can you call Harvard and see...don't they have connections?  Don't they have like career center and you can find some stuff that's going on?",xxx
Ses03M_impro04_M033, Yeah.  I--they said Brian you're too smart.  You don't need us.,fru
Ses03M_impro04_M034, Go out and take over the world by yourself and I'm like what?,fru
Ses03M_impro04_F028, Well obviously it's not working.  Just cause you got sixteen hundred on your S.A.T. doesn't guarantee you a job.  I mean it should really but--,fru
Ses03M_impro04_M035," I don't know.  I don't know.  I know I'm just going to have to keep on looking, keep on searching-",fru
Ses03M_impro04_M036," and I'm never going to find anything probably but I'll just keep working hard at it-- Yeah. Okay.  Positive, I'm going to do good, find that job.",fru
Ses03M_impro04_F029, You got to be positive man.  You got to try to just--,neu
Ses03M_impro04_F030, But you got to be real about it.  You have to...,neu
Ses03M_impro04_M037, Yeah.  I got eighteen hundred on my S.A.T..,fru
Ses03M_impro04_F031, Sixteen hundred.,neu
Ses03M_impro04_M038, Same difference.,neu
Ses03M_impro04_M039, Twenty-one hundred on my S.A.T..,xxx
Ses03M_impro04_F032, Twenty-one hundred?,neu
Ses03M_impro04_M040, But I'm doomed.  Yeah I got so good I was over twenty one hundred.  Now what am I doing?,fru
Ses03M_impro04_M041," Like, wow you're really smart we're going to give you an extra [GARBAGE].",hap
