Uid,Utterances,Labels
Ses03M_impro08a_M000, Hello.  This is Viacom Services.  How can I help you?,neu
Ses03M_impro08a_F000," Hello?  God finally somebody, look, this is ridiculous.  I've been waiting online for like a half an hour now.",fru
Ses03M_impro08a_M001," I'm sorry ma'am, what can I help you with?",neu
Ses03M_impro08a_F001," Look my, my phone isn't working.  I don't understand what's going on.  I am trying to call out.  I'm not receiving any calls",fru
Ses03M_impro08a_F002," and I need assistance with my...not only is my work phone, it's my home phone and look,",fru
Ses03M_impro08a_F003, this is my business.  This is how I make money is through my phone.  It needs to be working.  Can you please help me?,fru
Ses03M_impro08a_M002, Okay.  Can you give me the last four digits of your social security number so I can verify who I'm speaking with?,neu
Ses03M_impro08a_F004, two two six six.,neu
Ses03M_impro08a_M003, Okay.  And your name is?,neu
Ses03M_impro08a_F005, Olivia.,fru
Ses03M_impro08a_M004, Olivia. Um. Okay.  So how long has this problem been?,neu
Ses03M_impro08a_F006," This has been going on for the past two weeks.  I called every single day.  Nobody is helping me.  You guys tell me the same thing over and over, call again, call again, call again--",fru
Ses03M_impro08a_M005, So what exactly is the problem?,neu
Ses03M_impro08a_F007," I don't, I don't know what the problem is.  That's what I want you guys to...why is my service not turned on?  And I paid my bills on time.  I don't understand.",fru
Ses03M_impro08a_M006, Um- I think part of it has to do with the network being down.  It's been having some trouble the last few weeks--,neu
Ses03M_impro08a_F008," Okay.  Well that is, that is fine and all.  I don't care.  I really don't care because I want my phone to work that's all.",fru
Ses03M_impro08a_F009," That is I am paying you guys for service and I'm not getting any service.  I get, I get just dropped calls all the time and now it's completely not working at all.  I can't even call out, nine one one probably wouldn't even work.",fru
Ses03M_impro08a_M007, I understand--we're not-,neu
Ses03M_impro08a_M008, No.  Okay.  We're not charging you for any of these months.  We're going to give you three months free.,neu
Ses03M_impro08a_F010, Well you better.  You better give me a whole freaking new phone that's what you better do.,fru
Ses03M_impro08a_M009, We can give you a new phone--,neu
Ses03M_impro08a_F011, I want a camera phone actually.,fru
Ses03M_impro08a_M010, We can do that.  We can do that.  You just have to sign a one-year contract though with the--,neu
Ses03M_impro08a_F012," No, no, no...  I'm done with these contract business because this is what can happen.",fru
Ses03M_impro08a_F013," You sign the contract and then down the line the phone doesn't work and you're stuck, you can't go to a new...no.  No contracts for me.  You give me a new phone.",ang
Ses03M_impro08a_M011," Besides, it's sort of out of hands at the moment----The whole electrical power outage.",fru
Ses03M_impro08a_F014, I want to talk to a supervisor,ang
Ses03M_impro08a_F015, I would like to talk to your supervisor.  Obviously you're incompetent and don't understand what I'm asking.,ang
Ses03M_impro08a_M012," Um- Let me connect you to my supervisor.  Actually, he's out right now so I'm supervisor until he comes back. Um-",neu
Ses03M_impro08a_F016, What?,fru
Ses03M_impro08a_M013," So you could----speak with me some more, you could call back later on maybe.",neu
Ses03M_impro08a_F017, That's ridiculous.  You know?,fru
Ses03M_impro08a_F018," No I don't want to call back, you put me on hold for like hours and hours----and it's money, money, money, money and out of my pocket, out of my pocket--",fru
Ses03M_impro08a_M014, I didn't put you on hold.,fru
Ses03M_impro08a_M015, There are a lot of people calling us having problems.  Every phone company is having the same problems ma'am,fru
Ses03M_impro08a_F019, Every phone...every single phone company?,fru
Ses03M_impro08a_M016," Mmm hmmm.  Mmm hmmm.  The power outages, everything, hurricane Katrina. Everything's really messed up.",neu
Ses03M_impro08a_F020, This is ridiculous.Well what are we supposed to do?  We starve then because I can't use my phone cause,ang
Ses03M_impro08a_F021," I am a realtor and this is my business.  People are calling me all the time but you know, and I don't have a land line.  I can't afford to have a land line",ang
Ses03M_impro08a_M017, don't you-,neu
Ses03M_impro08a_M018, I'm really sorry ma'am.  There's not----a lot we can do for it.,neu
Ses03M_impro08a_F022, That you better be sorry.,ang
Ses03M_impro08a_F023, Well you're not helping me at all.  God this is so frustrating.,fru
Ses03M_impro08a_M019," What I can do for you, if you want to make a call right now I could contact you through our computer.  I can call through my phone and you can speak through me.",neu
Ses03M_impro08a_F024, What?  No.  That's way too complicated.  Look--,fru
Ses03M_impro08a_F025, you need to fix my phone.  I don't care what you have to do--,fru
Ses03M_impro08a_M020, I'm sorry it has to do with an electrical power outage and stuff--,neu
Ses03M_impro08a_F026," Well then go up the freaking pole and fix it like, you need to help me.  You don't understand I'm in dire, dire need of a phone right now.",xxx
Ses03M_impro08a_M021," Well, okay I'm going to give you a free phone card that you can use at any payphone and that's on us. Okay?",neu
Ses03M_impro08a_F027," Yeah yeah, woman going out in South Central on the payphone at night.  Oh that's real safe.",fru
Ses03M_impro08a_M022," I'm, I'm sorry you chose to live there um--",neu
Ses03M_impro08a_F028," No, no, no.  I didn't choose to live here.  I work there.  Okay?  Yeah. work work work",fru
Ses03M_impro08a_MXX0, okay.,
Ses03M_impro08a_M023, Well I'm sure maybe there's a phone at work you could use.,neu
Ses03M_impro08a_F029," We can't call out.  We can't make out-- line.  I don't work, I work at another office.",fru
Ses03M_impro08a_F030, A law firm.  Thank you very much.,fru
Ses03M_impro08a_M024, All right um--,neu
Ses03M_impro08a_F031," I work out of my home as a realtor and because I don't have a land line, I need a phone and because of now I don't have one I don't know what to do.  And you're not helping me at all.",fru
Ses03M_impro08a_F032," In fact, give me your name sir, what's your name again?",fru
Ses03M_impro08a_M025, My name is Sara.,neu
Ses03M_impro08a_F033, Okay.  Sara what?,fru
Ses03M_impro08a_M026, Sara Brown.,neu
Ses03M_impro08a_F034," Sara Brown.  Sara Brown, um- yeah, I'm going to get off the phone with you. And then I'm going to call back and I'm going to give your supervisor your name because you're obviously incompetent to work here.",fru
Ses03M_impro08a_MXX1, Okay.,
Ses03M_impro08a_M027," You know maam, we record this conversation so anything you say can be proven in a law of court so keep that in mind.",neu
Ses03M_impro08a_F035," What are you, what are you a police officer now?  You know, like I'm done, I'm over it.  Goodbye and I hope that you lose your job.",fru
