Uid,Utterances,Labels
Ses03M_script02_2_M000, So what do you think?,exc
Ses03M_script02_2_F000, About what?,ang
Ses03M_script02_2_M001, About what I just said?,fru
Ses03M_script02_2_F001, It's ridiculous.,ang
Ses03M_script02_2_M002, It certainly is not.  It's a slightly exaggerated scientific fact.,fru
Ses03M_script02_2_F002," It's PR.  I mean, somebody sold you a good bill about this wonderful event that going to happen on the beach.",ang
Ses03M_script02_2_M003, I'm not the only one.  Look at all these people.,fru
Ses03M_script02_2_F003," Yeah.  Everyone else was sold the same thing.  I mean, look, it keeps us excited, it keeps us coming back for more and you know, keeps us thinking life's going to start any minute now.",ang
Ses03M_script02_2_M004, Are we talking about the same thing?,fru
Ses03M_script02_2_F004," Look, I'm sorry but it's still just fish to me.",ang
Ses03M_script02_2_M005, I thought you wanted to see it.,fru
Ses03M_script02_2_F005, It's just...,xxx
Ses03M_script02_2_F006," Look, we just have different ideas of what this night is supposed to be like.",xxx
Ses03M_script02_2_M006," There's nothing to it.  The Grunions arrive, they do their little fish business, you know?  We go oh, ahh, look at the fish and they go home and we go home.",fru
Ses03M_script02_2_F007," For heavens sake, grow up.  We're not going to see the Grunions.",fru
Ses03M_script02_2_M007, Why not?,fru
Ses03M_script02_2_F008," We never do, do we?  Have we ever?",fru
Ses03M_script02_2_M008," Oh my gosh.  We missed them twice, that's hardly ever.",fru
Ses03M_script02_2_F009, Okay.  Twice is as many times as we've tried and that's ever.,ang
Ses03M_script02_2_M009," Carla, can I ask you something?",fru
Ses03M_script02_2_F010, What?,xxx
Ses03M_script02_2_M010," Don't take this wrong but, are you having your period?",fru
Ses03M_script02_2_F011," Augie, god dammit, don't ask me that.  You always ask me that.  I hate it when you ask me that.  It's insulting.",ang
Ses03M_script02_2_M011, What's bugging you then?,fru
Ses03M_script02_2_F012," Look, it's pointless.  It's...we're not going to see the Grunions I mean, it's like waiting around to see Santa Claus, you know, it's...",fru
Ses03M_script02_2_F013," Listen, I've waiting my entire life on this beach just standing there waiting for this fish to show up and these fish never show up.",ang
Ses03M_script02_2_M012, I thought you wanted to see it.,fru
Ses03M_script02_2_F014," God, you don't understand anything.",fru
Ses03M_script02_2_M013," No, of course not.",fru
Ses03M_script02_2_F015," I do.  I always do.  I keep thinking, this time will be the time and it never is.",fru
Ses03M_script02_2_M014," Well, we're going to see it.",neu
Ses03M_script02_2_F016," No we won't.  I mean, God, this isn't about the fish Augie.",ang
Ses03M_script02_2_M015," What...I've been trying to, I've been trying to figure out the point where we went wrong and I can't seem to pinpoint that moment.",fru
Ses03M_script02_2_M016," You were fine during the phone call with Marge, dinner was okay, doing the dishes was no problem.",xxx
Ses03M_script02_2_M017," Let's see I took a shower, you were watching the news, you said hey, hey the Grunions are running tonight and I said great let's go, I feel lucky tonight.",neu
Ses03M_script02_2_M018," And then I'm putting the animals out in the yard, I'm pulling the car out of the garage, putting my jacket on.",fru
Ses03M_script02_2_F017," Look, do you remember the first time we came here?",fru
Ses03M_script02_2_F018, We thought I was pregnant.,sad
Ses03M_script02_2_F019, We brought a bottle of champagne and we took off our shoes and danced barefoot in the sand...,xxx
Ses03M_script02_2_F020, Under the moon and you whispered so softly into my ear so I could feel your words.,xxx
Ses03M_script02_2_F021," And I thought, this is it.  This is how happy I'm supposed to be.",xxx
Ses03M_script02_2_M019, Wait a minute.  I've got it.,neu
Ses03M_script02_2_F022, What?  Dancing barefoot in the sand?  Drinking out of a bottle of champagne?,xxx
Ses03M_script02_2_M020, It was in the car right?  Driving past the Knickerbocker Liquor Locker...,neu
Ses03M_script02_2_M021, And you said let's get some champagne and I said time's a wasting or something like that.,neu
Ses03M_script02_2_M022, You want this to be like the other time right?  That's it right?,neu
Ses03M_script02_2_F023, I'd rather not remember something...,sad
Ses03M_script02_2_F024, Rather not hope for something.,sad
Ses03M_script02_2_M023," Okay, right.  I got it.  Sure.  Of course.  Listen, do you want to dance?",xxx
Ses03M_script02_2_F025, No.,sad
Ses03M_script02_2_M024, Do you want me to get some champagne?,fru
Ses03M_script02_2_F026, No.,fru
Ses03M_script02_2_M025, Take off our shoes?,fru
Ses03M_script02_2_F027, No.,fru
Ses03M_script02_2_M026, What?  Do you want me to breathe in your ear?,fru
Ses03M_script02_2_F028, No.,fru
Ses03M_script02_2_M027, Do you want to get married again? What? What?  Do you want a divorce? A vacation? What?  A carpet?  A poodle?  A basket of fruit?  What?  A suicide pact?  What the hell do you want Carla?,xxx
Ses03M_script02_2_F029, No...No...No...,fru
Ses03M_script02_2_F030, No...,fru
Ses03M_script02_2_F031, I want things to turn out the way that they're supposed to be.,ang
Ses03M_script02_2_M028, Welcome to the human race.,ang
Ses03M_script02_2_M029, Do you think that this is what I had in mind?  That four years down the line that we'd get married and come to the beach and argue with each other over fish?  No.,ang
Ses03M_script02_2_M030, I was just like you.  I thought it was going to be all peaches and roses and everything great and the sand in our toes and the wind in our hair and the fish will always come and the bills will pay themselves and we'd have three big fat rosy kids...,ang
Ses03M_script02_2_M031, ...and you know?  Baby the jokes on us.  Because you know what you get?  Do you know what you get Carla?  You get this.,ang
Ses03M_script02_2_F032," This what...what's this?  This isn't anything. Alright.  Sure.  Standing on the beach, fighting and waiting.",fru
Ses03M_script02_2_M032, Yes it is.,ang
Ses03M_script02_2_M033, Right.,ang
Ses03M_script02_2_F033, Cause everything isn't anything like I thought it would be.,ang
Ses03M_script02_2_M034, No.  I know.  Me neither.,xxx
Ses03M_script02_2_F034, This is just this.  You know?  I mean it's a lot and everything but it isn't somewhere else.  Do you know what I'm trying to say?,sad
Ses03M_script02_2_M035, I'm trying to do the best I can.,fru
Ses03M_script02_2_F035, I know you are Augie.  I know you wanted this evening to be nice.,sad
Ses03M_script02_2_F036, I can't help thinking about being somewhere else.,sad
Ses03M_script02_2_M036, Maybe if you were with someone else too.,sad
Ses03M_script02_2_F037, I didn't say that.,sad
Ses03M_script02_2_M037, I know.  But I know I don't make you happy.,sad
Ses03M_script02_2_F038," Augie, whatever I'm doing I'd rather be doing with you.",sad
Ses03M_script02_2_M038, Yeah?,xxx
Ses03M_script02_2_F039, Yeah.  Don't you know that?,xxx
Ses03M_script02_2_F040, If anybody wants to be with anybody else it's probably you.  Probably somebody who enjoys herself a little more and is not so hard.,sad
Ses03M_script02_2_M039," Actually, now that you mention it, no I don't.",xxx
Ses03M_script02_2_F041," Well, I guess this is the wrong spot for the right people.",sad
Ses03M_script02_2_M040, It seemed like a good spot to me.,xxx
Ses03M_script02_2_M041, I mean look at the view of the moon we got from here.,hap
Ses03M_script02_2_F042, Yeah.  I noticed that.  It's real pretty on the water.,hap
Ses03M_script02_2_F043, Big old white moon.,xxx
Ses03M_script02_2_M042," Hey, look what we got here.",hap
Ses03M_script02_2_F044, Oh you brought refreshments.,hap
Ses03M_script02_2_M043, It's not champagne.,xxx
Ses03M_script02_2_F045, Well at least we won't need glasses.,xxx
Ses03M_script02_2_M044, Are you still cold?  Do you want to go home?,xxx
Ses03M_script02_2_F046, No I'm beginning to think you might be right.,hap
Ses03M_script02_2_F047, I think this may be the place for us after all.,hap
Ses03M_script02_2_F048, I am sorry Augie.,hap
Ses03M_script02_2_M045, Shh.  If we're very quiet the fish might come.,hap
Ses03M_script02_2_F049, Or not.,hap
Ses03M_script02_2_M046, Or not.,hap
