Uid,Utterances,Labels
Ses03M_script03_1_M000, Good God.,xxx
Ses03M_script03_1_F000, Do you think it's them?,xxx
Ses03M_script03_1_M001, I wonder.,xxx
Ses03M_script03_1_F001, And nobody knows we're here except for Freda and she wouldn't ring up.,xxx
Ses03M_script03_1_M002, Well it must be them then.,xxx
Ses03M_script03_1_F002, What are you going to do?,xxx
Ses03M_script03_1_M003, We're fine right?  Aren't we?  Whatever happens darling.,xxx
Ses03M_script03_1_F003, Now and always sweet.,exc
Ses03M_script03_1_M004, I don't care then.,exc
Ses03M_script03_1_F004," I mean, it was, it's bound to come out sooner or later.",exc
Ses03M_script03_1_M005, Hello?  Hello?  What?,xxx
Ses03M_script03_1_F005, That sent shivers up my spine.,exc
Ses03M_script03_1_M006," No, wrong number.",exc
Ses03M_script03_1_M007, What are we to do if they suddenly walk in on us?,xxx
Ses03M_script03_1_F006, Behave exquisitely.,exc
Ses03M_script03_1_M008, With the most perfect poise?,xxx
Ses03M_script03_1_F007, Certainly.  And I shall probably do a court courtesy.,xxx
Ses03M_script03_1_M009, um- Things that should matter dreadfully don't seem to matter at all when one's happy do they?,xxx
Ses03M_script03_1_F008, What is so horrible is that one cannot stay happy.,xxx
Ses03M_script03_1_M010," Oh, darling.  Don't say that.",xxx
Ses03M_script03_1_F009," It's true.  I mean, the whole business it's a very poor joke.",xxx
Ses03M_script03_1_M011," You mean that, that sacred and beautiful thing love?",xxx
Ses03M_script03_1_F010, Yes.  I mean just that.,xxx
Ses03M_script03_1_M012, What does that all mean?  That's what I asked myself on my quest for ultimate truth.  What does it all mean?,xxx
Ses03M_script03_1_F011, Don't laugh at me.  I'm serious.,xxx
Ses03M_script03_1_M013," [LAUGHTER] Oh, darling.  You mustn't be serious, that's just what they want.",xxx
Ses03M_script03_1_F012, Who's they?,xxx
Ses03M_script03_1_M014, All the futile moralists who try to make life unbearable.  Laugh at them.  Be flippant.,xxx
Ses03M_script03_1_M015, Laugh at all their sacred shibboleths.  Flippancy brings the acid in their damn sweetness and light.,xxx
Ses03M_script03_1_F013, So if I'm to laugh at everything then I must laugh at us too.,xxx
Ses03M_script03_1_M016," Oh, certainly, you must.  We're figures of fun alright.",xxx
Ses03M_script03_1_F014, How long will it last?  This ludicrous overbearing love of ours?,xxx
Ses03M_script03_1_M017, Who knows?,xxx
Ses03M_script03_1_F015, Shall we always want to bicker and fight?,xxx
Ses03M_script03_1_M018, No.  That fire will fade along with our passion.,xxx
Ses03M_script03_1_F016," Well, dear, shall we want that?",xxx
Ses03M_script03_1_M019," Well, it depends on how well we've played.",xxx
Ses03M_script03_1_F017," What happens if one of us dies?  I mean, does the other one still laugh?",xxx
Ses03M_script03_1_M020," Of course, yes, yes, with all his might.",xxx
Ses03M_script03_1_F018, That's serious enough.,sad
Ses03M_script03_1_M021," No.  No it isn't.  That's very laughable, a cunning little mystery all done with mirrors.",xxx
Ses03M_script03_1_F019, Darling I believe you're talking nonsense.,xxx
Ses03M_script03_1_M022," Oh, and who isn't talking nonsense?",xxx
Ses03M_script03_1_M023, Let's be superficial and pity the poor philosophers hmmm?  Let's blow trumpets and squeakers and party as much as we can like quite idiotic school children.,xxx
Ses03M_script03_1_M024, Let's savor the delight of the moment.  Come kiss me darling before worms pop in and out of your eye sockets.,xxx
Ses03M_script03_1_F020," Elliot, worms don't pop.",xxx
Ses03M_script03_1_M025," I don't care what you do, you see?  As long, no I don't care what you do, see?",xxx
Ses03M_script03_1_M026, You can put green paint all over your body and dance naked in the Place Vendome and rush off madly with all the men in the world and I shan't say a word as long as you love me best.,xxx
Ses03M_script03_1_F021, Thank you dear.  The same applies to you...,xxx
Ses03M_script03_1_F022, ...only if you ever so much as look at another woman I'll kill you.,xxx
Ses03M_script03_1_M027, Remember that awful scene we had in Venice?,xxx
Ses03M_script03_1_F023, Which particular one?,xxx
Ses03M_script03_1_M028, The one when you bought a little painted wooden snake in the Piazza and put it in my bed.,xxx
Ses03M_script03_1_F024," Charles, that was his name, Charles.  Oh, God he was so wiggled so beautifully.",xxx
Ses03M_script03_1_M029, Horrible little thing.,xxx
Ses03M_script03_1_F025, Yeah.  I know you did.  You threw it out the window and into the Grand Canal.  I don't think I'll ever forgive you for that.,xxx
Ses03M_script03_1_M030, I hated it.,xxx
M, [BREATHING],
Ses03M_script03_1_M031, How long did that rile last?,xxx
Ses03M_script03_1_F026, It went on intermittently for days.,xxx
Ses03M_script03_1_M032," Oh, the worst one was in Cannes when you-",xxx
Ses03M_script03_1_F027, I burnt a hole in my comb too and all the towels in the bathroom.,xxx
Ses03M_script03_1_M033, you're curling iron burnt a hole in my dressing gown.,xxx
M,[LAUGHTER],
Ses03M_script03_1_M034, That was a rouser wasn't it?,xxx
Ses03M_script03_1_F028, [LAUGHTER] Yeah.  That was the first time you ever hit me.,xxx
Ses03M_script03_1_M035, I didn't hit you very hard.,neu
Ses03M_script03_1_F029," The manager came in and saw us rolling on the floor, scratching and biting like panthers.",xxx
F, [LAUGHTER],
M, [LAUGHTER],
Ses03M_script03_1_M036, I will never forget his face. Ooh-rah [LAUGHTER].,xxx
Ses03M_script03_1_F030," How ridiculous.  How utterly, utterly ridiculous.",xxx
Ses03M_script03_1_M037, We were very much younger then.,xxx
Ses03M_script03_1_F031, And much sillier too.,xxx
Ses03M_script03_1_M038, The real cause of that rile was Peter Burden.,xxx
