Uid,Utterances,Labels
Ses03M_script01_3_F000, You're the only one I know that still loves his parents.,xxx
Ses03M_script01_3_M000, I know.  It sort of went out of style didn't it?,xxx
Ses03M_script01_3_F001," No.  It's alright.  It's a good thing, you know?",xxx
Ses03M_script01_3_F002, It's lovely here.,xxx
Ses03M_script01_3_F003, The air is so sweet.,xxx
Ses03M_script01_3_M001, You're not sorry you came?,neu
Ses03M_script01_3_F004, No.  I'm not sorry.  But I'm not going to stay.,sad
Ses03M_script01_3_M002, Why?,sur
Ses03M_script01_3_F005, First of all your mother so much as told me to go.,xxx
Ses03M_script01_3_M003, Well...,xxx
Ses03M_script01_3_F006," Look,",sad
Ses03M_script01_3_F007," you saw the way that she acted and then well, I mean, you, you were acting kind of...",sad
Ses03M_script01_3_M004, What?,neu
Ses03M_script01_3_F008," Well, I don't know, embarrassed of her since I came.",sad
Ses03M_script01_3_M005, Well the trouble is I was planning on sneaking up on you over a week or so and they take it for granted that we're all set.,xxx
Ses03M_script01_3_F009," Yeah.  I know they would, especially your mother.",xxx
Ses03M_script01_3_M006, How did you know?,xxx
Ses03M_script01_3_F010," Well what other reason, from her point of view, would I be coming here?",xxx
Ses03M_script01_3_M007," So, would you want to?",xxx
Ses03M_script01_3_M008," I mean, that's the reason why I asked you here.",hap
Ses03M_script01_3_F011," Well,",hap
Ses03M_script01_3_M009, Oh Annie.  I love you.  I love you a great deal.,xxx
Ses03M_script01_3_M010, I love you.,hap
Ses03M_script01_3_F012, I guess that's why I came.,hap
Ses03M_script01_3_M011, I don't...I have no imagination that's the only way I know how to tell it.,xxx
Ses03M_script01_3_M012, I'm embarrassing you.  I didn't want to tell you this here.  I wanted to drive someplace brand new where we'd be brand new to each other.  It feels wrong here don't you?,xxx
Ses03M_script01_3_M013," This yard and this chair.  I don't want to win you from anything, I want you to be ready for me.",xxx
Ses03M_script01_3_F013," Look, I've been ready for a long, long time now.",hap
Ses03M_script01_3_M014," Then he's gone forever, you sure?",xxx
Ses03M_script01_3_F014," Look, I almost got married two years ago.",hap
Ses03M_script01_3_M015, Why didn't you?,xxx
Ses03M_script01_3_F015, You started to write me.,hap
Ses03M_script01_3_M016, You felt something that far back.,hap
Ses03M_script01_3_F016, Every day since.,hap
Ses03M_script01_3_M017, Why didn't you let me know?,xxx
Ses03M_script01_3_F017," I was waiting for you Chris, I mean, till then you never wrote and then when you did what did you say?",hap
Ses03M_script01_3_F018, You'd always be so ambiguous.,hap
Ses03M_script01_3_M018," Give me a kiss Ann, just give me...",hap
Ses03M_script01_3_M019," Oh God.  Annie, I kissed Annie.  I kissed Annie.",exc
Ses03M_script01_3_F019, I'll never forgive you for that.,hap
Ses03M_script01_3_M020," How long, how long I've been waiting to do that.",xxx
Ses03M_script01_3_F020," I mean,  Why did you wait all these years?  There I was sitting around and wondering if I was crazy for thinking about you.",hap
Ses03M_script01_3_M021, We're going to live now.  I'm going to make you so happy.,hap
Ses03M_script01_3_F021, Not like that you're not.,hap
Ses03M_script01_3_M022, I kissed you.,xxx
Ses03M_script01_3_F022, Like Larry's brother.  Do it like you Chris.,xxx
Ses03M_script01_3_M023," Nothing.  Hey, let's drive somewhere.  I want to be alone with you.",sad
Ses03M_script01_3_F023, What is it?,xxx
Ses03M_script01_3_F024," No, what is it?  Your mother?",xxx
Ses03M_script01_3_M024," No, nothing, nothing like that.",xxx
Ses03M_script01_3_F025," Tell me what's wrong.  I mean, even in your letters you seemed ashamed.",xxx
Ses03M_script01_3_M025," Well, yes I guess I've been ashamed but, it's going from me.",xxx
Ses03M_script01_3_F026, You got to tell me.,xxx
Ses03M_script01_3_M026, I don't know where to start.,xxx
Ses03M_script01_3_F027, Okay.  It wouldn't work like this?,xxx
Ses03M_script01_3_M027, You remember overseas I was in command of a company?,sad
Ses03M_script01_3_F028," Yeah, sure.",xxx
Ses03M_script01_3_M028, Well I lost them.,sad
Ses03M_script01_3_F029, How many?,sad
Ses03M_script01_3_M029, Just about all.,sad
Ses03M_script01_3_F030, Geez.,sad
Ses03M_script01_3_M030, Takes a little while to toss that off cause they weren't just men.,sad
Ses03M_script01_3_M031," For instance, one time this...it had been raining several days and this one kid, he came up to me, he gave me his last pair of dry socks, put them in my pocket.",sad
Ses03M_script01_3_M032," That's just a little thing but that's the kind of guys I had.  They didn't just die, they killed themselves for each other and I mean that exactly.",sad
Ses03M_script01_3_M033, A little more selfish and they'd still be here today.  And I got this idea watching them go down.  See everything was being destroyed but there was one new thing that was being created.,sad
Ses03M_script01_3_M034," It was a kind of responsibility, man for man.  You understand me?",sad
Ses03M_script01_3_M035, And to show that and to bring that onto the earth again like some sort of monument standing right behind all of us and we could feel it and it would make a difference to him.,sad
Ses03M_script01_3_M036, And then I came here and it was incredible.  There was no meaning in it here.  The whole thing to them was a kind of bus accident.,sad
Ses03M_script01_3_M037," And I went to work with dad and that rat race again and I felt what you said, ashamed.  Somehow because nobody was changed at all.",sad
Ses03M_script01_3_M038," It seemed to make a sucker out of a lot of guys.  I felt wrong to be alive.  I felt wrong to have that new checkbook,",sad
Ses03M_script01_3_M039," open that new bank account, drive the new car and see the new refrigerator",sad
Ses03M_script01_3_M040," cause you can take those things out of the war.  But you got to know, when you drive that car that it came out of the love that a man can have for a man and you got to be a little bit better because of that.",sad
Ses03M_script01_3_M041, Otherwise what you have is loot and there's blood on it.,sad
Ses03M_script01_3_M042, And I didn't want to take any of it and I guess that included you.,sad
Ses03M_script01_3_F031, And you still feel that way?,sad
Ses03M_script01_3_M043, I want you now Annie.,xxx
Ses03M_script01_3_F032, Cause you must not feel that way again.  You hear me?  You can't.  You deserve everything you have Chris.,xxx
Ses03M_script01_3_F033," that includes me too, I mean and the money, you have right to that money.  Your father put planes up in the air, good planes and he deserves it, you should be proud of that.  A man should be paid for that.",sad
Ses03M_script01_3_M044, [GARBAGE] Annie,xxx
Ses03M_script01_3_M045, Annie I'm going to make a fortune for you.,hap
Ses03M_script01_3_F034, What am I going to do with a fortune?,hap
Ses03M_script01_3_M046, Buy some hats?,hap
