Uid,Utterances,Labels
Ses03F_impro04_F000," I don't know, Brian, if they uh--it's been three years.",fru
Ses03F_impro04_M000," Hey, you just got to keep on going.",neu
Ses03F_impro04_F001," No, I don't know, I--maybe this isn't for me. You know, maybe this isn't the right business for me.",fru
Ses03F_impro04_M001," No, don't think like that.",neu
Ses03F_impro04_F002," I just, I see all these other people getting commercials and work and it's like I'm not getting anything.",sad
Ses03F_impro04_F003, I have no money behind me. Nothing. I'm twenty five and--,fru
Ses03F_impro04_M002, Russel Crowe wasn't forty until he got his big stuff.,neu
M, We're in--,
M,,
Ses03F_impro04_M003," If you really want to do it-I mean,",neu
Ses03F_impro04_F004, So I'll have to wait twenty five years-,fru
Ses03F_impro04_M004, you got to do.,neu
Ses03F_impro04_F005," -just going and auditioning and auditioning and rejection after refection, it's like--",fru
Ses03F_impro04_M005, You could. You could. We just--,neu
Ses03F_impro04_M006, we're just pooling our funds together.,neu
Ses03F_impro04_F006," I know, I just don't know if I can handle it. I mean, you're helping me so much financially it's like I can't survive on my own without you. I don't like that.",fru
Ses03F_impro04_M007, You don't owe me anything.,neu
Ses03F_impro04_F007, I feel like I'm not doing anything. Like I'm not giving anything into this world.,fru
Ses03F_impro04_M008," You are, you're going to class, you're learning, you're getting better. When you finally get that role you're going to be prepared.",neu
Ses03F_impro04_F008," Yeah, but what if I never make it? What if I studied all my life, this theatre, this acting, and I'm never going to get anywhere. I'm never going to be able to have a job.",fru
Ses03F_impro04_M009," Oh my God, Anna, you're still young. Don't even think about that.",neu
Ses03F_impro04_F009, Time is passing by. Every year it's,fru
Ses03F_impro04_F010, a part left than I can do.,fru
Ses03F_impro04_M010," You're only twenty five, okay? Some people don't start until they're thirty five.",neu
Ses03F_impro04_F011, Really?,sur
Ses03F_impro04_M011, Yeah.,neu
Ses03F_impro04_F012," I don't know, I just [BREATHING] I get frustrated",fru
Ses03F_impro04_M012, What would you do- What would you do if you didn't? You can go to law school.,neu
Ses03F_impro04_F013, That's the thing. I don't know. I don't know anything.,fru
Ses03F_impro04_F014, Law school? Maybe.,fru
Ses03F_impro04_F015," I don't know. I don't know anything other than this, though, is the problem. This is my life. This is what I built everything about, you know.",xxx
Ses03F_impro04_M013, See? So you can't just quit now.,neu
Ses03F_impro04_F016," I mean, I could go to law school, but I'm just not passionate about it, you know? Like I'm not--it doesn't drive me, it doesn't motivate me. I--",xxx
Ses03F_impro04_M014, Have you been going to auditions and stuff?,neu
Ses03F_impro04_F017," Yeah. I mean, I get a call-back and stuff, but-",fru
Ses03F_impro04_F018," I just, I need a break. I need something to break me out.",fru
Ses03F_impro04_M015, How's the job? Still waiting tables at Denny's?,neu
Ses03F_impro04_F019, Yeah. Unfortunately.,xxx
Ses03F_impro04_F020," Yeah, so I go to--get an education for four years and I'm waiting tables at Denny's.",xxx
Ses03F_impro04_M016," Well, they tip well.",neu
Ses03F_impro04_F021, [BREATHING] Brian-,fru
Ses03F_impro04_F022, it's not funny. I just don't know what I'm going to do.,sad
Ses03F_impro04_M017, Maybe you could start teaching. I don't know.,neu
Ses03F_impro04_F023," Yeah, I guess I could.",sad
Ses03F_impro04_M018," Go back to school. You know? Another three more years, get your master's.",neu
Ses03F_impro04_F024, Yeah,sad
Ses03F_impro04_M019," Close to thirty. Oof, it's going to be tough.",neu
Ses03F_impro04_F025, Thanks.,xxx
Ses03F_impro04_M020, [LAUGHTER],xxx
Ses03F_impro04_F026, [BREATHING],fru
