Uid,Utterances,Labels
Ses03F_script03_2_M000," As a matter of fact, the real cause of that row was Peter Burden.",ang
Ses03F_script03_2_F000, You knew there was nothing in that.,xxx
Ses03F_script03_2_M001, I knew nothing of the sort. You took presents from him.,ang
Ses03F_script03_2_F001, Presents? It was only a small trivial little broach.,xxx
Ses03F_script03_2_M002, I remember it well. Bristling with diamonds. In the worst possible taste.,ang
Ses03F_script03_2_F002, Not at all. It was very pretty. And I wear it all the time. I still have it.,xxx
Ses03F_script03_2_M003, You went out of your way to torture me over Peter Burden.,xxx
Ses03F_script03_2_F003," No, I didn't. You made that up all in your jealous imagination.",xxx
Ses03F_script03_2_M004, You must admit that he was in love with you.,xxx
Ses03F_script03_2_F004," Just a little perhaps, but it was nothing serious.",neu
Ses03F_script03_2_M005, You let him kiss you. You said so.,ang
Ses03F_script03_2_F005," Well, what of it?",xxx
Ses03F_script03_2_M006, What of it?,xxx
Ses03F_script03_2_F006," Oh come on, it gave him a lot of pleasure and it didn't harm me.",xxx
Ses03F_script03_2_M007, What about me?,ang
Ses03F_script03_2_F007," Well, if you hadn't been so suspicious and nosey you'd have never known anything about it.",xxx
Ses03F_script03_2_M008," That's a nice point of view, I must say.",ang
Ses03F_script03_2_F008," Well, it's true.",neu
Ses03F_script03_2_M009, Are you bored with this conversation?,neu
Ses03F_script03_2_F009," I definitely, most definitely am.",xxx
Ses03F_script03_2_M010, So am I. Bored stiff. Want some brandy?,neu
Ses03F_script03_2_F010," No, thanks.",xxx
Ses03F_script03_2_M011," I'll have a little, I think.",neu
Ses03F_script03_2_F011, I don't see why you want it; you've already had two glasses.,xxx
Ses03F_script03_2_M012," No particular reason. Anyhow, they were very small ones.",neu
Ses03F_script03_2_F012, I don't see what's the point of going on and on about something like this.,xxx
Ses03F_script03_2_M013," Oh, my-you can hardly call three minute liquor glasses in the evening going on and on and on.",xxx
Ses03F_script03_2_F013, It's become a habit with you.,neu
Ses03F_script03_2_M014, You needn't be so grand just because you don't happen to want some yourself at the moment.,ang
Ses03F_script03_2_F014, Don't be so stupid.,ang
Ses03F_script03_2_M015," Really, Amanda.",ang
Ses03F_script03_2_F015, What?,ang
Ses03F_script03_2_M016, Nothing.,ang
Ses03F_script03_2_M017," Going somewhere, dear?",ang
Ses03F_script03_2_F016, No. Just making myself fascinating for you.,xxx
Ses03F_script03_2_M018, That reply has broken my heart.,xxx
Ses03F_script03_2_F017," It's a woman's job to allure the man. Watch me, won't you, a minute?",neu
Ses03F_script03_2_M019," As a matter of fact, that's perfectly true.",xxx
Ses03F_script03_2_F018," No, it isn't.",ang
Ses03F_script03_2_M020," Yes, it is.",ang
Ses03F_script03_2_F019," No, it's not. I don't care.",xxx
Ses03F_script03_2_M021, It's a pity you didn't have more brandy. It might have made you a little less disagreeable.,xxx
Ses03F_script03_2_F020," Well, it didn't seem to do such wonders with you, now did it?",xxx
Ses03F_script03_2_M022," Oh, snap, snap, snap, like a little adder.",xxx
Ses03F_script03_2_F021," Adders don't snap, they sting.",fru
Ses03F_script03_2_M023," Yes, they do. They have a big bag of venom behind their fangs and they snap.",xxx
Ses03F_script03_2_F022, They sting.,fru
Ses03F_script03_2_M024, They snap.,ang
Ses03F_script03_2_F023," I don't care. I don't care, do you understand? I don't care if they bark, if they roll over on the floor like hoops.",ang
Ses03F_script03_2_M025," Uhh,",xxx
Ses03F_script03_2_M026, did you see much of Peter Burden after our divorce?,ang
Ses03F_script03_2_F024," Yes, I did, quite a lot actually.",xxx
Ses03F_script03_2_M027," I imagine that you let him kiss you quite a bit more then, didn't you?",ang
Ses03F_script03_2_F025, Mind your business.,fru
Ses03F_script03_2_M028, You had a riotous-must have had a riotous time. No restraint at all. Very enjoyable. You never had much anyhow.,ang
Ses03F_script03_2_F026, You are quite insufferable. I suppose it's because you're drunk.,ang
Ses03F_script03_2_M029, I'm not in the least bit drunk.,ang
Ses03F_script03_2_F027, You've always had a weak head.,fru
Ses03F_script03_2_M030," Okay. As I mentioned before, I said I had three very minute liquor glasses. That's hardly enough to get a child of two drunk.",ang
Ses03F_script03_2_F028," On the contrary, a child of two can get violently drunk on only one glass of brandy.",xxx
Ses03F_script03_2_M031," Oh, very interesting indeed. How about a child of four or a child of six or a child of nine. We might have a splendid little debate about this intemperate tots.",xxx
Ses03F_script03_2_F029, Do shut up. Shut up.,fru
Ses03F_script03_2_F030, I don't want to talk about this anymore.,fru
Ses03F_script03_2_M032, You better turn that off.,xxx
Ses03F_script03_2_F031, Why?,xxx
Ses03F_script03_2_M033, It's very late and it will annoy the people upstairs.,xxx
Ses03F_script03_2_F032, There aren't any people upstairs. It's a photographer's studio.,xxx
Ses03F_script03_2_M034," Well, I suppose the people downstairs then.",ang
Ses03F_script03_2_F033, They're away in Tunis.,xxx
Ses03F_script03_2_M035, This is no time of the year for Tunis.,neu
Ses03F_script03_2_F034," Turn it on again, please.",xxx
Ses03F_script03_2_M036," No, I will do no such thing.",xxx
Ses03F_script03_2_F035, Turn it on.,ang
Ses03F_script03_2_M037, No.,xxx
Ses03F_script03_2_F036, You've always had far too temperamental for yourself. You should try to control it.,xxx
Ses03F_script03_2_M038, Turn it off.,ang
Ses03F_script03_2_F037, I will not. Go away. Go away. I hate you.,ang
Ses03F_script03_2_M039," Oh, very amusing, indeed. Amanda, listen-",ang
Ses03F_script03_2_F038," Listen, indeed. No, no, no, no. I am sick and tired of listening to you, you sadistic bully.",ang
Ses03F_script03_2_M040, Very amusing indeed.,ang
Ses03F_script03_2_F039," Stop it, stop it, I hate you, I loath you, you are overbearing and conceited and utterly impossible.",ang
Ses03F_script03_2_M041," You know, you're a vile, ill-tempered, wicked little beast and I hope that I never see you again as long as I live.",ang
Ses03F_script03_2_F040, This is the end. Do you hear? The end. Now and forever.,ang
Ses03F_script03_2_M042," No, you're not going out like this. No you're not.",ang
Ses03F_script03_2_F041," Oh, yes I am.",ang
Ses03F_script03_2_F042," Yes I am. Let go of me. I hate you and I loath you. God, I can't believe I just finally realized how you are. I am never marry you. Never. Never, never, never. I would rather die in torment.",ang
Ses03F_script03_2_M043," Oh, shut up. Shut up. Shut up.",ang
Ses03F_script03_2_M044," I wouldn't marry you again if you came back crawling to me on your hands and knees because you're vile. You're a mean, evil-minded little vampire and I hope to God I never set eyes on you again.",ang
Ses03F_script03_2_F043," Beast or brute cad, swine beast beast brute.",ang
