Uid,Utterances,Labels
Ses03M_script01_2_F000, Why did he invite her here?,ang
Ses03M_script01_2_M000, Why does that bother you?,fru
Ses03M_script01_2_F001, Well she's been away for three and a half years in New York and suddenly she just shows up.,ang
Ses03M_script01_2_M001," Well maybe, maybe he just wanted to see her.",neu
Ses03M_script01_2_F002, Nobody travels seven hundred miles just see.,xxx
Ses03M_script01_2_M002, uh-uh What do you mean?  They grew up next to each other their entire lives.  Why shouldn't he want to see her?,fru
Ses03M_script01_2_M003, Hey don't look at me like that.  I don't know anymore than you.,fru
Ses03M_script01_2_F003, He's not going to marry her.,xxx
Ses03M_script01_2_M004, Who said he even thought about that?,neu
Ses03M_script01_2_F004, I see it.  It has the appearance of it.,xxx
Ses03M_script01_2_M005," Well, so what?",neu
Ses03M_script01_2_F005, What's going on here Joe?,xxx
Ses03M_script01_2_M006, Now listen kid...,fru
Ses03M_script01_2_F006, No.  She's not his girl Joe and she knows that.,ang
Ses03M_script01_2_M007, You can't read her mind.,xxx
Ses03M_script01_2_F007," Then why is still single?  I mean there's plenty of single men in New York.  Why isn't she married by now?  Probably a hundred men has told her that she's foolish but, she's waiting.",xxx
Ses03M_script01_2_M008, How do you know why she's waited?  Hmmm?,neu
Ses03M_script01_2_F008," Because she knows what I know, that's why.",xxx
Ses03M_script01_2_F009," I mean, her faith is stronger than a rock.",ang
Ses03M_script01_2_F010," My worst times I think about her, you know, and I",sad
Ses03M_script01_2_F011, it's like I know as long as she's waiting I'm right again.,sad
Ses03M_script01_2_M009, Look at how nice the day is.  What are we arguing for?,fru
Ses03M_script01_2_F012," No.  Nobody in my house better dare and challenge her faith.  You know and maybe strangers but not his father, not his brother.",ang
Ses03M_script01_2_M010, What do you want me to do?  What do you want?,fru
Ses03M_script01_2_F013, I want-I want you to act like he's still alive.  I mean don't think I haven't seen the way that you've been since he invited her here.,xxx
Ses03M_script01_2_M011, But Kate...,fru
Ses03M_script01_2_F014, But I won't have any of this nonsense because you know what happens?  If he doesn't come back I'll kill myself.,xxx
Ses03M_script01_2_F015," Laugh, laugh at me but I will.  Because you know what happened when she came here?  When she came back she slept in his room, the memorial broke into pieces. Joe, look. Look at it. You got to believe with me.",ang
Ses03M_script01_2_M012, Okay. Calm yourself. Just calm yourself.,fru
Ses03M_script01_2_F016, I can't do it all alone.,xxx
Ses03M_script01_2_M013," Calm yourself, alright?",xxx
Ses03M_script01_2_F017," Look, it was just last week that Detroit, some boy came back he had been away longer than Larry, you can read it for yourself. You above all people have got to believe.",sad
Ses03M_script01_2_M014," Alright, alright, calm yourself okay?  Calm yourself. Wait, wait.  What do you mean, me above all?",ang
Ses03M_script01_2_F018," Look, just keep believing okay?",xxx
Ses03M_script01_2_M015," Wait, what does that mean?  Me above all?",ang
Ses03M_script01_2_M016," Look at you, you're shaking.",ang
Ses03M_script01_2_F019, I can't help it.,sad
Ses03M_script01_2_M017, What do I got to hide?  Huh?  What the hell's the matter with you Kate?,ang
