Uid,Utterances,Labels
Ses03M_impro07_M000, Hey.,xxx
Ses03M_impro07_F000, Hey.  How's it going?  I haven't seen you in awhile.,hap
Ses03M_impro07_M001, Pretty good Susanna.,xxx
Ses03M_impro07_F001, What's going on Joe?,hap
Ses03M_impro07_M002, Guess who got into U.S.C.?,exc
Ses03M_impro07_F002, Um--,xxx
Ses03M_impro07_M003," Me. Yeah, I did.",exc
Ses03M_impro07_F003, No way. Are you serious? Oh my God.  Congratulations. I'm so excited.,sur
Ses03M_impro07_M004, Yeah.,exc
Ses03M_impro07_M005, I got into the...,exc
Ses03M_impro07_M006, I got into cinema production.,exc
Ses03M_impro07_F004, No.  You didn't get into production.  There's no way.,sur
Ses03M_impro07_M007, Yeah.,exc
Ses03M_impro07_M008, No.  It's like it's harder than getting into Harvard.,exc
Ses03M_impro07_F005, I know.  Oh my God.  Oh my God Joe I am so happy for you.  Well you know what that means?,sur
Ses03M_impro07_M009, What does that mean?,neu
Ses03M_impro07_F006, You're going to be here and I'm going to be in LA so we can be together now.  I mean we can be in the same city.,exc
Ses03M_impro07_M010, Holy shit...,exc
Ses03M_impro07_F007, We can party.  We can have fun.,exc
Ses03M_impro07_M011, This will be like high school but even better.,exc
Ses03M_impro07_F008, Yeah.  Hopefully it won't be like high school.,hap
Ses03M_impro07_F009," Oh man I am so proud of you, that is...how did you get...I mean what did you do?  How did you find out or what...?",exc
Ses03M_impro07_M012, I-I came home and my mom was like Joe uh-,xxx
Ses03M_impro07_M013," I have some bad news.  I was like what?  She's like not really you got into U.S.C. and I was like, I was like oh my God.  I was about to tear my own hair out.",exc
Ses03M_impro07_F010, Oh man.,hap
Ses03M_impro07_M014, Yeah.  This is so crazy.  I mean I didn't get into any other school but I got into the school I wanted.,hap
Ses03M_impro07_F011, Did you say yes yet?  I mean have you sent in your answer?,hap
Ses03M_impro07_M015, Oh my God the first minute I got it I sent it back in.,exc
Ses03M_impro07_F012, All right.,hap
Ses03M_impro07_M016, So...,exc
Ses03M_impro07_F013," This is so great, you know, because I gone fit on downtown so I'm going to be like right here.  I think I'm going to be living at City Lights downtown.",hap
Ses03M_impro07_M017, This is so exciting.  This is like a new chapter in our lives.,exc
Ses03M_impro07_F014," Yeah, it really is.",hap
Ses03M_impro07_M018," We're doing what we want to do, then four years later we're going to be working professionals, making money, sipping martinis every day.",exc
Ses03M_impro07_F015, God hopefully.,xxx
Ses03M_impro07_F016, Man I'm just so happy for you.  I just--,exc
Ses03M_impro07_M019, Thank you,exc
Ses03M_impro07_F017," Well, I'm happy for you but I'm happy for me cause that means you're going to stay.",hap
Ses03M_impro07_M020, And tonight my parents want to take me out to sushi and they said I could bring you.,exc
Ses03M_impro07_F018, Oh great. I would love to go.,exc
Ses03M_impro07_M021, Yeah.,xxx
Ses03M_impro07_M022, Yeah and they said get whatever you want and...,exc
Ses03M_impro07_F019, Mmmm some miso soup.,hap
Ses03M_impro07_M023, Some miso soup.  You can get whatever.  You can get a vat full of miso soup.  God.,exc
Ses03M_impro07_F020, Ah man.,xxx
Ses03M_impro07_M024, This is going to be so great.  I have so many great ideas.,exc
Ses03M_impro07_F021, Yeah. Did you...I mean do send in like how long after you send in your application did you hear?,xxx
Ses03M_impro07_MXX0, to start off.,
Ses03M_impro07_M025," It took them, oh man, it took them like, I mean what it's like April now and any letters that come in April are usually the rejection letters so I was just like...",hap
Ses03M_impro07_F022, You were like...,xxx
Ses03M_impro07_M026, I was struck.,xxx
Ses03M_impro07_F023, Oh my God.  I am so proud of you.,neu
