Uid,Utterances,Labels
Ses03M_script03_2_M000, Yes.  The real cause of that rile was Peter Burden.,neu
Ses03M_script03_2_F000," Oh, come on, you knew there was nothing in that.",neu
Ses03M_script03_2_M001, I knew nothing of the sort.  You took presents from him.,xxx
Ses03M_script03_2_F001, Presents?  A trivial little broach.,ang
Ses03M_script03_2_M002, Mmm Hmm.  I remember it well.  Bristling with diamonds in the worst possible taste.,xxx
Ses03M_script03_2_F002, Not at all.  It was very pretty.  I still have it and I wear it often.,xxx
Ses03M_script03_2_M003, You went out of your way to torture me over Peter Burden.,ang
Ses03M_script03_2_F003, No I didn't.  You made up the whole thing in your jealous imagination.,neu
Ses03M_script03_2_M004, You must admit he was in love with you.,ang
Ses03M_script03_2_F004, Just a little perhaps but nothing serious.,neu
Ses03M_script03_2_M005, You let him kiss you. You said so.  What of it?,ang
Ses03M_script03_2_F005, Well what of it?,xxx
Ses03M_script03_2_F006," Well it didn't harm him, in fact, it pleasured him a lot and it didn't hurt me.",neu
Ses03M_script03_2_M006, And what about me?,ang
Ses03M_script03_2_F007," Well, if you hadn't been so suspicious and nosey you would've never known anything.",xxx
Ses03M_script03_2_M007," Oh, that's a nice point of view I must say.",ang
Ses03M_script03_2_F008," Look, I'm bored with this conversation.",xxx
Ses03M_script03_2_M008," Yeah, so am I.  Bored stiff.",ang
Ses03M_script03_2_M009, You want some brandy?,neu
Ses03M_script03_2_F009, No thanks.,xxx
Ses03M_script03_2_M010, I'll have a little I think.,neu
Ses03M_script03_2_F010, I don't know why you want it.  You've already had two glasses.,ang
Ses03M_script03_2_M011, No particular reason.  Anyhow they were very small ones.,ang
Ses03M_script03_2_F011, I don't see what you have to go on and on with this kind of thing.,ang
Ses03M_script03_2_M012, Oh my...just because I just...okay...,ang
Ses03M_script03_2_M013, ...having three small minute liquor glasses in the evening is hardly going on and on and on.,xxx
Ses03M_script03_2_F012, It's become a habit with you.,neu
Ses03M_script03_2_M014, You needn't be so grand just because you don't happen to want any yourself at the moment.,ang
Ses03M_script03_2_F013, Don't be so stupid.,xxx
Ses03M_script03_2_M015, Really Amanda.,fru
Ses03M_script03_2_F014, What?,ang
Ses03M_script03_2_M016, Nothing.,fru
Ses03M_script03_2_F015, [BREATHING],xxx
Ses03M_script03_2_M017, Going out somewhere dear?,fru
Ses03M_script03_2_F016," No, just making myself beautiful for you.",neu
Ses03M_script03_2_M018, That reply has broken my heart.,xxx
Ses03M_script03_2_F017, That's the woman's job to lure the man.  Watch me a moment won't you?,neu
Ses03M_script03_2_M019, Actually that's perfectly true.,neu
Ses03M_script03_2_F018, No it isn't.,xxx
Ses03M_script03_2_M020, Yes it is.,neu
Ses03M_script03_2_F019," Oh, be quiet.",xxx
Ses03M_script03_2_F020, I think you should have some more brandy...,xxx
Ses03M_script03_2_M021, I think that,neu
M, Shh.,
Ses03M_script03_2_F021, ...cause really,xxx
Ses03M_script03_2_F022, it doesn't seem to be working on you.,xxx
Ses03M_script03_2_M022," perhaps maybe you should've had more brandy, it might've made you a little less disagreeable.",xxx
Ses03M_script03_2_F023, Well it really hasn't worked wonders with you.,xxx
Ses03M_script03_2_M023," Hmm, snap, snap, snap like a little adder.",xxx
Ses03M_script03_2_F024," Adders don't snap, they sting.",ang
Ses03M_script03_2_M024, Yes they do.  They have a bag of venom behind their fangs and they snap.,xxx
Ses03M_script03_2_F025, They sting.,ang
Ses03M_script03_2_M025, They snap.,fru
Ses03M_script03_2_F026, I don't care.  I don't care.  Do you understand?  I don't care if they roll around and bark like hoops.,xxx
Ses03M_script03_2_M026, Did you see much of Peter Burden after our divorce?,xxx
Ses03M_script03_2_F027," Yes, I did.  Quite a lot.",xxx
Ses03M_script03_2_M027, I suppose you let him kiss you a great deal more then?,xxx
Ses03M_script03_2_F028, Mind your business.,ang
Ses03M_script03_2_M028," Mmm, you must've had a riotous time.  No restraint at all, very enjoyable.  You never had much anyhow.",xxx
Ses03M_script03_2_F029, You're quite insufferable.  I expect it's because you're drunk.,ang
Ses03M_script03_2_M029, I'm not in the least bit drunk.,ang
Ses03M_script03_2_F030, You've always had a weak head.,ang
Ses03M_script03_2_M030," Okay, like I mentioned before I had three very small, minute liquor glasses of brandy.  That's not even enough to get a child of two drunk.",ang
Ses03M_script03_2_F031," On the contrary, a child of two can get violently drunk off just one glass of brandy.",ang
Ses03M_script03_2_M031," Oh, what an interesting topic.  What about a child of four and a child of six?  A child of nine?",ang
Ses03M_script03_2_F032, Shut up.,ang
Ses03M_script03_2_M032, We might be able to bring up a splendid little debate about this intemperate tots.,ang
Ses03M_script03_2_F033," Not very funny dear.  In fact, maybe you better have some more brandy.",ang
Ses03M_script03_2_M033," Oh, thanks.  I think I will.",ang
Ses03M_script03_2_M034, You better turn that off.,ang
Ses03M_script03_2_F034, Why?,xxx
Ses03M_script03_2_M035, Because people upstairs will get annoyed.,xxx
Ses03M_script03_2_F035, There aren't any people upstairs.  This is a photographer's studio.,xxx
Ses03M_script03_2_M036, Well there are people downstairs I suppose.,xxx
Ses03M_script03_2_F036, They are away in Tunis.,neu
Ses03M_script03_2_M037," Oh, this is no time to be in here for Tunis.",xxx
Ses03M_script03_2_F037," Turn it on again, please.",fru
Ses03M_script03_2_M038, No I'll do no such thing.,ang
Ses03M_script03_2_F038, Very well.  If you insist on being a boorish and idiotic.,ang
Ses03M_script03_2_M039," Come on, turn it off.  It's driving me mad.",ang
Ses03M_script03_2_F039, You are far too temperamental.  Try to control yourself.,ang
Ses03M_script03_2_M040, Turn it--Turn it off.,ang
Ses03M_script03_2_F040, Go away.  Go away.  I hate you.,ang
Ses03M_script03_2_M041, Very amusing indeed.,ang
Ses03M_script03_2_F041," I hate you.  Listen I'm sick and tired of listening to you, you sadistic bully.",ang
Ses03M_script03_2_M042," You know what?  You're a vile, little, evil-minded, little, wicked beast and I never want to see you again.",ang
Ses03M_script03_2_F042," This is the end.  Understand?  This is the end, here and now, forever and always.",ang
Ses03M_script03_2_M043, You're not going nowhere. No you're not.,ang
Ses03M_script03_2_F043," Oh, yes I am. Yes I am and you can't stop me.",ang
Ses03M_script03_2_M044, Just shut up.,ang
Ses03M_script03_2_M045, shut up. shut up.  I would-I would never marry you again if you came crawling back to me on your hands and knees because you're an evil-minded little vampire and I hope to God I never see you again.,ang
Ses03M_script03_2_F044," Listen, you're a cruel fiend and I hate, loathe you.  Thank God finally, finally thank God I've realized just how horrible you are--and marry you?  Marry you?  Never. I will never marry you.  I will die die in torment-",ang
Ses03M_script03_2_F045, Beast. Brute. Cad. Swine. Beast. Beast. Brute. Devil. Sorry.,ang
Ses03M_script03_2_M046, Oh.,ang
