Uid,Utterances,Labels
Ses03F_script03_1_M000, Oh.,xxx
Ses03F_script03_1_F000, [BREATHING],neu
Ses03F_script03_1_M001, Good God.,xxx
Ses03F_script03_1_F001, Do you think it's them?,neu
Ses03F_script03_1_M002, I wonder.,xxx
Ses03F_script03_1_F002," I mean, nobody knows we're here except for Freda and she wouldn't ring up.",fea
Ses03F_script03_1_M003, It must be them then.,xxx
Ses03F_script03_1_F003, What are we to do?,fea
Ses03F_script03_1_M004," We're all right, aren't we darling? Whatever happens.",neu
Ses03F_script03_1_F004," Yes. Now and always, sweet.",xxx
Ses03F_script03_1_M005, Then I don't care.,neu
Ses03F_script03_1_F005, It was bound to come sooner or later.,xxx
Ses03F_script03_1_M006," Hello? Hello? What? Ugh, wrong number.",xxx
Ses03F_script03_1_F006," [LAUGHTER] God, it sent shivers up my spine.",xxx
Ses03F_script03_1_M007," things that should matter dreadfully don't seem to matter at all when one's happy, do they?",exc
Ses03F_script03_1_F007," Um terrible thing is one can't stay happy. Well, it's true. I mean, the whole business is a very poor joke.",xxx
Ses03F_script03_1_M008," Ooh darling, don't say that.",xxx
Ses03F_script03_1_M009," You mean that sacred and beautiful thing, love?",xxx
Ses03F_script03_1_F008," Yes, meaning just that.",xxx
Ses03F_script03_1_M010, What does it all mean? That's what I ask myself in my quest for ultimate truth. What does it all mean?,xxx
Ses03F_script03_1_F009, Don't laugh at me. I'm serious.,exc
Ses03F_script03_1_M011," [LAUGHTER]. You mustn't be serious, my dear one, that's what they want.",exc
Ses03F_script03_1_F010, Who's they?,xxx
Ses03F_script03_1_M012, All the futile moralists who try to make life unbearable. Laugh at them. Be flippant. Laugh at all the sacred shibboleths. Flippancy brings out the acid in their damn sweetness and light.,xxx
Ses03F_script03_1_F011," Well, if I laugh at everything I'm going to have to laugh at us too.",xxx
Ses03F_script03_1_M013," Ooh, certainly you must. We're figures of fun, all right.",exc
Ses03F_script03_1_F012," So how long is it going to last? This ludicrous, overbearing love of ours?",xxx
Ses03F_script03_1_M014, Who knows?,xxx
Ses03F_script03_1_F013, Shall we always want to bicker and fight?,xxx
Ses03F_script03_1_M015, No. The fire will fade along with our passion.,xxx
Ses03F_script03_1_F014," Oh dear, well, shall we want that?",sad
Ses03F_script03_1_M016, Depends on how well we play it.,xxx
Ses03F_script03_1_F015," Well, what if happens if one of us is to die? Does the one that's left still laugh?",sad
Ses03F_script03_1_M017," Yes, yes. Yes, he must with all his might.",xxx
Ses03F_script03_1_F016," Well, that's serious enough.",xxx
Ses03F_script03_1_M018," No. No, it isn't. Death's very laughable. A cunning little mystery. All done with mirrors.",xxx
Ses03F_script03_1_F017," Darling, I believe you're talking nonsense.",xxx
Ses03F_script03_1_M019, So is everyone else in the long run. Let's be superficial and pity the poor philosophers.,xxx
Ses03F_script03_1_M020," Let's blow strumpets, blow-blow trumpets and squeakers and party as much as we can like small quite idiotic school children. Let's savor the delight of the moment. Come, kiss me darling, before worms pop in and out of your eye sockets.",exc
Ses03F_script03_1_F018," Elliott, worms don't pop.",xxx
Ses03F_script03_1_M021," I don't care what you do, see? As long-you can paint yourself bright green all over and dance naked in the Place Vendome and rush off madly with all the men in the world and I shan't say a word as long as you love me best.",xxx
Ses03F_script03_1_F019," Thank you, dear. The same applies to you. Except that if I ever so much as catch you looking at another woman I'll kill you.",exc
Ses03F_script03_1_M022, Remember that awful scene we had in Venice?,exc
Ses03F_script03_1_F020, Which particular one?,xxx
Ses03F_script03_1_M023, The one when you bought that little painted wooden snake in the Piazza and put it in my bed.,xxx
Ses03F_script03_1_F021, Oh Charles. That was his name. Charles. He did wiggle so beautifully.,hap
Ses03F_script03_1_M024, Horrible little thing. I hated it.,xxx
Ses03F_script03_1_F022, I know you did. You threw it out the window and into the Grand Canal. I don't think I'll ever forgive you for that.,xxx
Ses03F_script03_1_M025, How long did that row last?,xxx
Ses03F_script03_1_F023, It went on intermittently for days.,xxx
Ses03F_script03_1_M026, The worst one was in Cannes when your-your curling iron burnt a hole in my dressing gown.,xxx
Ses03F_script03_1_F024," Well, I burnt a hole in my comb too, and all the towels in the bathroom. [LAUGHTER].",xxx
Ses03F_script03_1_F025, yeah. And that was the first time you ever hit me.,hap
Ses03F_script03_1_M027," That was a rouser, wasn't it?",exc
Ses03F_script03_1_F026, The manager came in and found us rolling on the floor and biting and scratching like panthers. [LAUGHTER],hap
Ses03F_script03_1_M028, I didn't hit you very hard.,xxx
Ses03F_script03_1_F027, I know. Oh man. Couldn't believe it.,exc
Ses03F_script03_1_M029," Oh, I will never forget his face. Ooh-rah [LAUGHTER].",xxx
Ses03F_script03_1_M030, We were very much younger then.,xxx
Ses03F_script03_1_F028," Yeah, and very much sillier.",xxx
Ses03F_script03_1_M031," Oh, the real cause of that row was Peter Burden.",xxx
