Uid,Utterances,Labels
Ses03F_script02_1_M000," Hey, what time is it? They're supposed to run around midnight, right? God, this is great, isn't it?",exc
Ses03F_script02_1_M001, Look at the night we got; couldn't be better.,exc
Ses03F_script02_1_M002," You know actually, I wanted to go a little further up the coast to get away from all the, the people and the lights, and uh- but I thought we'd miss it. Hey, how you doing?",exc
Ses03F_script02_1_F000, Fine.,sad
Ses03F_script02_1_M003," Oh, is that-is that-now, is that just foam, uhh, I can't even tell.",exc
Ses03F_script02_1_M004," Oh, though if I can't tell it probably isn't them, right? It probably would be unmistakable, wouldn't you think? Hey, how you doing?",exc
Ses03F_script02_1_M005," Oh, do you know what I forgot? I forgot my flashlight. How could I be so stupid. Oh, I-I should have brought my flashlight.",exc
Ses03F_script02_1_F001, What flashlight?,xxx
Ses03F_script02_1_M006," Uh- you know, the flashlight. The silver one. There's only one, isn't there?",exc
Ses03F_script02_1_F002, That's not your flashlight; it's ours. It's mine too.,xxx
Ses03F_script02_1_M007," Oh, well, sure.",xxx
Ses03F_script02_1_F003," I don't understand why you're always saying oh, it's mine, it's mine. It's not like it's just your flashlight. I mean, how do you think that makes me feel?",ang
Ses03F_script02_1_M008," No, of course. Yours and mine. Our flashlight. Yours and mine. Mi flashlight is su flashlight. Naturally.",xxx
Ses03F_script02_1_M009, We should have brought our flashlight. I can't believe we forgot to bring it.,exc
Ses03F_script02_1_M010, I hope the moon stays out.,exc
Ses03F_script02_1_M011," Hey, do they always run during a full moon? I can't remember if it was full last year. Do you remember?",exc
Ses03F_script02_1_F004, Yes.,xxx
Ses03F_script02_1_M012, Are you cold? Do you want my jacket?,xxx
Ses03F_script02_1_M013," We should have brought the blanket. Oh, why didn't we bring the blanket? Our blanket.",exc
Ses03F_script02_1_M014," You know what would be good right now? A six-pack. Ah, I can't believe I forgot a six-pack. A six-pack would be just the ticket right about now.",exc
Ses03F_script02_1_M015, I'm so stupid. I'm like a little kid. I-it's amazing I get out of the house with my fly zipped. Oh- [LAUGHTER].,exc
Ses03F_script02_1_M016, I wonder if they can hear us talk. Or hear the vibrations in the sand when we move.,exc
Ses03F_script02_1_F005, I'm cold.,xxx
Ses03F_script02_1_M017, Do you want my jacket?,neu
Ses03F_script02_1_F006," It's past eleven, let's go home.",xxx
Ses03F_script02_1_M018, What? Are you kidding me? We just got here. We'd miss it. What's the point of coming down there if we just turn around and go home?,sur
Ses03F_script02_1_F007, There is no point in coming down here.,xxx
Ses03F_script02_1_M019, Right.,neu
Ses03F_script02_1_F008, That's my point.,xxx
Ses03F_script02_1_M020," Yeah, that's my point too.",neu
Ses03F_script02_1_F009," Well, so let's go.",xxx
Ses03F_script02_1_M021," No. No, no, no, that's not my point. My point is there's no point in coming down here if we just turn around and leave.",exc
Ses03F_script02_1_M022," I mean, don't you want to see it?",neu
Ses03F_script02_1_F010, Not particularly.,sad
Ses03F_script02_1_M023, Why not?,neu
Ses03F_script02_1_F011, I don't know. I just don't.,sad
Ses03F_script02_1_M024," Honey, this is a natural-this is a natural phenomenon. I mean, it only happens once a year. This is, this is a great opportunity. Think about the people in Kansas. They would have to get a plane ticket and hotel reservation to come and see this. We're only forty minutes away. This is too good to pass up.",xxx
Ses03F_script02_1_F012, Pass up what? A bunch of fish. They swim up to the beach and they flop around and they swim away and then they die.,ang
Ses03F_script02_1_M025, Yeah. But that moment on the beach is the highlight of their little lives. And all that flopping around is laying eggs or what you-spawning or mating or something like that.,xxx
Ses03F_script02_1_M026," I mean, this is the big night for these guys. Life's last orgy.",xxx
Ses03F_script02_1_F013," I don't know why you're getting so excited. I mean, it's not like the landing of the moon or something. It's just fish. Fish that nobody eats.",fru
Ses03F_script02_1_M027," Yeah, they do.",xxx
Ses03F_script02_1_F014," Oh, God, Augie.",fru
Ses03F_script02_1_M028," What, okay, then it's fish that do something no other fish do. Like the swallows in Capistrano or the lemmings who throw themselves off the cliffs.",xxx
Ses03F_script02_1_M029," There's magic here and mystery and a little bit of the unexplainable. I mean, I don't see how you cannot be interested.",xxx
Ses03F_script02_1_F015," I'm just not. I mean, I'm sorry, it just-they're still fish to me.",xxx
Ses03F_script02_1_M030, For real?,sur
Ses03F_script02_1_F016, Yes.,xxx
Ses03F_script02_1_M031, I don't get it. The last time-the first time that we came to see it you said it was the best night of your life.,xxx
Ses03F_script02_1_M032, And then last year when we came to see it you ran out of the house so fast that you stubbed your toe. And you didn't even notice until you got in the car.,xxx
Ses03F_script02_1_F017," Yes, and if you also remember, I got sand in my panties. We got into an argument about nothing. You got a sore throat and we never saw the grunions.",fru
Ses03F_script02_1_M033, We weren't in a good spot.,xxx
Ses03F_script02_1_F018," No, for God's sakes, we've never seen the grunions. We're not going to see them.",fru
Ses03F_script02_1_M034," We just weren't in a good spot, all right? This is a much better spot. I have a good instinct for these things. Look, is that-",fru
Ses03F_script02_1_M035," no, that's just seaweed, isn't it? This is great, isn't it?",xxx
Ses03F_script02_1_M036," I wouldn't miss this for anything. I mean, think about this. Okay, I know you're not interested, but just think about this for a minute.",exc
Ses03F_script02_1_M037, Somewhere out there there's this huge silver mass of fish heading this way. They don't know why. And we don't know why. Just some little instinctual time-release firecracker went off-went off in their bodies.,xxx
Ses03F_script02_1_M038," And they all, all as one, turned as one and formed this line as big as the California coast and started swimming this way. Swimming as if that's the only thing that matters.",exc
Ses03F_script02_1_M039," You know, they didn't ask it a question. They didn't, they didn't take a vote. They didn't have an invitation or a map; they just started swimming as one.",exc
Ses03F_script02_1_M040," its single-mindedness with one mind. Urgency that's pure urge. You know, they don't give it a name.",exc
Ses03F_script02_1_M041," They don't ask it a question. They just, they just, they don't know what drives them. They just turn as one and start the swim that brings them to here",exc
Ses03F_script02_1_M042," where we stand for a massive celebration of sex and death. Oh, God, I'm giving myself goosebumps. Look, I'm all-all my hairs on my arms is sticking up.",exc
Ses03F_script02_1_F019," Yeah, that's the wind.",xxx
Ses03F_script02_1_M043, So what do you think?,xxx
Ses03F_script02_1_F020, About what?,xxx
Ses03F_script02_1_M044, About what I just said.,neu
Ses03F_script02_1_F021, It's ridiculous.,xxx
