Uid,Utterances,Labels
Ses03F_impro08_M000," Hey, you stupid dumb shit machine, give me a fucking operator, huh?",ang
Ses03F_impro08_F000," Hello sir, can I help you?",neu
Ses03F_impro08_M001," Yeah, I've been on the-with the machine for like thirty minutes--",xxx
Ses03F_impro08_M002," trying to get an answer, and no one's given me an answer.  So what are you going to do about it?",xxx
Ses03F_impro08_F001, I [GARBAGE],neu
Ses03F_impro08_F002," Yes, sir, I'm very sorry, but we've had some trouble here.  There's been a lot of calls and the system has-",neu
Ses03F_impro08_M003," Fuck, do you think I have all day?  Jesus",xxx
Ses03F_impro08_F003," Sir, please calm down.  There's no reason to use profanity like that.  It's not-",neu
Ses03F_impro08_M004," Fine, sorry.  Okay, my phone's been on the fritz for like three days.  I can't get any incoming calls. What- What is going on?",fru
Ses03F_impro08_F004," Okay, and this is for Verizon? Your provider?",neu
Ses03F_impro08_M005, Yeah.,xxx
Ses03F_impro08_F005," Well, um- we have a little problem with the system going on.  One of our satellites is down, and I-",neu
Ses03F_impro08_M006, You know what?  I'm just going to- Patient?  I'm a busy man.,ang
Ses03F_impro08_F006," You're going to have to just be patient with us, sir, as we",neu
Ses03F_impro08_F007," Well, I know sir, and we all are busy.",neu
Ses03F_impro08_F008, But I'm going to definitely have to- uh--get your contact information,neu
Ses03F_impro08_M007," -have to, have to what?",ang
Ses03F_impro08_M008, What?  It's my phone.  You can't even call me on it. I don't have another phone.,ang
Ses03F_impro08_FXX0," Well, I don't-",
Ses03F_impro08_F009," Okay, well, if you would like, um- we will be turning on the systems in probably about ten hours.",neu
Ses03F_impro08_M009, What?  Are you kidding me?,ang
Ses03F_impro08_F010," Sir, I'm very sorry, but this is the way it is.  This- We have no control over it.  It's going to take-  -but you have to be patient with us.  You can use a calling card.  We will give you a free calling card to use.",neu
Ses03F_impro08_M010," Oh, my God.",ang
Ses03F_impro08_M011, I- I'm going to kill myself right now.,ang
Ses03F_impro08_M012, A free calling card?,ang
Ses03F_impro08_F011," Do you have a land line, sir?",neu
Ses03F_impro08_M013," No, I don't have a land line.",xxx
Ses03F_impro08_F012," Okay, well, we will send you- We will reimburse you for the amount of minutes that you-",neu
Ses03F_impro08_F013, -on average would use.,neu
Ses03F_impro08_M014," That's it? Okay, yeah.  What else?",ang
Ses03F_impro08_F014," And we will probably send you a calling card.  I'm very sorry.  You're just going to have to be patient, sir.",neu
Ses03F_impro08_M015," Okay, I need more than this.  Are you going to give me a little bit more?",ang
Ses03F_impro08_F015," No, we don't just give you things.  We're- we're-",neu
Ses03F_impro08_F016, we compensating you for all your-,neu
Ses03F_impro08_M016, So you take things from me and you expect me just to wait around.,fru
Ses03F_impro08_F017," No no, we're not taking anything from you sir.  This is- This is unbeknownst to us.  The problem had just happened.",fru
Ses03F_impro08_F018, The satellite-is down in your area.,fru
Ses03F_impro08_M017," Okay, so you think you're going to-  -get me back some minutes, and that's going to make up for three days of business that I lost?  Okay, great.",fru
Ses03F_impro08_F019," No, three days, sir.  It's not three days. It's- It's only been about a day now. Let's not exaggerate.",fru
Ses03F_impro08_M018," No, it's been--three days.",fru
Ses03F_impro08_M019," Fine, it's been a day.  Okay?",fru
Ses03F_impro08_F020, Three days?,neu
Ses03F_impro08_F021, A day?,neu
Ses03F_impro08_M020, A day's worth of business.  You know how much I make in a day?,xxx
Ses03F_impro08_F022," I don't know, sir.",neu
Ses03F_impro08_M021, About three million dollars.,neu
Ses03F_impro08_F023," Oh, well, I'm sorry about that. Umm- We-",neu
Ses03F_impro08_M022," So, you're going to give me back ten dollars worth of minutes--",xxx
Ses03F_impro08_M023, -to make up the three million dollars.,xxx
Ses03F_impro08_F024," Well, ten hours worth of minutes--",neu
Ses03F_impro08_F025, is what's going to happen.,neu
Ses03F_impro08_M024," Ten hours? So, basically, a day's worth of minutes which I pay forty dollars a month from it.",xxx
Ses03F_impro08_MXX0, Yeah.,
Ses03F_impro08_F026," Sir,",neu
Ses03F_impro08_M025, So you're giving me a dollar back.,xxx
Ses03F_impro08_F027," what I would like what I'm advising you to do now is just to write down all of your problems that you-you feel that--You know, haven't been addressed, fax it to us-",neu
Ses03F_impro08_M026," Oh, my God.",fru
Ses03F_impro08_F028, and we will take care of it if anything happens.  But all we can do now is ask for your patience.,neu
Ses03F_impro08_F029, Okay? Thank you for calling.  Goodbye.,neu
