Uid,Utterances,Labels
Ses03M_impro02_M000, Hey sweetie.,sad
Ses03M_impro02_M001, Hey.,sad
Ses03M_impro02_F000, Um.,hap
Ses03M_impro02_F001," How's it- going?  Oh I'm so tired.  Oh, I just woke up. Mmm.",xxx
Ses03M_impro02_F002, What's going on?,xxx
Ses03M_impro02_M002," Uh, -Um",sad
Ses03M_impro02_F003, Why the sad face?,hap
Ses03M_impro02_M003, they need me out there sooner than I thought,sad
Ses03M_impro02_F004, Where?  Who?  What are you talking about?,sur
Ses03M_impro02_M004, They want to deploy me next week.,sad
Ses03M_impro02_F005, Next week?,sur
Ses03M_impro02_F006, Overseas?,xxx
Ses03M_impro02_M005, For--,sad
Ses03M_impro02_F007, For how long this time?,xxx
Ses03M_impro02_M006, They said anywhere from two to three years.,sad
Ses03M_impro02_F008, What?  What do you mean two to three years?  Don't they know that you have a wife and an expectant child?,xxx
Ses03M_impro02_M007, I told them that but they--,xxx
Ses03M_impro02_F009, Honey--,fru
Ses03M_impro02_M008, --need me on the specialist honey.,fru
Ses03M_impro02_F010, You can't.  We need you.  I need you.,fru
Ses03M_impro02_M009," I don't want to go but,-",fru
Ses03M_impro02_F011, I don't care about the money.,fru
Ses03M_impro02_M010, but they said they'd increase my pay by triple-there promotion.,fru
Ses03M_impro02_F012, And you're leaving next week so you won't even be here for Anna's birth?,xxx
Ses03M_impro02_M011, No.,sad
Ses03M_impro02_F013, Do this whole thing by myself?,sad
Ses03M_impro02_M012, Honey you're not going to be by yourself--,sad
Ses03M_impro02_M013," We'll have internet set up, we'll get web cameras and everything.  My whole family's here too.",neu
Ses03M_impro02_F014, Carry her for nine months and then yes.,sad
Ses03M_impro02_M014, Honey.,xxx
Ses03M_impro02_F015, It's not the same thing.  It's not like having you here.,sad
Ses03M_impro02_F016, I can't do this.,sad
Ses03M_impro02_M015," You can do it.  Alright?  You can, you can be strong, you can be strong for both of us alright?",neu
Ses03M_impro02_F017, I'm sick of being strong-- --for us.,sad
Ses03M_impro02_M016, I don't know what to do.,sad
Ses03M_impro02_M017, I don't want to - I don't- I don't want to go.,fru
Ses03M_impro02_M018, What am I supposed to do?,fru
Ses03M_impro02_F018, You can say no?,fru
Ses03M_impro02_M019, You know I can't say no.,sad
Ses03M_impro02_F019, You could.  You really could.  You could-- --get into another line of work.  I could start working after Anna's born?,fru
Ses03M_impro02_M020, The last guy who said no was fired.,fru
Ses03M_impro02_M021, I put in fifteen years in this job.,fru
Ses03M_impro02_F020, I know.,fru
Ses03M_impro02_M022, I'm so close.  Five more years and I retire-,fru
Ses03M_impro02_M023, and we'll have that happy life.,fru
Ses03M_impro02_F021, Happiness for me is having you here with me,xxx
Ses03M_impro02_F022," and watch our child grow, see her take her first steps, her first words.",sad
Ses03M_impro02_M024, Honey after a year I can be back.,sad
Ses03M_impro02_F023, You said two years.,sad
Ses03M_impro02_M025, They want me there two years but I could probably get,sad
Ses03M_impro02_M026, maybe get some vacation-- --once it quiets down there.,sad
Ses03M_impro02_F024, A whole year? --We're not talking about like a couple months here.  I mean this is a whole year.,sad
Ses03M_impro02_M027, I know.  I know.  But they really need some good guys there.,sad
Ses03M_impro02_F025, What could happen in a year?,sad
Ses03M_impro02_F026, And this isn't the first time you know?  I mean you always...sending you off to different places and...,sad
Ses03M_impro02_M028, Well that's the kind of work I'm in honey.,sad
Ses03M_impro02_F027, I don't know if that's how I want to live my life.,sad
Ses03M_impro02_M029, It's just going to be--it's going to go faster than you think.,sad
Ses03M_impro02_F028," Joe I'm serious I don't want to have to have a little girl to tell...asking every day where's daddy, where's daddy and have to tell her that he's away--",sad
Ses03M_impro02_F029, far away and he won't be here.,sad
Ses03M_impro02_M030, You tell her-- [BREATHING],sad
Ses03M_impro02_F030, I'm done.  I can't honey.,sad
Ses03M_impro02_M031, What do you mean?,sad
Ses03M_impro02_F031, It's over.,sad
Ses03M_impro02_M032, What?,sur
Ses03M_impro02_F032, Honey I can't do it anymore.,sad
Ses03M_impro02_M033, Are you kidding me?  No.,sur
Ses03M_impro02_F033, I need you here.  Anna needs you.,sad
Ses03M_impro02_M034, So I have--you want me to choose between you guys or my career?,fru
Ses03M_impro02_F034, yeah.,sad
Ses03M_impro02_M035, What am I going to do?,fru
Ses03M_impro02_F035," Priorities honey, priorities.",fru
Ses03M_impro02_M036, I want to--what am I going to do if I leave this job?,fru
Ses03M_impro02_F036, You're smart.  You could go back to school--,fru
Ses03M_impro02_F037, finish your Master's that you were started never finished.,fru
Ses03M_impro02_M037, Fine.  I'll see if I can talk to them.,fru
