Uid,Utterances,Labels
Ses02M_script03_2_M000," As a matter of fact, the real cause of that row was Peter Burden.",neu
Ses02M_script03_2_F000, You knew there was nothing in that.,exc
Ses02M_script03_2_M001, I knew nothing of the sort. You took presents from him.,ang
Ses02M_script03_2_F001," Presents, just a trivial little broach.",exc
Ses02M_script03_2_M002," Yes, I remember it well, bristling with diamonds in the worst possible taste.",xxx
Ses02M_script03_2_F002, No it wasn't. It was very pretty I still have it and I wear it often.,neu
Ses02M_script03_2_M003, You went out of your way to torture me over Peter Burden.,ang
Ses02M_script03_2_F003," No I didn't, you worked the whole thing up in your jealous imagination.",neu
Ses02M_script03_2_M004," You must admit he was in love with you, wasn't he?",xxx
Ses02M_script03_2_F004," Just a little perhaps, nothing serious.",xxx
Ses02M_script03_2_M005, You let him kiss you; you said you did.,ang
Ses02M_script03_2_F005, What of it?,neu
Ses02M_script03_2_M006, What of it?,xxx
Ses02M_script03_2_F006," It gave him a lot of pleasure, it didn't hurt me any.",neu
Ses02M_script03_2_M007, What about me?,ang
Ses02M_script03_2_F007," Well, if you hadn't been so nosey and suspicious you never wouldn't have known anything about it.",neu
Ses02M_script03_2_M008, That's a nice point of view I must say.,xxx
Ses02M_script03_2_F008, I'm bored of this conversation.,fru
Ses02M_script03_2_M009," Yes, me too, bored stiff. You want some Brandy?",xxx
Ses02M_script03_2_F009, No thanks.,neu
Ses02M_script03_2_M010, I have a little I think.,neu
Ses02M_script03_2_F010, I don't see why you want any you've already had two glasses.,xxx
Ses02M_script03_2_M011," No particular reason. Anyhow, they are very small ones.",neu
Ses02M_script03_2_F011, It just seems so silly to go on and on and on with such a thing.,neu
Ses02M_script03_2_M012, You can hardly call three liquor glasses in a whole evening going on and on and on.,neu
Ses02M_script03_2_F012," Well, it's become a habit with you.",neu
Ses02M_script03_2_M013, You needn't be so grand just because don't happen want any yourself right now.,xxx
Ses02M_script03_2_F013, Don't be so stupid.,xxx
Ses02M_script03_2_M014," Really, Amanda.",xxx
Ses02M_script03_2_F014, What?,ang
Ses02M_script03_2_M015, Nothing.,fru
Ses02M_script03_2_F015, No I'm just making myself fascinating for you.,neu
Ses02M_script03_2_M016," Going out somewhere, dear?",neu
Ses02M_script03_2_F016, It's a woman's job to allure the man,xxx
Ses02M_script03_2_M017, That reply has broken my heart.,xxx
Ses02M_script03_2_F017," watch me a minute, will you?",xxx
Ses02M_script03_2_M018," As a matter of fact, that's perfectly true.",neu
Ses02M_script03_2_F018," Oh, no it isn't.",fru
Ses02M_script03_2_M019, Yes it is.,xxx
Ses02M_script03_2_F019, Be quiet.,ang
Ses02M_script03_2_M020, It's a pity you didn't have any more Brandy it might have made you a little less disagreeable.,xxx
Ses02M_script03_2_F020, It doesn't seem to work such wonders with you.,xxx
Ses02M_script03_2_M021," Snap, snap, snap, like a little adder.",fru
Ses02M_script03_2_F021, Adders don't snap they sting.,xxx
Ses02M_script03_2_M022, Oh nonsense they have a little bag of venom behind their fangs and they snap.,fru
Ses02M_script03_2_F022, They sting.,xxx
Ses02M_script03_2_M023, They snap.,fru
Ses02M_script03_2_F023, I don't care. Do you understand? I don't care. I don't care if they bark or roll about like hoops.,ang
Ses02M_script03_2_M024," Tell me, did you see much of Peter Burden after our divorce?",neu
Ses02M_script03_2_F024," Yes, I did quite a lot.",neu
Ses02M_script03_2_M025, I imagine you let him kiss you good deal more then.,xxx
Ses02M_script03_2_F025, Mind your own business.,xxx
Ses02M_script03_2_M026, What riotous time you must have had.,ang
Ses02M_script03_2_M027," No restraint at all, very enjoyable, never had much anyhow.",ang
Ses02M_script03_2_F026, You're quite insufferable. I expect it's because you're drunk.,xxx
Ses02M_script03_2_M028, I am not in the least drunk.,xxx
Ses02M_script03_2_M029," I imagine, as I may have already mentioned, I've had three minute liquor glasses of Brandy the whole evening long a child of two couldn't get drunk on that.",xxx
Ses02M_script03_2_F027, On the contrary a child of two could get violently drunk on only one glass of Brandy.,xxx
Ses02M_script03_2_M030," Oh very interesting. How about a child of four, a child of six or a child of nine?",xxx
Ses02M_script03_2_F028, Oh be quiet.,ang
Ses02M_script03_2_M031," We can get a good little debate going about that, don't you think? Intemperate tots.",ang
Ses02M_script03_2_F029," Not very funny my dear, you better have some more Brandy.",xxx
Ses02M_script03_2_M032, All right. I will.,neu
Ses02M_script03_2_M033, Better turn that off I think.,neu
Ses02M_script03_2_F030, Why?,xxx
Ses02M_script03_2_M034, Because it's late and it'll annoy the people upstairs.,xxx
Ses02M_script03_2_F031, There aren't any people upstairs it's a photographer's studio.,xxx
Ses02M_script03_2_M035, There are people downstairs I suppose?,xxx
Ses02M_script03_2_F032, They're away in Tunis.,xxx
Ses02M_script03_2_M036, This is no time of the year for Tunis.,xxx
Ses02M_script03_2_F033," Turn it on again, please.",xxx
Ses02M_script03_2_M037, I'll do no such thing.,fru
Ses02M_script03_2_F034," Very well, if you insist on being boorish and idiotic.",fru
Ses02M_script03_2_M038, Turn it off it's driving me mad.,xxx
Ses02M_script03_2_F035, You are far too temperamental. Try to control yourself.,ang
Ses02M_script03_2_M039, Turn it off.,ang
Ses02M_script03_2_F036, Stop it. Stop it. I hate you.,ang
Ses02M_script03_2_M040," Amanda, listen. Listen.",ang
Ses02M_script03_2_F037," Listen indeed. I'm sick and tired of listening to you, damn sadistic bully.",ang
Ses02M_script03_2_M041, Very amusing indeed.,ang
Ses02M_script03_2_F038," Stop it. Stop it. I hate you, do you hear? You're overbearing and conceited and utterly impossible.",ang
Ses02M_script03_2_M042," You're a vile tempered, loose living, wicked little beast and I hope I never see you again as long as I live.",ang
Ses02M_script03_2_F039," This is the end, do you hear? The end finally and forever.",ang
Ses02M_script03_2_M043, You're not going like this.,ang
Ses02M_script03_2_F040, Oh yes I am.,ang
Ses02M_script03_2_M044, You're not.,ang
Ses02M_script03_2_F041," Yes, I am. Let go of me you're cruel fiend and I hate and loathe you. Thank God I realized who you really are before I would ever, ever marry you again. I would never marry you again. I'd rather die in torment.",ang
Ses02M_script03_2_M045, Shut up.,ang
Ses02M_script03_2_M046, Shut up.,ang
Ses02M_script03_2_M047, I wouldn't marry you again if you came to me on your bended knees. You're a evil minded little vampire. I hope to God I never see you again as long as I live.,ang
Ses02M_script03_2_F042, You're a beast. I hate you. Stop it. Stop it.,ang
