Uid,Utterances,Labels
Ses02F_script03_2_M000," As a matter of fact, the real cause of that row was Peter Burden.",neu
Ses02F_script03_2_F000," Honey, you knew there was nothing in that.",xxx
Ses02F_script03_2_M001, I knew nothing of the sort.  You took presents from him.,neu
Ses02F_script03_2_F001, Presents?  Just a trivial little broach.,xxx
Ses02F_script03_2_M002," Ah, yes, I remember it well.  Bristling with diamonds in the worst possible taste.",xxx
Ses02F_script03_2_F002," No, it wasn't.  It was very pretty.  I still have it and I wear it often.",xxx
Ses02F_script03_2_M003, You went out of your way to torture me over Peter Burden.,xxx
Ses02F_script03_2_F003," No, I didn't.  You worked the whole thing up in your jealous imagination.",xxx
Ses02F_script03_2_M004," You must admit, he was in love with you, wasn't he?",xxx
Ses02F_script03_2_F004," Just a little perhaps, nothing serious.",xxx
Ses02F_script03_2_M005, You let him kiss you.  You said you did.,xxx
Ses02F_script03_2_F005," Well, what of it?",xxx
Ses02F_script03_2_M006, What of it?,ang
Ses02F_script03_2_F006, It didn't hurt him at all and I enjoyed it.,xxx
Ses02F_script03_2_M007," Well, what about me?",ang
Ses02F_script03_2_F007," Well, if you hadn't been so suspicious and nosey, you never would have known a thing about it.",neu
Ses02F_script03_2_M008," Well, that's a nice point of view I must say.",xxx
Ses02F_script03_2_F008, I'm bored with this conversation.,xxx
Ses02F_script03_2_M009," Me, too.  Bored stiff.  You want some brandy?",neu
Ses02F_script03_2_F009," No, thanks.",xxx
Ses02F_script03_2_M010, I think I'll have some.,xxx
Ses02F_script03_2_F010, Don't see why you want any.  You've already had two glasses.,xxx
Ses02F_script03_2_M011, No particular reason.  Anyhow they were very small ones.,neu
Ses02F_script03_2_F011, Just seems so silly to go on and on and on with such a thing.,neu
Ses02F_script03_2_M012, You can hardly call three liquor glasses in a whole evening going on and on and on.,fru
Ses02F_script03_2_F012," Well, it's become a habit with you.",neu
Ses02F_script03_2_M013," You needn't be so grand, just because you don't happen to want any yourself at the moment.",ang
Ses02F_script03_2_F013, Don't be so stupid.,ang
Ses02F_script03_2_M014," Really, Amanda.",xxx
Ses02F_script03_2_F014, What?,ang
Ses02F_script03_2_M015, Nothing.,fru
Ses02F_script03_2_M016, Going out somewhere dear?,xxx
Ses02F_script03_2_F015," No, just making myself fascinating for you.",xxx
Ses02F_script03_2_M017, That reply has broken my heart.,xxx
Ses02F_script03_2_F016," A woman's job is to allure the man.  Watch me a minute, will you?",exc
Ses02F_script03_2_M018," As a matter of fact, that's perfectly true.",xxx
Ses02F_script03_2_F017," No, it isn't.",fru
Ses02F_script03_2_M019," Yes, it is.",fru
Ses02F_script03_2_F018," Oh, be quiet.",ang
Ses02F_script03_2_M020," Ah, it's a pity you didn't have any more brandy.  It might have made you a little less disagreeable.",xxx
Ses02F_script03_2_F019, Doesn't seem to have worked such wonders with you.,fru
Ses02F_script03_2_M021," Snap, snap, snap, like a little adder.",fru
Ses02F_script03_2_F020," Adders don't snap, they sting.",ang
Ses02F_script03_2_M022, Nonsense.  They have a little bag of venom behind their fangs and they snap.,fru
Ses02F_script03_2_F021, They sting.,xxx
Ses02F_script03_2_M023, They snap.,fru
Ses02F_script03_2_F022," I don't care, do you understand?  I don't care.  I don't care if they bark or roll about like hoops.",fru
Ses02F_script03_2_M024, Did you see much of Peter Burden after our divorce?,xxx
Ses02F_script03_2_F023," Yes, I did.  Quite a lot.",xxx
Ses02F_script03_2_M025," Hmm, I imagine you let him kiss you a good deal more then.",xxx
Ses02F_script03_2_F024, Mind your own business.,fru
Ses02F_script03_2_M026," Oh, must have had a riotous time. No restraint at all.  Very enjoyable and never had much anyhow.",xxx
Ses02F_script03_2_F025, You're quite insufferable,ang
Ses02F_script03_2_F026, I expect it's because you're drunk.,fru
Ses02F_script03_2_M027, I'm not in the least drunk.,ang
Ses02F_script03_2_F027, You've always had a weak head.,xxx
Ses02F_script03_2_M028," As I mentioned before, I have had three minute liquor glasses of brandy the whole evening long.  A child of two couldn't get drunk on that.",fru
Ses02F_script03_2_F028," On the contrary, a child of two could get violently drunk on only one glass of brandy.",fru
Ses02F_script03_2_M029," Oh, very interesting.  How about a child of four?  A child of six?  Or a child of nine?",fru
Ses02F_script03_2_F029, Shut up.,ang
Ses02F_script03_2_M030," We could get a good debate going about this, don't you think?  Intemperate tots.",ang
Ses02F_script03_2_F030," Not very funny, dear.  You'd better have some more brandy.",fru
Ses02F_script03_2_M031, All right.  I will.,xxx
Ses02F_script03_2_M032," You better turn that off, I think.",xxx
Ses02F_script03_2_F031, Why?,ang
Ses02F_script03_2_M033, Because it's late and it'll annoy the people upstairs.,fru
Ses02F_script03_2_F032, There aren't any people upstairs.  It's a photographer's studio.,fru
Ses02F_script03_2_M034, There are people downstairs I suppose?,fru
Ses02F_script03_2_F033, They're away in Tunis.,xxx
Ses02F_script03_2_M035, This is no time of the year for Tunis.,fru
Ses02F_script03_2_F034," Turn it on again, please.",ang
Ses02F_script03_2_M036, I'll do no such thing.,ang
Ses02F_script03_2_F035," Very well, if you insist on being boorish and idiotic.",ang
Ses02F_script03_2_M037, Turn it off.  It's driving me mad.,ang
Ses02F_script03_2_F036, You are far too temperamental.  Try to control yourself.,ang
Ses02F_script03_2_M038, Turn it off.,ang
Ses02F_script03_2_F037, Stop it.  Go away.  I hate you.,ang
Ses02F_script03_2_M039," Amanda, listen. listen",ang
Ses02F_script03_2_F038," Listen?  Listen, indeed.  I am sick and tired of listening to you, damn sadistic bully.",ang
Ses02F_script03_2_M040," Very amusing, indeed.",fru
Ses02F_script03_2_F039," I hate you.  Stop it.  Stop it.  I hate you, do you hear?  You're conceited and overbearing and utterly impossible.",ang
Ses02F_script03_2_M041," You're a vile, tempered, loose living, wicked little beast and I hope to never see you again as long as I live.",ang
Ses02F_script03_2_F040, This is the end.  Finally and forever.  Do you hear me?  The end.,ang
Ses02F_script03_2_M042, You're not going like this.,ang
Ses02F_script03_2_F041," Oh Yes, I am.",ang
Ses02F_script03_2_M043, You're not.,ang
Ses02F_script03_2_F042, I am.  Let go of me.  You're a cruel fiend and I hate and loathe you.,ang
Ses02F_script03_2_M044, Shut up. Shut up.,ang
Ses02F_script03_2_M045, I wouldn't-- I wouldn't marry--,ang
Ses02F_script03_2_M046, I wouldn't marry you if you came in crawling on your knees,ang
Ses02F_script03_2_F043, Thank God I realized what you are-- I'd never marry you again ever in my life. You're a cruel fiend and I hate you. You're a beast. You're a beast--I hate you. Stop it.  Stop it.,ang
Ses02F_script03_2_M047, You're a evil vampire and I hope to God I never see you again as long as I live.,ang
