Uid,Utterances,Labels
Ses02M_script02_1_M000, What time is it? They're supposed to run around midnight.,exc
Ses02M_script02_1_M001," God, this great, isn't it? Like look at the night we go here, it couldn't be better.",exc
Ses02M_script02_1_M002," I would have wanted to go a little further up the coast, get away from the lights and the people but I was afraid we'd miss it.",xxx
Ses02M_script02_1_M003, How you doing?,exc
Ses02M_script02_1_F000, Fine.,neu
Ses02M_script02_1_M004," Is that -- is that, no? Was that just foam? I can't even tell.",exc
Ses02M_script02_1_M005," Although, I guess you can't tell it probably isn't them. Probably be unmistakable don't you think?",exc
Ses02M_script02_1_M006, How you doing? You know what I forgot? I forgot to bring my flashlight. How - how could I forget to bring my flashlight? How could I be so stupid?,exc
Ses02M_script02_1_F001, What flashlight?,neu
Ses02M_script02_1_M007," You know the flashlight, the silver one, there is only one, isn't there?",fru
Ses02M_script02_1_F002, That's not your flashlight.,fru
Ses02M_script02_1_M008, Who's is it?,fru
Ses02M_script02_1_F003, It's ours; it's mine too.,fru
Ses02M_script02_1_M009," Oh well, sure, yes.",xxx
Ses02M_script02_1_F004, But you kept saying my flashlight as if somehow it's just yours. I mean how is it supposed to make me feel?,fru
Ses02M_script02_1_M010," No. No. Of course our flashlight yours and mine. Mi flashlight, es su flashlight, naturally.",xxx
Ses02M_script02_1_M011, How could we forget to bring it?  I hope the moon stays out.,xxx
Ses02M_script02_1_M012," I wonder do they always run during a full moon? I can't remember if it was full last year, do you remember?",xxx
Ses02M_script02_1_F005, Yea.,neu
Ses02M_script02_1_M013," You cold, you want my jacket? We should've - we should've brought our blanket, our blanket, how could we forget to bring the blanket?",exc
Ses02M_script02_1_M014," Oh, a six-pack, that's, should've brought a -- a six-pack be just the ticket right now. How could I forget,",exc
Ses02M_script02_1_M015," oh man. Like a kid, it's amazing I got out of the house with my fly zipped.",exc
Ses02M_script02_1_M016, You think they can hear us talk or feel the vibrations in the sand when we move around?,exc
Ses02M_script02_1_F006, I'm cold.,neu
Ses02M_script02_1_M017, What you want my jacket?,xxx
Ses02M_script02_1_F007, It's after eleven. Let's just go home.,fru
Ses02M_script02_1_M018," Are you kidding, we'd miss it. We, we just got here. What's the point in coming down here if we just turn around and go home?",fru
Ses02M_script02_1_F008, There is no point in coming down here.,fru
Ses02M_script02_1_M019, Right.,xxx
Ses02M_script02_1_F009, That's my point.,fru
Ses02M_script02_1_M020, That's my point too.,xxx
Ses02M_script02_1_F010, So let's go.,fru
Ses02M_script02_1_M021, No. No. That's not my point. The point is there is no point in coming down here if we just leave. Don't you want to see it?,xxx
Ses02M_script02_1_F011, Not particularly.,neu
Ses02M_script02_1_M022, Why not?,sur
Ses02M_script02_1_F012," I don't, it's just stupid.",fru
Ses02M_script02_1_M023," Honey, this is a natural phenomenon. I mean it only happens once a year.",exc
Ses02M_script02_1_M024," Think about the people in Kansas, they- they'd have to get a plane ticket and hotel reservations to see this. We live forty minutes away it's too good to pass up.",exc
Ses02M_script02_1_F013," Pass up what? These little fish swim onto the beach flop around and swim away, and then they die.",fru
Ses02M_script02_1_M025," Yea, but that moment on the beach is the highlight of their little lives. I mean all that flopping is laying eggs or what do you, mating or spotting or something like that.",exc
Ses02M_script02_1_M026," This is a big night for these guys, life's last orgy.",exc
Ses02M_script02_1_F014, What are you so excited about? I mean it's not a moon landing we're talking about here it's fish. It's a fish nobody even eats.,fru
Ses02M_script02_1_M027, Yes they do.,fru
Ses02M_script02_1_F015, Augie,fru
Ses02M_script02_1_M028," Okay. But it's fish that do something none of the other fish do. Like the swallows returning to Capistrano, or the Lemmings throwing themselves off the cliffs",exc
Ses02M_script02_1_M029," you know there is like, there is a certain mystery here, a magic, a bit of the unexplainable. I don't see how you cannot be interested.",exc
Ses02M_script02_1_F016, I'm just not.,sad
Ses02M_script02_1_M030, For real?,sur
Ses02M_script02_1_F017, Yes.,neu
Ses02M_script02_1_M031, I don't get it. The first time we came here you said it was the best night of your life.,xxx
Ses02M_script02_1_M032," And then last year I remember specifically you were so excited that you stubbed your toe on the way pushing me out of the house, and you didn't even notice until we got in the car.",fru
Ses02M_script02_1_F018," Last year you'll also remember our shoes got wet, I got sand in my panties, you got a sore throat, we got into a big fight over nothing, and we didn't see the Grunions.",ang
Ses02M_script02_1_M033, We weren't in a good spot.,xxx
Ses02M_script02_1_F019, We didn't see them the first time either.,fru
Ses02M_script02_1_M034, We just weren't in a good spot; this is a much better spot. I've got good instincts for these things.,fru
Ses02M_script02_1_M035," There is that, oh no that's just seaweed, isn't it?",exc
Ses02M_script02_1_M036," This is, this is great, isn't it? I wouldn't miss this for anything. Now listen to this, I know you're not interested but just listen.",exc
Ses02M_script02_1_M037," Out there somewhere there is this huge mass of silver fish headed this way,",exc
Ses02M_script02_1_M038," they don't why, we don't know why. They didn't take a vote or anything; they didn't get a map or an invitation.",exc
Ses02M_script02_1_M039," Just all as one. This little time sensitive firecracker, instinctual firecracker in their body just went off and all as one they turned and formed a line as long the California coast and started swimming. They're swimming right now as if that's the only thing that matters.",exc
Ses02M_script02_1_M040," It's single mindedness, with no mind, it's urgency that's pure urge, they don't know what drives them. They don't ask it a name or ask it a question,",exc
Ses02M_script02_1_M041," they just turn as one and start the swim and brings them right here to this spot where we stand, for a massive celebration of sex and death.",exc
Ses02M_script02_1_M042, Look at me; I'm giving myself goose bumps all my hairs are popping up.,exc
Ses02M_script02_1_F020, That's the wind.,neu
Ses02M_script02_1_M043," Well, so what do you think?",xxx
Ses02M_script02_1_F021, About what?,neu
Ses02M_script02_1_M044, What I was saying.,xxx
Ses02M_script02_1_F022, It's ridiculous.,fru
