Uid,Utterances,Labels
M, All right.,
Ses02F_impro08_F000," Hi, my name is Shiloh, welcome to--Airline Six.  Hi, how may I help you?",neu
Ses02F_impro08_M000," Yeah, hello.",fru
Ses02F_impro08_M001, Ok.  I've- I've just been talking to this machine for the past half hour and I can't-can't get anything done.  I've been trying to book this vacation this entire time.,fru
Ses02F_impro08_F001," All right, sir.",neu
Ses02F_impro08_M002," I know, I'm sorry.  It's-It's just that it's been a little frustrating because--",fru
Ses02F_impro08_F002, I completely understand.  Automated systems are very difficult sometimes.,neu
Ses02F_impro08_M003, Okay.,neu
Ses02F_impro08_F003," Um, how may I help you.  You're trying to book a specific flight?",neu
Ses02F_impro08_M004," Well, yeah, I mean I heard there was like these package deals and that maybe I could get a like a hotel or something like that. and-",fru
Ses02F_impro08_F004," Oh, yeah, absolutely.  You know, and especially because you've been waiting so long and I know that, um, you've been having a difficult time.",neu
Ses02F_impro08_F005," I want to definitely give you our special package today, which um is usually only for valued customers who have a record of having previous,",neu
Ses02F_impro08_F006," um lots of purchases, but we're gonna go ahead and give that to you anyway. uh,  Just to make sure that you're happy with your service here.",neu
Ses02F_impro08_M005, You- You can do that--You can do that now? I don't have to get like transferred through or anything like that.,neu
Ses02F_impro08_F007, Is that all right?,neu
Ses02F_impro08_F008," I can do that right now for you. No, absolutely.  I can take care of you all the way through to the end.",neu
Ses02F_impro08_F009, All I'm going to need is your credit card number but just give me one moment. So-,neu
Ses02F_impro08_M006, [BREATHING] that's good.,neu
Ses02F_impro08_F010," um, you're scheduling a flight as well--And you would like to, um, we have a highly discounted hotel rate that goes along with that so that everything is all in one deal.  You're taken care of by the time that you get there.",neu
F, Uh huh. Yeah.,
Ses02F_impro08_M007," All right.  I want to make sure it's like a nice hotel--I mean-mean I'm gonna be paying a lot of money for this so I don't wanna-I don't wanna, you know, I don't wanna to be a waste of time.",neu
Ses02F_impro08_F011, Absolutely. we we,neu
Ses02F_impro08_F012," Yes, I completely understand.  Actually, our-our airline only uses five star hotel and above.  Except we charge at a three star hotel rate because, as a corporation, we are able to get a deal from the hotels themselves.",neu
Ses02F_impro08_F013," So, you will absolutely be in a high rated great hotel and we can make sure that it's in a area of town that you like as well.",neu
Ses02F_impro08_M008, Okay. So--,neu
Ses02F_impro08_F014, Yeah.,neu
Ses02F_impro08_M009," Well, you know, we wanted to--we wanted to go to Maui and--That was a",neu
Ses02F_impro08_F015, Okay.,neu
Ses02F_impro08_M010," --you know, the kids wanna go to the beach and stuff and so--um",neu
Ses02F_impro08_F016, Great.  How many seats?,neu
Ses02F_impro08_M011," Well, it's gonna be four of them.",neu
Ses02F_impro08_F017, Okay.  Great.  Four seats.  I'll book you for four seats.,neu
Ses02F_impro08_M012, All right.  And can they like all get together?,neu
Ses02F_impro08_F018," Oh, yeah, absolutely.  Um- Would you like window seats or aisles?",neu
Ses02F_impro08_M013," Um- You know, window is nice. I guess",neu
Ses02F_impro08_F019," Okay, I can do um- a win- -two like a window and a aisle and a window and an aisle next to each other so that each of you can sit two by two. And switch around maybe?",neu
M, Okay.  Okay.,
Ses02F_impro08_M014," All right, Sure.  A yeah, that- that'd be good.",xxx
Ses02F_impro08_F020, Okay.  Great.  What time of the day would you like?,neu
Ses02F_impro08_M015," Uh, well, yeah, I think we were just--you know, whenever best available, I guess.  You know--",neu
Ses02F_impro08_F021, All right.  Great.  Well we have a very open flight that leaves at nine a.m. and fortunately uh the time change actually goes um backwards from that.,neu
Ses02F_impro08_F022," So, it's a five hour flight, but you'll arrive only at eleven a clock in the morning.  So that day, you can have plenty of time to get to your hotel--Rest up and then still have a nice afternoon your first afternoon in Maui.",neu
M, Okay.,
Ses02F_impro08_M016," And, like, there's there's shuttles or something that I can get to the hotel.",neu
Ses02F_impro08_F023, Absolutely.  That actually goes in on the same package with our hotel.  You just give me your address.  We'll come and pick up a time that allows you to get to your flight with plenty of time to spare.,neu
Ses02F_impro08_F024, And a there will also be a shuttle waiting for you to take you to the appropriate hotel.,neu
Ses02F_impro08_M017," Okay.  Wow.  Sounds good then, I guess.  Thank you very much. It's a lot better than talking to a machine.",xxx
Ses02F_impro08_F025, Yeah--I completely understand.  It's a difficult process sometimes and we want to make traveling as easy as possible.,neu
Ses02F_impro08_M018, All right.  So we're confirmed then or do you--All right.,neu
Ses02F_impro08_F026, Absolutely. Thank you so much for calling and we hope that you will come to us again.,neu
Ses02F_impro08_M019, Okay.,neu
Ses02F_impro08_F027, Thank you.,neu
