Uid,Utterances,Labels
Ses02F_script01_3_F000, You're the only one I know who loves his parents.,xxx
Ses02F_script01_3_M000," I know, it went out of style, didn't it?",xxx
Ses02F_script01_3_F001, It's all right.  It's a good thing.,xxx
Ses02F_script01_3_F002," You know, it's lovely here, the air is sweet.",xxx
Ses02F_script01_3_M001, You're not sorry you came?,neu
Ses02F_script01_3_F003," No, not sorry.  Um, but, I'm- I'm not gonna stay.",xxx
Ses02F_script01_3_M002, Why?,xxx
Ses02F_script01_3_F004," Well, for one thing, your mother as much as told me to go.",xxx
Ses02F_script01_3_M003, Oh.,xxx
Ses02F_script01_3_F005," You saw that.  I mean and then, well, you've been kind of, um--",xxx
Ses02F_script01_3_M004, What?,xxx
Ses02F_script01_3_F006," Well, kind of embarrassed ever since I got here.",xxx
Ses02F_script01_3_M005," The trouble is, I planned on sort of sneaking up on you over a period of a week or so.  But, they take it for granted that we're all set.",xxx
Ses02F_script01_3_F007," I knew they would, your mother anyway.",xxx
M, How'd you know?,
Ses02F_script01_3_F008," Well,",xxx
Ses02F_script01_3_F009," from her point of view, why else would I come?",sad
Ses02F_script01_3_M006," Oh.  Would you want to?  I guess you know, this is why I asked you to come.",xxx
Ses02F_script01_3_F010, I--I guess this is why I came.,xxx
Ses02F_script01_3_M007," Anne, I love you.  I love you a great deal.  I love you.",xxx
Ses02F_script01_3_M008, I have no imagination.  That's all I know to tell you.,xxx
Ses02F_script01_3_M009, I'm embarrassing you and I didn't want to tell it to you here.  I wanted some place we'd never been before.  A place where we'd be brand new to each other.,xxx
Ses02F_script01_3_M010," You feel it's wrong here, don't you?  This yard, this chair.  I want you to be ready for me.  I don't want to have to win you away from anything.",exc
Ses02F_script01_3_F011," Oh, Chris, I've been ready for a long, long time.",xxx
Ses02F_script01_3_M011, And he's gone forever.  You're sure?,xxx
Ses02F_script01_3_F012, I almost got married two years ago.,hap
Ses02F_script01_3_M012, Why didn't you?,xxx
Ses02F_script01_3_F013, You started to write me and--,hap
Ses02F_script01_3_M013, You felt something that far back?,xxx
Ses02F_script01_3_F014, Every day since.,hap
Ses02F_script01_3_M014," Anne, why didn't you let me know?",xxx
Ses02F_script01_3_F015," Well, I was waiting for you.  I mean, till then you never wrote and when you did, I mean, what did you say?  You can sure be ambiguous sometimes.",xxx
Ses02F_script01_3_M015," Give me a kiss, Anne.  Give me a-",xxx
Ses02F_script01_3_M016," oh God, I kissed you.  I kissed Annie.  How long--how long I've been waiting to kiss you.",xxx
Ses02F_script01_3_F016, I will never forgive you.  Why did you wait all these years?  All I did was sit and wonder if I was crazy for thinking of you.,hap
Ses02F_script01_3_M017," Oh, Annie, we're gonna live now.  I'm gonna make you so happy.",xxx
Ses02F_script01_3_F017, Not like that you're not.,xxx
Ses02F_script01_3_M018, I kissed you.,xxx
Ses02F_script01_3_F018," Like Larry's brother.  Do it like you, Chris.  What is it?",xxx
Ses02F_script01_3_M019, Let's drive someplace.  I want to be alone with you.,xxx
Ses02F_script01_3_F019," No.  What is it, your mother?",xxx
Ses02F_script01_3_M020, No.  Nothing like that.,sad
Ses02F_script01_3_F020," Then, what's wrong?  I mean, even in your letters there was some--something ashamed.",sad
Ses02F_script01_3_M021," Yeah, I suppose I have been.  But it's going from me.",sad
Ses02F_script01_3_F021, You've gotta tell me.,sad
Ses02F_script01_3_M022, I don't know how to start.,sad
Ses02F_script01_3_F022, It wouldn't work this way.,sad
Ses02F_script01_3_M023," It's all mixed up with so many other things.  You remember overseas, I was in command of a company?",sad
Ses02F_script01_3_F023," Yeah, sure.",sad
Ses02F_script01_3_M024," Well, I lost them.",sad
Ses02F_script01_3_F024, How many?,sad
Ses02F_script01_3_M025, Just about all.,sad
Ses02F_script01_3_F025," Oh, gee.",sad
Ses02F_script01_3_M026, It takes some time for a guy to toss that off.  'Cause they weren't just men.,sad
Ses02F_script01_3_M027," For instance, one time, it had been raining several days and this kid came to me and gave me his last pair of dry socks.  I put them in pocket.  It's only a little thing, but that's the kind of guys I had.",sad
Ses02F_script01_3_M028," They didn't die, they killed themselves for each other.  I mean that exactly.  A little more selfish and they'd have been here today.",sad
Ses02F_script01_3_M029," I got this idea watching them go down.  Everything was being destroyed, see, but it seemed that there was one new thing being made.  A sort of responsibility.  Man for man.",sad
Ses02F_script01_3_M030," You know what I mean?  To show that, to bring that onto the Earth again, like some kind of monument and everyone would feel it standing behind him and it would make a difference to him.",sad
Ses02F_script01_3_M031, Then I came back and it was incredible.  There was no meaning in it here.  The whole thing to them seemed like sort of a bus accident.  I went to work with Dad and that rat race again.,sad
Ses02F_script01_3_M032," And I felt what you said, ashamed somehow 'cause nobody was changed at all.  It seemed to make suckers out of a lot of guys.  I felt wrong to be alive to open the new bank book, drive the new car, see the new refrigerator.",sad
Ses02F_script01_3_M033," I mean, you can take those things out of a war, but when you drive that car, you've gotta know that it came out of the love a man can have for a man.  You've gotta be a little better because of it.",sad
Ses02F_script01_3_M034, Because otherwise all you have is really loot and there's blood on it.  And I didn't want to take any of it.  And I guess that included you.,sad
Ses02F_script01_3_F026, You still feel that way?,sad
Ses02F_script01_3_M035, I want you now Annie.,xxx
Ses02F_script01_3_F027," 'Cause you mustn't feel that way.  Because you have a right to everything that you have.  Do you understand that?  Everything, Chris, and me too.",xxx
Ses02F_script01_3_F028," I mean, and your money, there's nothing wrong with your money.  I mean, your father put hundreds of planes in the air.  A man should be paid for that.",xxx
Ses02F_script01_3_M036," I know Annie.  Annie, I'm gonna make a fortune for you.",xxx
Ses02F_script01_3_F029, What'll I do with a fortune?,hap
