Uid,Utterances,Labels
Ses02M_impro06_F000, What's going on?,xxx
Ses02M_impro06_M000, Kathy died last night.,sad
Ses02M_impro06_F001," Oh my God. Oh my God, I'm so sorry.",sur
Ses02M_impro06_M001," yeah, I mean, you know, it was a -",sad
Ses02M_impro06_M002," I guess we saw it coming and she lasted a lot - a lot longer than, uh, they expected but you know, I mean when it actually happens it's just a lot harder.",sad
Ses02M_impro06_F002," It doesn't make any easier, yes.",sad
Ses02M_impro06_M003," I mean at least she was home, she wasn't in the hospital anymore,",sad
Ses02M_impro06_F003," Oh, man. I'm so sorry.",sad
Ses02M_impro06_M004," She was with- yeah  She was with Gary, and he said that she was just sitting there and went to sleep, closed her eyes, and that was it.",sad
Ses02M_impro06_F004," It's going to be so rough, I'm sorry.",sad
Ses02M_impro06_M005," Yes. I mean, it's not as rough on me as it is on him but",sad
Ses02M_impro06_M006," God, it's you know, we've spent so much time with them it's just really surreal, really weird that we're not going to be able to see her anymore and go",sad
Ses02M_impro06_F005, Yeah.,sad
Ses02M_impro06_M007," out to- out to dinner you know and do the troops to California, I mean.",sad
Ses02M_impro06_F006, Totally.,sad
Ses02M_impro06_M008," It's just that- I don't know, it's sort it's sort- of a weird thing you know",sad
Ses02M_impro06_F007, Yeah,sad
Ses02M_impro06_M009," not being able to see anyone again, who knows where they really went, you know. I mean, I guess we can just hope that wherever they are now if it's anywhere that it's better I mean.",sad
Ses02M_impro06_F008," Yes. Well, at least you have a lot of good memories.",sad
Ses02M_impro06_M010, She was [garbage],sad
Ses02M_impro06_F009," She really cared about you, you know.",sad
Ses02M_impro06_M011," Yes, I mean she cared about all of us. She was great",sad
Ses02M_impro06_M012, so loving everybody you know.,sad
Ses02M_impro06_F010, And she was,sad
Ses02M_impro06_M013," Gosh, I just hate I just hate to see her go.",sad
Ses02M_impro06_F011, Yeah.,sad
Ses02M_impro06_M014, We were all going take a trip to Europe you know.,sad
Ses02M_impro06_F012, Even if you still do she'll- she'll be there.,sad
Ses02M_impro06_M015, Yes.  [BREATHING] God.,sad
Ses02M_impro06_F013, Are you going to be okay?,sad
Ses02M_impro06_M016," I just -- I just don't get it, like there is just nothing you can do about it you know, it's like just out of your control and it",sad
Ses02M_impro06_M017," just makes it that much harder to deal 'cause as much as you want to, you know, make her better, see her not in any pain, it's like, just I don't know, just has a mind of its own.",sad
Ses02M_impro06_M018, Then she's gone.,sad
Ses02M_impro06_F014," It's going to be okay, I promise.",sad
Ses02M_impro06_M019," Well, you know I appreciate you coming over and talking to me, I mean it definitely helps",sad
Ses02M_impro06_F015, Sure,sad
Ses02M_impro06_M020, to talk to somebody but,sad
Ses02M_impro06_F016, you shouldn't be alone,sad
Ses02M_impro06_M021," It's just going to take a while, I think.",sad
Ses02M_impro06_F017, Yes.,sad
Ses02M_impro06_M022, Ah.,sad
Ses02M_impro06_M023, Thank you.,sad
Ses02M_impro06_F018, Yes.,sad
