Uid,Utterances,Labels
Ses02F_impro05_F000," Hi, um, excuse me, I believe that the airline lost my baggage.",neu
Ses02F_impro05_M000," Um, okay, it didn't--didn't come out on the carrousel--",neu
Ses02F_impro05_F001," No, it didn't. um It didn't come out and I don't see it anywhere around here, so what can you do about that?",neu
Ses02F_impro05_M001," Okay.  Um, well, unfortunately yeah there was a some- some problems with the--",neu
Ses02F_impro05_F002, Some problems?  What is that supposed to mean?,sur
Ses02F_impro05_M002," Uh, well some-some of the bags were--were lost on the way over here. uh-",neu
Ses02F_impro05_F003, How do you lose a suitcase?  A huge suitcase?,sur
Ses02F_impro05_M003," You know, I mean, there's a lot of things that go on under the plane and sometimes, you know, that kind of things happen.",neu
Ses02F_impro05_M004," Uh, But, we are willing to reimburse you for the bag and and for the contents--",neu
Ses02F_impro05_F004, How much?,neu
Ses02F_impro05_M005," Um, we'd be willing to give you uh fifty dollars for--",neu
Ses02F_impro05_F005," Fifty dollars?  For my suitcase?  I mean, the suitcase itself was like a hundred and fifty dollar just for the suitcase, but all the things inside, all my clothes, all my personal belongings, the sentimental value, not to mention, which is more-more than all of that together.",sur
Ses02F_impro05_M006," Right.  Uh We realize, you know, that that it's a bad situation, but I'm sorry, there's nothing that we can really do.",neu
Ses02F_impro05_F006," That's all, that's all, that's all you're going to do is just give me fifty dollars and say go have fun on your vacation without any of your stuff?",ang
Ses02F_impro05_M007," I think, um, maybe you can file a claim if you want and turn it in to our main office--",neu
Ses02F_impro05_F007," Yes, yes, I would like to file a claim, but what are you gonna--I mean, is it just gonna show up magically out of nowhere?",fru
Ses02F_impro05_M008," Right.  No.  I mean they- they might--they might--if you-if you are argue the case more, maybe they'll reimburse you more, but, right now--",neu
Ses02F_impro05_F008," I need my stuff.  It's--I need my stuff.  I mean, uh...",xxx
Ses02F_impro05_F009, Haven't you ever lost baggage?  I mean isn't there anything else you do?,xxx
Ses02F_impro05_M009," Yes, I know. I know-. It's It's frustrating.  Unfortunately though-- um",neu
Ses02F_impro05_F010," Because you don't seem to care very much, you know.",ang
Ses02F_impro05_M010," By checking your bags, you--you, you know- admit to the liability that's- that's at risk--",neu
Ses02F_impro05_F011, I didn't sign anything.,fru
Ses02F_impro05_M011," Right, well, by checking in your bags, you agreed to, you know, at the will of the--",neu
Ses02F_impro05_F012," I didn't agree.  [GARBAGE] I paid the airline to take care of things for me.  When you pay for something, there should be some sort of guarantee that it's gonna come through.",xxx
Ses02F_impro05_M012," You paid for the flight and then your bags were checked at--it's a service that the airline provides for us.  So so, really, it's really the risk was taken and, I'm sorry, but there's really nothing else we can do.  So do you want--do you want the reimbursement?",neu
Ses02F_impro05_F013," [BREATHING] Well, sure, yeah, I guess I'll go buy dinner and then be--have nothing for the rest of my entire vacation.  I'm supposed to be here for three weeks.  What am I gonna do without anything for three weeks?",fru
Ses02F_impro05_M013," Well, there are-there are some shops here in- in the airport--",neu
Ses02F_impro05_F014, But fifty dollars isn't going to get me anything.,fru
Ses02F_impro05_M014," No, um, like I said you can file a claim and, uh, maybe get reimbursed for more-- you",neu
Ses02F_impro05_F015, Isn't there anything else you can do?,fru
Ses02F_impro05_M015, probably even talk to--,neu
Ses02F_impro05_F016," I mean, is there somebody you can call?  Or the guy that put the stuff on the--on the plane.  I mean, are they--they must be really irresponsible to have just disappeared my baggage.  I mean, did it get stolen?",fru
Ses02F_impro05_M016," Right, that--that gets taken care of-- That gets taken care of.  We get we do, you know, we investigate those and just make sure that um- they're not doing their own thing with them so--uh",neu
F, He needs to look into that--,
Ses02F_impro05_F017," Yeah, I'm sure you -- You're like, hmm, do you take baggage?  No.  Oh, okay, thanks.  Great.  I mean how--",fru
Ses02F_impro05_M017, but Unfortunately sometimes is--,neu
Ses02F_impro05_M018," Well, that's--that's what I'm saying--",neu
Ses02F_impro05_F018, There needs to be better security here.,fru
Ses02F_impro05_M019," Okay.  Well that that could be something that you put on on the claim--on on the complaint form if you want.  And provide us with your information while you're here and then, maybe, if it turns up, then we'll send it right over.",neu
Ses02F_impro05_F019, It sounds like it's such a little like oh well no big deal whatever.  It's a big deal to me.,ang
Ses02F_impro05_M020," All right, Miss, I-I know.  I realize this. But Like I said, there are several people that are in your same situation, so, um, it's not--it's not totally uncommon and I'm actually gonna have to ask you to move so I can help the next person.",neu
Ses02F_impro05_F020," Well, can I at least have my fifty dollars, please?",fru
Ses02F_impro05_M021," Yes, all right.  There you go, now you can file a claim over to the left--And they'll help you out.",neu
Ses02F_impro05_F021, Thank you.,xxx
Ses02F_impro05_F022, Thank you very much.,fru
