Uid,Utterances,Labels
Ses02F_script01_2_F000, Why did he invite her here?,xxx
Ses02F_script01_2_M000, Why does that bother you?,xxx
Ses02F_script01_2_F001, She's been in New York for three and half years.  Why all of a sudden?,xxx
Ses02F_script01_2_M001," Well, maybe he just wanted to see her again.",neu
Ses02F_script01_2_F002, Nobody comes seven hundred miles just to see.,xxx
Ses02F_script01_2_M002, What do you mean?  He lived next door to the girl all his life.  Why wouldn't he want to see her again?,neu
Ses02F_script01_2_M003, Don't look at me like that.  He didn't tell me anymore than he told you.,xxx
Ses02F_script01_2_F003, She's not-,xxx
Ses02F_script01_2_M004, How do you know he's even thinking of it?,neu
Ses02F_script01_2_F004, -he's not gonna marry her.,oth
Ses02F_script01_2_F005, It's got that all about it.,ang
Ses02F_script01_2_M005," Well, so what?",neu
Ses02F_script01_2_F006," What's going on here, Joe?",xxx
Ses02F_script01_2_M006," Now, listen Kate.",neu
Ses02F_script01_2_F007," She's not his girl, Joe.  She knows she's not.",xxx
Ses02F_script01_2_M007, You can't read her mind.,neu
Ses02F_script01_2_F008," Well then why is she still single?  I mean, New York is full of men.  Why isn't she married?  Probably a hundred people told her she's crazy, but she's waited.",fru
Ses02F_script01_2_M008, How do you know why she's waited?,neu
Ses02F_script01_2_F009," She knows what I know, that's why.  She's faithful as a rock.  In my worst moments I think of her waiting and I know again that I'm right.",fru
Ses02F_script01_2_M009," Look, it's a nice day.  What are we arguing for?",fru
Ses02F_script01_2_F010," Nobody in this house dares take her faith away, Joe?  Strangers might, but not his father, not his brother.",xxx
Ses02F_script01_2_M010," Well, what do you want me to do about it?",fru
Ses02F_script01_2_F011, I want you to act like he's coming back.  Both of you.  Don't you think I haven't noticed since she got here.  I won't stand for any nonsense.,fru
Ses02F_script01_2_M011, But Kate--,fru
Ses02F_script01_2_F012," Because if he's not coming back, I'll kill myself.  I mean, laugh--laugh at me, but...",ang
Ses02F_script01_2_F013, But why did that happen the very night she came here?  She sleeps in his room and his memorial breaks to pieces.  Just look.  Look at it.,ang
Ses02F_script01_2_M012, Calm yourself.,fru
Ses02F_script01_2_F014," Believe with me, Joe.  I can't stand all alone.",fru
Ses02F_script01_2_M013, Calm yourself.,fru
Ses02F_script01_2_F015," Last week, a man turned up in Detroit missing longer than Larry.  I mean, you read it yourself.",fru
Ses02F_script01_2_M014, All right.  All right.  Calm yourself.,fru
Ses02F_script01_2_F016," You, above all, have to believe.",fru
Ses02F_script01_2_M015, What?- Why- Why me above all?,xxx
Ses02F_script01_2_F017, Just--just don't stop believing.,fru
Ses02F_script01_2_M016, What does that mean?  Me above all?,ang
Ses02F_script01_2_M017, Look at you.  Look at you shaking.,ang
Ses02F_script01_2_F018, I can't help it.,fru
Ses02F_script01_2_M018, What have I got to hide?  What the hell is the matter with you Kate?,ang
