Uid,Utterances,Labels
Ses02M_script01_1_F000," What's he going to say, maybe we ought to tell him before he sees it.",xxx
Ses02M_script01_1_M000, He saw it.,xxx
Ses02M_script01_1_F001, How could he see it? I was the first one up he was still in bed.,xxx
Ses02M_script01_1_M001, He was out here when it broke.,xxx
Ses02M_script01_1_F002, When?,xxx
Ses02M_script01_1_M002, About four this morning. I heard it cracking and I woke up and looked out. He was standing right here when it cracked.,xxx
Ses02M_script01_1_F003, What was he doing out here at four in the morning?,xxx
Ses02M_script01_1_M003, I don't know. When it cracked he ran into the house and cried in the kitchen.,sad
Ses02M_script01_1_F004, So you talked to him?,xxx
Ses02M_script01_1_M004, No. I figured it was best to leave him alone.,sad
Ses02M_script01_1_F005, He cried hard?,xxx
Ses02M_script01_1_M005, I could hear him right through the floor in my room.,sad
Ses02M_script01_1_F006," What was he doing out here at that hour? He's dreaming about him again, he's walking around at night.",xxx
Ses02M_script01_1_M006, I guess he is.,xxx
Ses02M_script01_1_F007, He's getting just like after he died. What is the meaning of that?,xxx
Ses02M_script01_1_M007," I don't know the meaning of it, but I know one thing mom, we've made a terrible mistake with dad.",xxx
Ses02M_script01_1_F008, What?,xxx
Ses02M_script01_1_M008, Being dishonest with him. I mean that sort of thing always pays off and now it's paying off.,xxx
Ses02M_script01_1_F009, What do you mean dishonest?,xxx
Ses02M_script01_1_M009, You know that Larry is not coming back and I know it. Why do we allow him to go on thinking that we believe with him?,fru
Ses02M_script01_1_F010," What do you want to do, argue with him?",fru
Ses02M_script01_1_M010," No I don't want to argue with him, but it's about time he realized that nobody believes Larry is alive anymore.",fru
Ses02M_script01_1_M011," Why -- why shouldn't he dream of him? Walk around, waiting for him at night I mean do we contradict him, do we say straight out that we don't have any hope anymore that we haven't had hope for years now?",fru
Ses02M_script01_1_F011, You can't say that to him.,fru
Ses02M_script01_1_M012, We've got to say it to him.,ang
Ses02M_script01_1_F012," Can you prove it, how can you prove it?",fru
Ses02M_script01_1_M013," For God sakes it's been three years, nobody comes back after three years, that's insane.",ang
Ses02M_script01_1_F013, To you it is and to me. You can talk yourself blue in the face but there is no body and no grave so where are you?,fru
Ses02M_script01_1_M014, Sit down mom; I want to talk to you.,xxx
Ses02M_script01_1_F014," The trouble is the god damned newspapers, every month or so a boy turns up out of nowhere, so the next one is going to be Larry.",xxx
Ses02M_script01_1_M015, All right. All right. Listen to me.,fru
Ses02M_script01_1_M016, You know why I brought Annie here don't you?,neu
F, Why?,
Ses02M_script01_1_M017, You know.,neu
Ses02M_script01_1_F015, I got an idea but what's the story?,neu
Ses02M_script01_1_M018, I'm going to ask her to marry me.,neu
Ses02M_script01_1_F016," Well that's only your business, Chris.",xxx
Ses02M_script01_1_M019, No it's not only my business.,fru
Ses02M_script01_1_F017, What do you want me to do; you're old enough to know your own mind.,fru
Ses02M_script01_1_M020, So it's all right then I'll go ahead with it?,fru
Ses02M_script01_1_F018," Well, you want to make sure that your father isn't-",neu
Ses02M_script01_1_M021, See it isn't just my business-,ang
Ses02M_script01_1_F019, I'm just saying,fru
Ses02M_script01_1_M022, Sometimes you infuriate me you know that. Isn't it your business to if I tell dad and he throws a fit about it? You have such a talent for ignoring things.,xxx
Ses02M_script01_1_F020, I ignore what I got to ignore. The girl is Larry's girl.,xxx
Ses02M_script01_1_M023, She's not Larry's girl.,fru
Ses02M_script01_1_F021, From father's point of you he isn't dead and you have no right to take his girl.,neu
Ses02M_script01_1_F022," You can go on from there if you know where to go but I don't know where to go, see I don't know. So what can I do for you?",fru
Ses02M_script01_1_M024," I don't know why but every time I reach out for something that I really want, I have to pull back 'cause someone else will suffer. My whole bloody life, time after time after time.",ang
Ses02M_script01_1_F023, You're a considerate fellow.  There's nothing wrong with that.,neu
Ses02M_script01_1_M025, To hell with that.,ang
Ses02M_script01_1_F024, Have you asked Annie yet?,fru
Ses02M_script01_1_M026, I wanted to get this settled first.,neu
Ses02M_script01_1_F025, How do you know she'll marry you? Maybe she feels the same way your father does.,neu
Ses02M_script01_1_M027," Well, if she does then that's the end of it. From her letters I think she's forgotten him.",neu
Ses02M_script01_1_M028," I don't know, I'll find out. Then we'll trash it out with dad, right? Mom, don't avoid me.",sad
Ses02M_script01_1_F026," Trouble is you don't see enough women, you never did.",ang
Ses02M_script01_1_M029, So what I'm not fast with women.,fru
Ses02M_script01_1_F027, I just don't see why it has to be Annie.,ang
Ses02M_script01_1_M030, Because it is.,fru
Ses02M_script01_1_F028, That's a good answer but it doesn't answer anything. I mean you haven't seen her since you went away to war it's five years.,fru
Ses02M_script01_1_M031," I can't help it I know her best. I mean lived next door to her my whole life. These years when I think of a wife, I think of Annie.",fru
Ses02M_script01_1_M032," What do you want, a diagram?",xxx
Ses02M_script01_1_F029," I don't want a diagram. He thinks he's coming back. Chris, you marry this girl you're pronouncing him dead.",fru
Ses02M_script01_1_F030," Do you know what's going to happen to your father because I don't, see?",fru
Ses02M_script01_1_M033, All right. All right. Mom.,xxx
Ses02M_script01_1_F031, Just give it some more thought.,xxx
Ses02M_script01_1_M034," I've given it three years of thought. I thought that if I waited, dad would forget about Larry and we could have a regular wedding and everything happy.",xxx
Ses02M_script01_1_M035," If I can't do that here well, then I'll have to get out.",sad
Ses02M_script01_1_F032, What the hell is this?,ang
Ses02M_script01_1_M036," I'll get out. I'll get married and go live some place else, maybe New York.",sad
Ses02M_script01_1_F033," What the hell is this, are you crazy?",ang
Ses02M_script01_1_M037," I've been a good son too long a good sucker, I'm through with it.",ang
Ses02M_script01_1_F034, What about the business? What is this?,ang
Ses02M_script01_1_M038, The business?  The business doesn't inspire me.,ang
Ses02M_script01_1_F035, Must you be inspired?,ang
Ses02M_script01_1_M039," Yes, I like it and hour a day. If I'm going to grub for money all day long, at least in the evening I want it beautiful.",ang
Ses02M_script01_1_M040, I want a family; I want kids; I want something I can give myself to. Annie is in the middle of that. Now where do I find it?,xxx
Ses02M_script01_1_F036," Tell me, you'd leave the business?",ang
Ses02M_script01_1_M041," Yes, on this I would.",sad
Ses02M_script01_1_F037," Well, you don't want to think like that.",ang
Ses02M_script01_1_M042, Then help me stay here.,fru
Ses02M_script01_1_F038," All right. But you don't want to be thinking like that 'cause otherwise what did we work for, I mean the whole thing is for you, Chris, the whole shooting match is for you.",xxx
Ses02M_script01_1_M043, I know I know mom. All right. Just help me stay here.,fru
Ses02M_script01_1_F039, Just don't go thinking that way.,fru
Ses02M_script01_1_M044," Well, I am thinking that way.",fru
Ses02M_script01_1_F040," I don't understand you, do I?",fru
Ses02M_script01_1_M045," No, you don't. I'm a pretty tough guy.",xxx
Ses02M_script01_1_F041," Yea, I can see that.",sad
