Uid,Utterances,Labels
Ses02F_impro03_F000," Oh my God.  Guess what, guess what, guess what, guess what, guess what, guess what?",exc
Ses02F_impro03_M000, What?,xxx
Ses02F_impro03_F001," Well, guess.  Guess, guess, guess, guess.",exc
Ses02F_impro03_M001," Um, you--",neu
Ses02F_impro03_F002, Don't look at my left hand.,xxx
Ses02F_impro03_M002, No.  Let me see.,sur
F, [LAUGHTER],
Ses02F_impro03_M003," Oh, no way.",xxx
Ses02F_impro03_F003," He proposed.  He proposed.  Well, and I said yes, of course. [LAUGHTER]",xxx
Ses02F_impro03_M004, That is great.  You look radiant.  I should've guess.,hap
Ses02F_impro03_F004, I'm so excited.,exc
Ses02F_impro03_M005," Well, Tell me about him.  What happened.",exc
Ses02F_impro03_F005," Remember how we had that date?  And I was like, oh yeah, this is a date, whatever.",xxx
M, Uh huh. Yeah.,
Ses02F_impro03_F006," So after we sort of went out dinner and I was already like tired.  I wasn't all that excited and and so he's like let's go down to the beach and I was like no I don't want to the beach, like I'm tired. And he's like no, no we have to go.  And I was like okay, like that's a little weird.",xxx
M," Oh, the beach.",
Ses02F_impro03_F007," So, he--so we walked down to the pier and there's like these lights--like these little, like lights-- and we're like what's that? And he's like I don't know let's go find out.",xxx
M, Lights?,
Ses02F_impro03_F008, So we walked down there and there's-[LAUGHTER]-And there's- this huge like ten foot heart in candles on the beach--,xxx
M, To the--,
Ses02F_impro03_M006, What?,sur
Ses02F_impro03_F009," like all they have And I was like, what's going on?  And he like takes my hand and pulls me into the middle and he's like--you know, get's on his knee and everything--And says will you marry me? And I flipped out.",exc
M, Wow. No.,
M, No way.,
Ses02F_impro03_M007, That--that is the most romantic thing I have ever heard.,sur
Ses02F_impro03_F010," I know.  I was like, how did he get--like he must have called someone or had them set--like, I have no idea.",xxx
Ses02F_impro03_M008," Wow.  Yeah, 'cause yeah I don't know I'm sure if he--oh yeah he definitely had--would have had to have someone else--",xxx
Ses02F_impro03_F011, 'Cause- 'Cause he was with me. You didn't do it did you?,exc
Ses02F_impro03_M009," Yeah.  I mean candles wouldn't stay--No, I didn't--I didn't know anything about it.",hap
Ses02F_impro03_F012, You didn't know anything?,exc
Ses02F_impro03_M010, No. I'm just as happy as you are.  This is--,hap
F," Oh, my God.",
Ses02F_impro03_F013," I was just--it was so like I thought this might happen eventually, but like not yet, you know what I mean?  Like--",exc
Ses02F_impro03_M011," So, I mean--it's good though.",hap
Ses02F_impro03_F014," It is good.  It's totally good.  I mean, it like oh, you know.",exc
F, It makes me all jittery inside.,
Ses02F_impro03_M012," Yeah, I know.  Wow.  I'm shaking.  I can't even--",exc
Ses02F_impro03_F015, I know. So we're gonna take it--Like we're not gonna get married right away--'Cause we want to like have plenty of time to plan everything out,hap
M, Okay. Okay. Yeah.,
Ses02F_impro03_F016," ...and, um, my parents want to like be part of it and help out and everything--So we want to give it lots of time to like--",hap
Ses02F_impro03_M013," Oh. Do they--do they know yet? Have you told them? Oh, that's--",neu
Ses02F_impro03_F017," Yeah, yeah, I called them. I called them And, of course, they were so excited 'cause they love him. Like they always have.  Um--",hap
Ses02F_impro03_M014, That's great.  Yeah.,neu
Ses02F_impro03_F018," So, yeah, I mean, it'll be good.  We wanna like, uh, I think we're gonna have it in spring time, like early Spring--So it's no too hot yet.  And um--",hap
Ses02F_impro03_M015, Okay. You know--you know where?  Or--,neu
Ses02F_impro03_F019," I don't know.  I mean, I kinda like the idea of having something outside, but--Like--is a- Yeah,",hap
Ses02F_impro03_M016," Uh, huh. I mean, you know, it's spring--It'll be--",neu
Ses02F_impro03_F020," But It's sort of hard 'cause the weather is so unpredictable and then if it's like cold that day.  Or if it's too hot, you know, it's like--but um--",xxx
Ses02F_impro03_M017, Spring's nice though.,neu
Ses02F_impro03_F021," Yeah, I don't know-[LAUGHTER]-I mean--I can't even--the whole idea of like living--spending my whole life with somebody--that's crazy",exc
M," Wow, that'll--",
Ses02F_impro03_M018," Yeah, that is--how long you guys been together now?",neu
Ses02F_impro03_F022, Two and a half years. [LAUGHTER],xxx
Ses02F_impro03_M019, Okay.  All right.  So-[LAUGHTER]-quite a while.  I mean--That's-  That's good.  I'm so happy for you. [LAUGHTER],hap
F," Still, still, I mean, yeah.",
Ses02F_impro03_F023, Thank you. Thank you so much.,hap
Ses02F_impro03_M020," Yeah, I'd love to be in that same situation some day, but, wow- so-",hap
F, Thank you.,
Ses02F_impro03_F024," Oh, you will--You'll find just the right girl.  And she'll be perfect for you and everything will be great.",exc
M," It seems like--Oh, I don't know--You guys--",
Ses02F_impro03_M021, You guys are awesome together.  It's definitely a--definitely a good couple.  I can see it. I should've guessed--,xxx
F, Thanks.,
Ses02F_impro03_F025, You approve?  You approve?,xxx
Ses02F_impro03_M022," Oh, I approve. I-[LAUGHTER]-I more than approve.",hap
Ses02F_impro03_M023," I mean, I'm surprised he didn't, ya know--go get a plane to fly over and shine--But candles on the beach, that's okay too I guess--",hap
F," Oh, ya I know.  He's so extravagant--",
Ses02F_impro03_F026," Yeah, it's pretty good.",hap
Ses02F_impro03_M024," Well--can--I mean, let me know--I want- I want invitations and--",exc
Ses02F_impro03_F027," Of course, of course--you'll be able to be a part of it.  You can come help me pick my colors.",hap
Ses02F_impro03_M025," Oh, yes.  This is the whole [GARBAGE]",exc
Ses02F_impro03_F028," It's so girly.  I don't even know how to like--It's so weird, but it'll be fun.  My mom will love to be like--she'll get so into it, I'm sure.",exc
Ses02F_impro03_F029, She'll be like--flowers and the--,hap
Ses02F_impro03_M026," It'll be good.  Wow, that's great.",hap
Ses02F_impro03_F030," Oh, thank you. [LAUGHTER]",hap
