Uid,Utterances,Labels
Ses02M_script01_2_F000, Why did he invite her here?,ang
Ses02M_script01_2_M000, Why does that bother you?,xxx
Ses02M_script01_2_F001, She's been in New York three and half years why all of a sudden-,ang
Ses02M_script01_2_M001," Well, maybe he just wanted to see her again.",neu
Ses02M_script01_2_F002, Nobody comes seven hundred miles just to see.,ang
Ses02M_script01_2_M002," What do you mean? He lived next door to the girl all his life, why wouldn't he want to see her again?",fru
Ses02M_script01_2_M003," Don't look at me like that, he didn't tell me any more than he told you.",fru
Ses02M_script01_2_F003, He's not going to marry her.,ang
Ses02M_script01_2_M004, How do you know he's even thinking of it?,neu
Ses02M_script01_2_F004, It's got that all about it.,xxx
Ses02M_script01_2_M005," Well, so what?",neu
Ses02M_script01_2_F005, What's going on here Joe?,ang
Ses02M_script01_2_M006," All right. Now, listen kid-",xxx
Ses02M_script01_2_F006, -She's not his girl Joe; she knows she's not.,ang
Ses02M_script01_2_M007, You can't read her mind.,neu
Ses02M_script01_2_F007," Then why is she still single, I mean New York is full of men, why isn't she married? Probably a hundred people told her she's crazy but she's waited.",fru
Ses02M_script01_2_M008, How do you know why she has waited?,fru
Ses02M_script01_2_F008," She knows what I know, that's why. She's faithful as a rock. In my worst moments I think of her waiting and I know again that I'm right.",fru
Ses02M_script01_2_M009," Look it's a nice day, what are we arguing for?",fru
Ses02M_script01_2_F009," Nobody in this house dares take her faith away Joe. Strangers might, but not his father, not his brother.",fru
Ses02M_script01_2_M010, What do you want me to do about it?,fru
Ses02M_script01_2_F010," I want you to act like he's coming back, both of you. Don't you think I haven't noticed since he invited her, I won't stand for any nonsense",ang
Ses02M_script01_2_M011, But Kate,fru
Ses02M_script01_2_F011," Because if he's not coming back, I'll kill myself. And laugh -- laugh at me but",fru
Ses02M_script01_2_F012," why did that happen the very night she came back she sleeps in his room and suddenly his memorial breaks to pieces, just look at it, look.",xxx
Ses02M_script01_2_M012, Calm yourself.,fru
Ses02M_script01_2_F013, I need you to believe with me; I can't stand all alone.,sad
Ses02M_script01_2_M013, Calm yourself.,fru
Ses02M_script01_2_F014," Even last week there was a man who showed up in Detroit missing longer than Larry, you read it yourself.",fru
Ses02M_script01_2_M014, All right. All right. Calm yourself.,fru
Ses02M_script01_2_F015, Just you above all need to believe.,fru
Ses02M_script01_2_M015," Wait, why my above all?",xxx
Ses02M_script01_2_F016, Don't stop believing.,fru
Ses02M_script01_2_M016," What does that mean, me above all?",ang
Ses02M_script01_2_M017, Look at you -- look at you shaking.,ang
Ses02M_script01_2_F017, I can't help it.,fru
Ses02M_script01_2_M018," What have I got to hide? What the hell is the matter with you, Kate?",fru
