Uid,Utterances,Labels
Ses02F_script03_1_M000, Good God.,xxx
Ses02F_script03_1_F000, Do you think it's them?,fea
Ses02F_script03_1_M001, I wonder.,neu
Ses02F_script03_1_F001," Well, nobody know we're here except Freda and she wouldn't ring up.",fea
Ses02F_script03_1_M002," Must be them, then.",xxx
Ses02F_script03_1_F002, What're we gonna do?,fea
Ses02F_script03_1_M003," We're all right, darling, aren't we?  Whatever happens.",xxx
Ses02F_script03_1_F003," Now and always, sweet.",xxx
Ses02F_script03_1_M004, I don't care then.,neu
Ses02F_script03_1_F004, It was bound to come sooner or later.,xxx
Ses02F_script03_1_M005, Hello?  Hello?  What?  Wrong number.,neu
Ses02F_script03_1_F005," Ah, it send shivers up my spine.",exc
Ses02F_script03_1_M006, What do we do if they suddenly walk in on us?,xxx
Ses02F_script03_1_F006, Behave exquisitely.,hap
Ses02F_script03_1_M007, With the most perfect poise?,neu
Ses02F_script03_1_F007," Oh, of course.  I shall probably do a court curtsy.",hap
Ses02F_script03_1_M008, Things that ought to matter dreadfully don't matter at all when one's happy.  Do they?,neu
Ses02F_script03_1_F008, What's so horrible is that one can't stay happy.,hap
Ses02F_script03_1_M009," Oh, darling, don't say that.",neu
Ses02F_script03_1_F009, It's true.  The whole business is a very poor joke.,hap
Ses02F_script03_1_M010," Meaning that sacred and beautiful thing, love?",neu
Ses02F_script03_1_F010," Yes, meaning just that.",hap
Ses02F_script03_1_M011," Oh, what does it all mean?  That's what I ask myself in my ceaseless quest for ultimate truth.  Dear God, what does it all mean?",xxx
Ses02F_script03_1_F011, Don't laugh at me.  I'm serious.,xxx
Ses02F_script03_1_M012," You mustn't be serious, my dear one.  That's just what they want.",neu
Ses02F_script03_1_F012, Who's they?,neu
Ses02F_script03_1_M013, All those futile moralists that try to make life unbearable.  Laugh at them.  Be flippant.  Laugh at everything.  All their sacred shibboleths.,neu
Ses02F_script03_1_M014, Flippancy brings out the acid in their damn sweetness and light.,neu
Ses02F_script03_1_F013," If I laugh at everything, then I must laugh at us too.",neu
Ses02F_script03_1_M015," Certainly, you must.  We're figures of fun, alright.",neu
Ses02F_script03_1_F014," Well how long will it last us, this ludicrous overbearing love of ours.",neu
Ses02F_script03_1_M016, Who knows.,neu
Ses02F_script03_1_F015," Well, shall we always want to bicker and fight?",neu
Ses02F_script03_1_M017," No, that desire will fade.  Along with our passion.",neu
Ses02F_script03_1_F016," Oh, dear, shall we like that?",neu
Ses02F_script03_1_M018, Depends on how well we've played.,neu
Ses02F_script03_1_F017," Well, what happens if one of us dies?  I mean, does the one that's left still laugh?",neu
Ses02F_script03_1_M019, Yes.  Yes. With all his might.,exc
Ses02F_script03_1_F018," That's serious enough, isn't it?",xxx
Ses02F_script03_1_M020," No. No, it isn't.  Death is very laughable.  Such a cunning little mystery.  All done with mirrors.",exc
Ses02F_script03_1_F019," Darling, I believe you're talking nonsense.",hap
Ses02F_script03_1_M021, So is everyone else in the long run.,neu
Ses02F_script03_1_M022," Let's be superficial and pity the poor philosophers.  Let's blow our trumpets and squeakers and enjoy the party as much as we can.  Like quite idiotic, very small school children.  Let's savor the delight of the moment.",exc
Ses02F_script03_1_M023," Come and kiss me, darling, before your body rots and worms pop in and out of your eye sockets.",exc
Ses02F_script03_1_F020," Elliott, worms don't pop.",hap
Ses02F_script03_1_M024," I don't care what you do.  See, you could paint yourself green and dance naked in the Place Vendome and rush off madly with all the men in the world and I shan't say a word.  As long as you love me best.",neu
Ses02F_script03_1_F021," Oh, thank you, dear.  The same applies to you except that if I catch so much as looking at another woman, I'll kill you.",hap
Ses02F_script03_1_M025, You remember that awful scene we had in Venice?,neu
Ses02F_script03_1_F022, Which particular one?,hap
Ses02F_script03_1_M026, The one when you bought that little painted wooden snake in the Piazza and put it on my bed.,neu
Ses02F_script03_1_F023, Charles.  That was his name.  Charles.  He did wriggle so beautifully.,hap
Ses02F_script03_1_M027," Ah, horrible thing.  I hated it.",xxx
Ses02F_script03_1_F024," Yes, I know you did.  You threw it out of the window into the Grand Canal.  I don't think I'll ever forgive you for that.",hap
Ses02F_script03_1_M028, How long did that row last?,neu
Ses02F_script03_1_F025, It went in intermittently for days.,hap
Ses02F_script03_1_M029, The worst one was in Cannes when your curling iron burnt a hole in my new dressing gown.,neu
Ses02F_script03_1_F026, It burned my comb too and all the towels in the bathroom.,hap
Ses02F_script03_1_M030," That was a rouser, wasn't it?",xxx
Ses02F_script03_1_F027, That was the first time you ever hit me.,neu
Ses02F_script03_1_M031, I didn't hit you very hard.,neu
Ses02F_script03_1_F028," The manager came in and found us rolling around on the floor, biting and scratching like panthers.",hap
Ses02F_script03_1_M032," Oh, I'll never forget his face.",exc
Ses02F_script03_1_F029, It was ridiculous.  Completely ridiculous.,exc
Ses02F_script03_1_M033, We were very much younger then.,neu
Ses02F_script03_1_F030, And very much sillier.,xxx
Ses02F_script03_1_M034," As a matter of fact, the real cause of that row was Peter Burden.",neu
