Uid,Utterances,Labels
Ses02M_impro07_M000," [BREATHING] So, you know I've been hearing back from some colleges.",xxx
Ses02M_impro07_F000," Oh, yeah? Have you gotten letters yet?",exc
Ses02M_impro07_M001, Yeah. And guess who accepted me?,xxx
F, And?,
Ses02M_impro07_F001," Um, I don't know, where?",exc
Ses02M_impro07_M002, U.S.C..,exc
Ses02M_impro07_F002," Oh, U.S.C.? Oh my Gosh, that's awesome, that was your top choice, right?",sur
Ses02M_impro07_F003," Oh my Gosh, that's so cool.",exc
Ses02M_impro07_M003," Yeah, oh. I - You have no-",xxx
Ses02M_impro07_M004," God, I-I got this big packet you know, in the mail and it's like-",xxx
Ses02M_impro07_M005," yes, this is [LAUGHTER], it says U.S.C., like registrar, I mean like, I got-I got some like little letters before you know, it's like oh rejection",xxx
Ses02M_impro07_F004," [LAUGHTER] It's gotta be it, like-",exc
Ses02M_impro07_F005," Oh my Gosh, that's so cool.",exc
Ses02M_impro07_M006," but big packet, big packet is nice",exc
Ses02M_impro07_F006, big packet is gotta be the real thing. yeah,exc
Ses02M_impro07_M007," So it's like, yes, rip it open and there it is big - oh, yes.",exc
Ses02M_impro07_F007," Oh my Gosh. I thought there was like, maybe going to be some, like I don't know if you are going to get in or not, so I'm really glad that you did.",exc
Ses02M_impro07_F008, That's so cool.,exc
Ses02M_impro07_M008," Yeah. I know, I know.",exc
Ses02M_impro07_M009, it was you know I wasn't too sure I mean you know it was kind of last minute for like the application,hap
Ses02M_impro07_M010, and everything like but,hap
Ses02M_impro07_F009," Yeah, totally.",exc
Ses02M_impro07_M011," it was good, yeah. I mean-",hap
Ses02M_impro07_F010, So you're going to be right here in Los Angeles; that is so cool.,exc
Ses02M_impro07_M012," I know, I know, yea. It'll be interesting you know, I've never -- I mean getting out of Vegas and everything but LA",xxx
Ses02M_impro07_M013, I'm looking forward to it.,exc
Ses02M_impro07_F011, So can we hang out?,exc
Ses02M_impro07_M014," Hey, yes, you know that's - that's what I'm coming for.",exc
Ses02M_impro07_F012, Yay.,exc
Ses02M_impro07_M015, You're half the reason I'm going. [LAUGHTER],exc
Ses02M_impro07_F013," Oh, yay. Thank you. [LAUGHTER].",exc
Ses02M_impro07_F014, No but that's an awesome school. That's so cool.,hap
Ses02M_impro07_M016," I know ahh- yeah-, I'm definitely looking forward to it, and I mean they had a great football season last year",xxx
Ses02M_impro07_F015," Oh, totally totally.",hap
Ses02M_impro07_M017," You know what I mean, I bet the home games, are just like nuts you know.",exc
Ses02M_impro07_F016, you get to like be a part of that.,hap
Ses02M_impro07_F017," Like you get to be a part of that. Like the, like the- Like a cult.",hap
Ses02M_impro07_M018, What?,exc
Ses02M_impro07_M019, [LAUGHTER] I know. I mean part of-,exc
Ses02M_impro07_F018," [LAUGHTER] like a- like a- [LAUGHTER] No, but I mean like everywhere you go people know who you are.",hap
Ses02M_impro07_M020, Yeah. Right. A cult. I'm looking forward to being in the cult.,exc
Ses02M_impro07_M021," Right I know, like you, it won't hurt, I mean national champions last year, wow, you know",exc
Ses02M_impro07_M022, Maybe we'll do it again this year.,exc
Ses02M_impro07_F019, So you know what you are going to do there?,hap
Ses02M_impro07_M023," What's that? ahh Well, you know I'm I'm thinking um I'm leaning towards like communications",hap
Ses02M_impro07_M024," I-I don't know. Kind of a broad,",hap
Ses02M_impro07_F020," Okay. They have a lot of good schools, right?",hap
Ses02M_impro07_M025," yeah, I mean a lot-a lot  of good stuff oh, yeah, I mean it's- it's just a really good school; so really, whatever I pick I can't go wrong. I mean I'm just",hap
Ses02M_impro07_M026," I'm looking forward to getting there. I mean, God, the campus is cool, you know it's like all just very confined I mean just you know it's a college campus you know it's like",hap
Ses02M_impro07_F021," Yes, it's intimate.",hap
Ses02M_impro07_M027," It's college- oh my God it's college, [GARBAGE] so it's like crazy.",xxx
Ses02M_impro07_F022, I know. It's so cool.,exc
Ses02M_impro07_M028," Oh man. So, I don't know you know, we'll see - we'll see how it goes and, yeah, I'm looking forward to it",xxx
Ses02M_impro07_F023," Fair for you, Wow, oh my Gosh.",exc
Ses02M_impro07_M029, I mean you got to - you got to show me the ropes 'cause I've never been there before so I mean you know your way around already and- [LAUGHTER],exc
Ses02M_impro07_F024, I will do the best I can.,hap
Ses02M_impro07_F025," Well, there are all kinds of awesome secrets so you'll really enjoy it. It's really great. I'm so glad.",exc
Ses02M_impro07_M030," Oh, alright.",hap
Ses02M_impro07_M031," I'm-I'm looking forward to that. [BREATHING] man, So yeah, I think I'm going to come out a little early so I mean I'll give you a call and we'll definitely-",exc
Ses02M_impro07_F026, Yay,exc
Ses02M_impro07_F027," Okay. Yes, totally come visit",exc
Ses02M_impro07_F028," and we'll explore and you going to have such a good time, you're going to fit in so well, it's going to be awesome",hap
Ses02M_impro07_M032," [LAUGHTER] Thanks, yes, thanks, yes That'll be cool.",exc
Ses02M_impro07_F029, So Congratulations. That's awesome.,hap
