Uid,Utterances,Labels
Ses02M_impro08_M000, All right. Customer service this is Steve.,neu
Ses02M_impro08_F000," Hi. Thank you so much, you're a real person, right, you're not like a recording?",exc
M," Heh, yeah. No I-",
Ses02M_impro08_M001," I'm a real person, yes.",xxx
Ses02M_impro08_F001," Okay. Before I get into it, um your menu or whatever like where you choose the different thing depending on the-",exc
Ses02M_impro08_F002," it leads you around in circles, you can't, there is no way to like get to a real person if you don't already know how to get to there.",exc
Ses02M_impro08_M002," Right. No, yes I know. It is-It is a little frustrating.",neu
Ses02M_impro08_F003," So is there any way to like bypass that because that is so, like I've been going around in circles",fru
Ses02M_impro08_F004," like press nine, press zero, press back to the menu, like I can't get through to what I'm supposed to get through to.",fru
Ses02M_impro08_M003," I- I'll give you a little hint, next time if it asks if you're on a rotary phone you know, just stay on the line instead of - instead of hitting one or two to say if you're like on a touch tone",neu
F, It's so frustrating.,
Ses02M_impro08_M004," pretend like your on a rotary phone, goes straight through to a person.",neu
Ses02M_impro08_F005," Okay. Oh, that would just make it so much better, 'cause I cannot handle it's just like oh, my God I can't sit here any longer and talk to this lady with this pleasant voice.",fru
Ses02M_impro08_M005, I know they don't tell you that kind of thing.,neu
M, Right.,
Ses02M_impro08_F006," Sorry. Okay. Um-, yes",neu
Ses02M_impro08_M006, Alright. Well you got me now.,xxx
Ses02M_impro08_F007," Thank you very much. Um  So I have a charge on my credit card that, um, isn't mine.",neu
Ses02M_impro08_F008," Uh, I don't know where it came from and it's actually quite large, and I don't have the money for it so",neu
M," Oh, alright.",
Ses02M_impro08_F009, it really freaks me out when I got my bill because it was like I don't -- I didn't spend this. This is not my charge.,fru
Ses02M_impro08_M007," Yea. All right. Well, let me-let me look it up here for a second. Uh, so i think",neu
Ses02M_impro08_F010," Okay, it was um- at the [GARBAGE] sorry, it was at a department store, I think it was Macy's or something",neu
Ses02M_impro08_M008," Okay, Alright, yeah. I- I see it on here.",neu
Ses02M_impro08_F011," and it was like something like eight hundred dollars. I don't remember. It was just a lot and I have thing in front of me right now, but-",fru
Ses02M_impro08_M009," All right. Well, you know that's, that's what we have all of our protection plans for and everything like that so I mean it's",neu
Ses02M_impro08_F012, Okay. So is there something I can do to get rid of it?,xxx
Ses02M_impro08_M010, it- it'll work out fine.,neu
Ses02M_impro08_M011," Yes, we'll get- we'll get rid of it right now. I mean just we're going to have to have you, um, submit something you know, we're going to have to have you mail something in for us, okay.",neu
F, Okay. Okay.,
Ses02M_impro08_M012," So- So you can um find that application. You have the Internet, you can go to our website.",neu
Ses02M_impro08_F013," Oh I can get the form right now? Oh, that'll be so much better.  Okay.",xxx
Ses02M_impro08_M013, Yeah. Yeah. You get the form right now. and- yeah,neu
Ses02M_impro08_M014," We could mail it to you as well, but-",neu
Ses02M_impro08_F014, -But online is faster I can do that.,xxx
Ses02M_impro08_M015," Right. You can go online, print it out, and just fill out the form and um- send it to us um- you know,  regarding the grievance and-",neu
Ses02M_impro08_M016, and it'll get taken off um- no problem you know,neu
Ses02M_impro08_F015, Okay.,xxx
Ses02M_impro08_F016, 'Cause I-I just don't know how someone could have gotten my charge information,fru
Ses02M_impro08_F017, I mean I still have my card.,xxx
Ses02M_impro08_M017, Right. I mean we might,neu
Ses02M_impro08_M018, Okay.,neu
Ses02M_impro08_F018, So is there any- I mean what if they spend something again?,fea
Ses02M_impro08_M019," Uh, I mean have you been shopping around on the Internet and stuff? I mean that you gave-",neu
Ses02M_impro08_F019, I did buy one thing on ebay I don't know that might-,neu
Ses02M_impro08_M020," Uh-ha, I mean usually sites are pretty well protected but sometimes I mean information gets out, so",neu
Ses02M_impro08_M021, so it is a little a little hard in that situation if you want -- you know you can -um- we can- we can issue another credit card.,neu
Ses02M_impro08_F020," Oh, really?",sur
Ses02M_impro08_M022," Yeah, yeah. Maybe we'll, uh-",neu
Ses02M_impro08_F021," Oh that'll be great 'cause I could just get a new number, would that be okay because that way I don't have to worry about it happening again?",xxx
Ses02M_impro08_M023, it's a different number and everything,neu
Ses02M_impro08_M024, Yeah. yeah.,neu
Ses02M_impro08_M025," Yes, um but  for- for that- for that charge we will need you to send something in but we can get you processed immediately for this, for this, for this new card. It still goes to the same address, right?",neu
Ses02M_impro08_F022," Yes, absolutely.",xxx
Ses02M_impro08_M026, Okay. All right. Then we'll get it sent out there. And,neu
Ses02M_impro08_F023, Great.,hap
Ses02M_impro08_M027, And you know just I mean be careful in the future if um,neu
Ses02M_impro08_F024, Yeah.,hap
Ses02M_impro08_M028, if you're ever online or anything like that I mean just make sure it's a secure site and,neu
Ses02M_impro08_M029," and never you know, give it to anyone out, never even give out your number to any like unreliable company that you haven't heard of or anything like that, all right? Because, um, we want to- we definitely want to help you out, but-",neu
Ses02M_impro08_F025," Right, right.",neu
Ses02M_impro08_F026," Okay, great.",neu
Ses02M_impro08_F027," Yeah, totally.",neu
Ses02M_impro08_M030, you know it gets- it gets difficult you know so Alright.,neu
Ses02M_impro08_F028, Well thank you so much. You've been very helpful. I really appreciate it.,hap
Ses02M_impro08_M031," Alright Yes, I'm sorry for all the inconvenience but we'll get it taken care of.",neu
Ses02M_impro08_F029, [BREATHING] Thank you.,xxx
Ses02M_impro08_F030, Thank you very much bye.,hap
M, Alright.,
