Uid,Utterances,Labels
Ses02M_impro01_M000, All right. Finally. Here you go.,fru
Ses02M_impro01_F000," Hi, How can I help you?",neu
Ses02M_impro01_M001," Yea. I just want to get this done,",neu
Ses02M_impro01_F001," Sure, um",neu
Ses02M_impro01_M002, get my new license.,neu
Ses02M_impro01_F002, do you have two forms of ID with you?,neu
Ses02M_impro01_M003," Um, no, I got my driver's license though.",neu
Ses02M_impro01_F003," I actually need two forms of ID. I need either a passport or a birth certificate, or social security card. I'm sorry.",neu
Ses02M_impro01_M004," Uh, sorry, I forgot them. I mean I've got to -",neu
Ses02M_impro01_F004, Well,neu
Ses02M_impro01_M005, well is the dri-driver's license going to work?,neu
Ses02M_impro01_F005, I- I can take your driver's license but I need another form of ID in order to process this paper work.,neu
Ses02M_impro01_M006," Okay, so what are you saying? What-",fru
Ses02M_impro01_F006," Um, that you would need to go home and get another form of ID and come back.",neu
Ses02M_impro01_M007," What? I- You telling me I waited in that huge line to go and sit down and get my number called, like after",ang
Ses02M_impro01_F007," Well, I'm sorry sir but",fru
Ses02M_impro01_M008, three hours and,ang
Ses02M_impro01_F008, you need to bring two forms of ID there is nothing we can do about it.,fru
Ses02M_impro01_M009, Shouldn't they have like told us about that? I mean why - why would they make me go and wait three hours if I have got to go and do it again?,ang
Ses02M_impro01_F009," Well, it's actually-",fru
Ses02M_impro01_F010," It's standard that you bring a couple of forms of ID, I'm sorry.",fru
Ses02M_impro01_M010," It's standard? I mean I don't work at the D.M.V. how am I supposed to know that, like, I stand in line, I get my",ang
Ses02M_impro01_F011," Well, I'm sorry, sir, but we're not responsible.",fru
Ses02M_impro01_M011," I filled out the application right, didn't I?",ang
Ses02M_impro01_F012," Yes, you did, thank you very much, but we're not responsible if you've forgotten something, and we need to have two forms of ID.",fru
Ses02M_impro01_M012, Okay. What about - no -- how about you hold that and I'll - I'll go and I can come back-,fru
Ses02M_impro01_F013," I'm sorry, but there is a lot of people waiting so you're just going to have to get in line again.",fru
Ses02M_impro01_M013, I've been waiting for three hours.,fru
Ses02M_impro01_F014," It just happens to people all the time, I'm sorry sir, but I can't make an exception for you.",fru
Ses02M_impro01_M014, This is ridiculous. Come on,fru
Ses02M_impro01_F015," I'm sorry, sir.",neu
Ses02M_impro01_M015," I cannot go back in that line. I've got stuff I need to do, I mean-",fru
Ses02M_impro01_F016, there is nothing I can do.,neu
Ses02M_impro01_M016," But my driver's license - I had to have my birth certificate to get my driver's license in the first place right, I mean this - here is my driver's license so",xxx
Ses02M_impro01_F017," I know sir, but we have to have two forms. There is nothing I can do about it, I'm sorry.",fru
Ses02M_impro01_M017, That doesn't make any sense. Why?,fru
Ses02M_impro01_F018," I'm sorry, sir. There is nothing I can do.",fru
Ses02M_impro01_M018, You- shouldn't you have like a sign or something maybe like up on the counter when you get the applica- maybe on the application,ang
Ses02M_impro01_F019," Well, if you had checked the web site it would have said.",fru
Ses02M_impro01_F020, If you had checked the website it would have said that you needed two forms of identification.,fru
Ses02M_impro01_M019," What web- I didn't go to a website - why would I need to - it's the D.M.V.. You come to the D.M.V., you wait in line for three hours, and then you go home.",ang
Ses02M_impro01_F021," Well, maybe you should",fru
Ses02M_impro01_M020, I waited in line now I'm ready to get my stuff and then go home.,fru
Ses02M_impro01_F022, Right. So maybe you should go home now and get your paperwork and come back.,fru
Ses02M_impro01_F023," I'm sorry sir but there's a lot of people waiting. So if you won't move out of the way, then I'm going to have to call security.",fru
Ses02M_impro01_M021," God, oh my-",fru
Ses02M_impro01_M022, This is ridiculous.,fru
Ses02M_impro01_F024," I'm sorry, sir, it's not my choice.",fru
