Uid,Utterances,Labels
Ses02M_script01_3_F000, You're the only one I know who loves his parents.,xxx
Ses02M_script01_3_M000," I know, it went out of style, didn't it?",hap
Ses02M_script01_3_F001, It's all right.  It's a good thing.,hap
Ses02M_script01_3_F002," You know, it's lovely here, the air is sweet.",hap
Ses02M_script01_3_M001, You're not sorry you came?,xxx
Ses02M_script01_3_F003," No, not sorry.  But, um. But I'm not gonna stay.",hap
Ses02M_script01_3_M002, Why?,xxx
Ses02M_script01_3_F004," For one thing, your mother as much as told me to go.",xxx
Ses02M_script01_3_M003, Oh.,xxx
Ses02M_script01_3_F005," You saw that.  I mean and then, well, you've been kind of, um--",xxx
Ses02M_script01_3_M004, What?,sur
Ses02M_script01_3_F006," Well, kind of embarrassed ever since I got here.",xxx
Ses02M_script01_3_M005," The trouble is, I planned on sort of sneaking up on you on a period of a week or so.  But they take it for granted that we're all set.",fru
Ses02M_script01_3_F007," I knew they would, your mother anyway.",hap
Ses02M_script01_3_M006, How'd you know?,xxx
Ses02M_script01_3_F008," Well, from her point of view, why else would I come?",neu
Ses02M_script01_3_M007," Oh.  Would you want to?  I guess you know, this is why I asked you to come.",xxx
Ses02M_script01_3_F009, I guess this is why I came.,hap
Ses02M_script01_3_M008," Ann, I love you.  I love you a great deal.  I love you.",xxx
Ses02M_script01_3_M009, I have no imagination.  That's all I know to tell you.,xxx
Ses02M_script01_3_M010, I'm embarrassing you and I didn't want to tell it to you here.  I wanted some place we'd never been before.  A place where we'd be brand new to each other.,exc
Ses02M_script01_3_M011," You feel wrong here, don't you?  This yard, this chair.  I want you to be ready for me.  I don't want to have to win you away from anything.",xxx
Ses02M_script01_3_F010," Oh, Chris, I've been ready for a long, long time.",xxx
Ses02M_script01_3_M012, And he's gone forever.  You're sure?,xxx
Ses02M_script01_3_F011, I almost got married two years ago.,xxx
Ses02M_script01_3_M013, Why didn't you?,sur
Ses02M_script01_3_F012," Well, you started to write me",hap
Ses02M_script01_3_M014, You felt something that far back?,exc
Ses02M_script01_3_F013, Every day since.,hap
Ses02M_script01_3_M015," Ann, why didn't you let me know?",exc
Ses02M_script01_3_F014," Well, I was waiting for you.  I mean, till then you never wrote and when you did, what did you say?  I mean, you can sure be ambiguous sometimes, you know?",xxx
Ses02M_script01_3_M016," Give me a kiss, Anne.  Give me a-",xxx
Ses02M_script01_3_M017," God, I kissed Annie.  How long--how long I've been waiting to kiss you.",xxx
Ses02M_script01_3_F015," I'll never forgive you.  Why did you wait all these years?  I mean, all I did was sit and wonder if I was crazy for thinking of you.",xxx
Ses02M_script01_3_M018," Oh, Annie, we're gonna live now.  I'm gonna make you so happy.",xxx
Ses02M_script01_3_F016, Not like that you're not.,xxx
Ses02M_script01_3_M019, I kissed you.,xxx
Ses02M_script01_3_F017," Like Larry's brother.  Do it like you, Chris.  What is it?",xxx
Ses02M_script01_3_M020, Let's drive someplace.  I want to be alone with you.,sad
Ses02M_script01_3_F018," No.  What is it, Chris. Your mother?",xxx
Ses02M_script01_3_M021, No.  Nothing like that.,sad
Ses02M_script01_3_F019," Well, what's wrong?  I mean, even in your letters there was some--something ashamed.",sad
Ses02M_script01_3_M022," Yeah, I suppose I have been.  But it's going from me.",sad
Ses02M_script01_3_F020, You've gotta tell me.,xxx
Ses02M_script01_3_M023, I don't know how to start.,xxx
Ses02M_script01_3_F021, It wouldn't work this way.,sad
Ses02M_script01_3_M024," It's all mixed up with so many other things.  You remember overseas, I was in charge of a company?",xxx
Ses02M_script01_3_F022," Yeah, sure.",xxx
Ses02M_script01_3_M025," Well, I lost them.",sad
Ses02M_script01_3_F023, How many?,xxx
Ses02M_script01_3_M026, Just about all.,sad
Ses02M_script01_3_F024, gee.,xxx
Ses02M_script01_3_M027, It takes some time for a guy to toss that off.  'Cause they weren't just men.,sad
Ses02M_script01_3_M028," For instance, this one time, it had been raining several days and this kid came to me and gave me his last pair of dry socks.  I put them in pocket.  It's only a little thing, but those are the kind of guys I had.",sad
Ses02M_script01_3_M029," They didn't die, they killed themselves for each other.  I mean that exactly.  I mean, a little more selfish and they'd have been here today.",sad
Ses02M_script01_3_M030," I got this idea watching 'em go down.  Everything was being destroyed, see, but it seemed that one new thing was made.  A sort of responsibility.  Man for man. You know what I mean?",sad
Ses02M_script01_3_M031," To show that, to bring that onto the Earth again, like some kind of monument and everyone can feel it standing behind him and it would make a difference to him.",sad
Ses02M_script01_3_M032," Then I came back and it was incredible.  There was no meaning in it here. I mean, the whole thing to them seemed like it's sort of a bus accident.  I went to work with Dad and that rat race again.",sad
Ses02M_script01_3_M033," And I felt what you said, ashamed somehow 'cause nobody had changed at all.  It seemed to make suckers out of a lot of guys.  I felt wrong to be alive to open the new bank book, drive the new car, see the new refrigerator.",sad
Ses02M_script01_3_M034," I mean, you can take those things out of a war, but when you drive that car, you've gotta realize that it came out of the love a man can have for a man.  You've gotta be a little better because of it.",sad
Ses02M_script01_3_M035, Otherwise all you have is really loot and there's blood on it.  And I didn't want to take any of that.  And I guess that included you.,sad
Ses02M_script01_3_F025, Do you still feel that way?,sad
Ses02M_script01_3_M036, I want you now Annie.,neu
Ses02M_script01_3_F026," 'Cause you mustn't feel that way.  Because you have a right to everything you have, Chris.  Everything, you understand that?  Me too.",sad
Ses02M_script01_3_F027," I mean, and your money, there's- there's nothing wrong with your money.  I mean, your father put hundreds of planes in the air.  A man should be paid for that.",sad
Ses02M_script01_3_M037, I know Annie.  I'm gonna make a fortune for you.,xxx
Ses02M_script01_3_F028, What'll I do with a fortune?,hap
