Uid,Utterances,Labels
Ses02M_impro02_F000, I don't want you to go.,sad
Ses02M_impro02_M000," I know, I know. I don't want to go either baby. I love you know. And I'm going to miss you a lot.",sad
Ses02M_impro02_F001," I'm going to miss you too; I don't know what I'm going to do here without you. It's going to be so lonely, and so hard.",sad
M, It'll be alright.,
Ses02M_impro02_F002, I don't want to be a single mom.,sad
Ses02M_impro02_M001," You won't be. I'll be back; I'll be back before you know it. All right, and",sad
Ses02M_impro02_F003, but,sad
Ses02M_impro02_M002, and,sad
Ses02M_impro02_F004, It's dangerous; I mean how can you make sure that you'll,sad
M, it'll- it'll,
Ses02M_impro02_M003," It's- It's dangerous anywhere, honey. I mean this is -this- I'm just going to go and we'll get it over with,",fru
Ses02M_impro02_M004," I'll come back we'll have, you know, some good benefits from being in the service and then we'll live - we'll live a happy life, then the rest of us, like the three of us.",xxx
Ses02M_impro02_F005, I hope so.,sad
Ses02M_impro02_M005, A little family.,xxx
Ses02M_impro02_F006, I hope so.,sad
Ses02M_impro02_M006, You gotta,xxx
Ses02M_impro02_F007, It's going to be really rough.,sad
Ses02M_impro02_M007," You gotta take care of our baby for me, alright?",sad
F, Without you,
Ses02M_impro02_F008, I'll send you lots of pictures.,sad
Ses02M_impro02_M008," I hope so, because I'm not going to be able to survive without all that. I don't know what I'm going to do.",sad
Ses02M_impro02_M009, I've never been - I've never been away from you for two weeks let alone a year.,sad
Ses02M_impro02_F009," Well, just promise me that you going to be safe.",sad
Ses02M_impro02_F010," I mean can't they put you in like, you know kitchen work or something where you won't get",sad
Ses02M_impro02_M010," No, it doesn't work that way",xxx
Ses02M_impro02_M011," but, I mean, I'm going to do whatever I can and get back here as fast as I can.",xxx
Ses02M_impro02_F011, It doesn't make any sense; I don't know why we have to be at war in the first place.,fru
Ses02M_impro02_M012," I know, but it's not our decision, I guess, you know, I mean",xxx
Ses02M_impro02_M013, there's people that thought it was the right thing to do so now we have to- we have to do what we have to do for our country,sad
Ses02M_impro02_M014," and it'll work out you know, go there and do that. Yeah, I'll be back",neu
Ses02M_impro02_F012," Will you write me letters, paper ones?",sad
Ses02M_impro02_M015," Yeah, of course. I don't know if we'll have computers or anything like that you know, so probably my only option then.",xxx
Ses02M_impro02_M016," Yeah, I'll write you every day 'cause you're the only thing that's going to be on my mind.",xxx
Ses02M_impro02_F013," Our baby needs a dad; you can't leave. Okay, you can't disappear.",sad
Ses02M_impro02_M017," Our baby has a dad, alright. Daddy is going to be back soon.",sad
Ses02M_impro02_M018," I want you to, you know, take lots of video; pictures and I can see you when I get back or while I'm there. I'm going to miss you.",sad
Ses02M_impro02_F014, I'll miss you too.,sad
