Uid,Utterances,Labels
Ses02M_impro05_M000, Hi. Um-,neu
Ses02M_impro05_F000," Hi, can I help you?",neu
Ses02M_impro05_M001, It seems that uh- my-my bag didn't make it out on the carousel.,neu
Ses02M_impro05_F001," Oh, did you check? Did you make sure as it went around the second time that it-",neu
Ses02M_impro05_M002," Yes, yes, it's gone around like you know twenty times. It's been about a half hour.",neu
Ses02M_impro05_F002," Okay. Well, um- the f.",neu
Ses02M_impro05_F003," Actually I'm looking here at the information, the flight that you were on we had some trouble with some of the baggage, it looks like a few peoples' bags didn't make it through. Um, so-",neu
Ses02M_impro05_M003, Okay. So what-what do I have to get you know,neu
Ses02M_impro05_F004," Well, you can fill out this paperwork um- and if for some reason it shows up, we can bring it to you, but-",neu
Ses02M_impro05_M004," For some reason, so you think it won't show up?",sur
Ses02M_impro05_F005," Well, sometimes it's just late baggage or misplaced baggage and it comes out but it seems to be here and just I'm reading off of this that",neu
Ses02M_impro05_F006, Uh- it didn't make it into the second plane so it looks like there - they don't actually know what happened to it.,neu
Ses02M_impro05_M005, What? What? How does that happen?,xxx
Ses02M_impro05_F007," Um, well, sometimes there is just difficulties with loading on to the plane. Uh- There can be a theft or uh- some sort of you know mishap with a cart or something.",neu
Ses02M_impro05_M006, I really - I really need that bag.,fru
Ses02M_impro05_F008," I- I- I understand, but um.",neu
Ses02M_impro05_M007, there are- I have important things in that bag. I've got,xxx
Ses02M_impro05_F009, Okay,neu
Ses02M_impro05_M008," I mean -- I've been away for a while and- and now I've- I've gifts for- for you know friends and family I mean, I got stuff in the there",fru
Ses02M_impro05_F010, Right.,neu
Ses02M_impro05_M009, It's worth a lot.,xxx
Ses02M_impro05_F011," I understand that. Um- So I'm going to put down here that you looking for your baggage, but we actually can't, uh this bag is likely not going to show up so what we're going to do-",neu
Ses02M_impro05_M010," Not going to show - well isn't like - wouldn't it just be at the airport, that, like, if it didn't get on the other plane",fru
Ses02M_impro05_M011, can they check there?,fru
Ses02M_impro05_F012," Sometimes it gets stolen, sometimes it gets misplaced on another plane and",neu
Ses02M_impro05_M012, on another-,xxx
Ses02M_impro05_F013," they - they, it gets shipped to somewhere else and then it's stuck somewhere and then we have no way of tracking that.",neu
Ses02M_impro05_F014, So we'll- what we'll do,neu
Ses02M_impro05_M013," But we have the tags on. I mean like it wouldn't you know, if it got stuck somewhere it's like well this is nobodies bag I mean maybe you know look on the tag and",ang
Ses02M_impro05_M014, see where it came from originally. I mean it seems like-,fru
Ses02M_impro05_F015, Right. Like I said sometimes a theft and things happen like that but we are willing to reim-reimburse you.,neu
Ses02M_impro05_M015, Theft?,xxx
Ses02M_impro05_F016," Um, so.",neu
Ses02M_impro05_M016," Theft? Don't you know like all these people that are work - you keep like an eye on them, how can they get away with-",ang
Ses02M_impro05_F017," We have very tight security but we -uh- there are times when we just can't uh make sure there aren't absolutely no human error, you know",neu
Ses02M_impro05_F018, I'm sorry there is no guarantee on baggage.,neu
Ses02M_impro05_M017, This is unbelievable. I've got,fru
Ses02M_impro05_M018, you don't realize the stuff that I've got in that - I really need to get the suitcase okay,ang
Ses02M_impro05_F019," I understand, so-",neu
Ses02M_impro05_M019," so if it's back there or something, if there is something you can do",fru
Ses02M_impro05_M020," I need you to tell me because I really need to get the bag, okay?",fru
Ses02M_impro05_F020," all right, We've already checked back here for your baggage",neu
Ses02M_impro05_F021, and we will continue to look for it and because your paper-,neu
Ses02M_impro05_M021, You've already checked? Can you check again? [garbage],fru
Ses02M_impro05_F022," I've already looked, thank you very much and because we've filled out paperwork if it shows up we will send it to you but otherwise what we can do is reimburse you for fifty dollar.",fru
Ses02M_impro05_M022, Fifty- fifty dollars? Come on you have got to be joking.,xxx
Ses02M_impro05_F023," Well, it's- it's just sort of help with the fact uh that you lost some of your possessions and we rather do that than-",neu
Ses02M_impro05_M023," Uh huh, yea, lost some of my possessions, yes, so if I lost maybe a shoe that was in the suitcase and like a carry-on",fru
Ses02M_impro05_M024," that might be like fifty dollars okay, but this - I- [garbage] I had like thousands of dollars worth of stuff in that suitcase.",fru
Ses02M_impro05_F024, The airline can't afford to give you everything that is in that suitcase. and so-,neu
Ses02M_impro05_M025, The a- what? Talking about a core they can't afford it? I mean-,ang
Ses02M_impro05_F025, Well because lots of people get their baggage lost and we don't want to have false claims or anything like that so we have,neu
Ses02M_impro05_F026," we can give you fifty dollar to sort of make up for it, to compensate, and we can definitely let you know if it shows up but likely, more than likely-",neu
Ses02M_impro05_M026, I mean you're not helping me here. What do I have to do here? Do I need to sue the airline company is that what I should do,ang
Ses02M_impro05_M027, because this is ridiculous?,fru
Ses02M_impro05_F027, I'm sorry. I don't- I-,xxx
Ses02M_impro05_F028, I don't believe you should sue the airline company but we do have a policy uh- in which we can reimburse you and that's all we can do and I'm sorry I've done everything I can-,fru
Ses02M_impro05_M028, All right. I'm sick- I'm sick of this all right. I'm sick of you and keep your fifty dollar.,fru
Ses02M_impro05_F029, There's other people waiting-,fru
Ses02M_impro05_F030, Fine.,xxx
