Uid,Utterances,Labels
Ses02F_impro04_M000," So, uh, so how's it been going?  I mean, you have any needs or anything?",neu
Ses02F_impro04_F000, I'm--every lead that I get ends up just being a dead end.  You know what I mean.  People are sick of me calling--,fru
Ses02F_impro04_M001," No.  You can't think that way.  I mean it's good--it's good that you're--that you're calling, you know. you can't",neu
Ses02F_impro04_F001," Yeah, but it--I mean it's the same response you get over and over again.  Like--",fru
Ses02F_impro04_F002," Oh, we're not hiring at this time or thank you, we already have your information on file--We'll call you when we're ready.",fru
Ses02F_impro04_M002," Yeah--I know what you mean.  I've gone through like similar stuff, but--",xxx
F, It's just--,
Ses02F_impro04_F003," But, it's been so long, like--I mine as well just take a job at McDonald's.  Like, I don't--",fru
Ses02F_impro04_M003," No, come on.  Don't [GARBAGE]",neu
Ses02F_impro04_F004," I just--I can't do it anymore.  Like, it just takes it out of you--",fru
Ses02F_impro04_M004," I know.  I know. It's hard, but you just--you gotta keep going.  I mean, you've been going at it for so long, you know.  Something is definitely going to come up.  I-I know it will, because you're a good worker--",neu
Ses02F_impro04_F005, I just keep getting rejected.  I just keep getting rejected over and over and over again and it starts to make you feel like there must be something wrong with you that you can't get a job.,fru
Ses02F_impro04_M005," No.  It's--I mean, it's competitive, you know.  That's-That's what it is.  that's what you gotta be is competitive.",neu
Ses02F_impro04_F006," Yeah, but maybe--if just because it's competitive, like maybe I'm just not good enough.  Maybe the level is here and I'm here and there's just no way I'm ever gonna do that--",fru
Ses02F_impro04_M006," There...There are plenty of people out there with--with like, good jobs, you know, that are a lot...",neu
Ses02F_impro04_M007, ...dumber than you.  I mean they're a lot worse off than you.  You are much better off than like a lot of those people in there. I know,neu
Ses02F_impro04_F007," I didn't have like one of those starts, you know, like a family member who was already in the business or something you know that could like give me a helping hand.",fru
Ses02F_impro04_M008," I know.  It makes it harder.  I mean it's definitely who you know in a lot of cases, but--",neu
Ses02F_impro04_F008," It's just so frustrating.  Like, I just--I just don't wanna do it anymore.  You know?  I just don't wanna like hit the pavement every single day with my resumes and going out there all the time.  You know, it's just like--",fru
Ses02F_impro04_M009," But you gotta.  Otherwise, what is--what's your other option?",neu
Ses02F_impro04_F009, I feel so worthless.,sad
Ses02F_impro04_M010," It's not worthless 'cause it's definitely gonna--it's definitely gonna pay off.  I know it.  I mean, I can--I've just--I've seen your work etiquette.  You know, you're a good worker and...",neu
Ses02F_impro04_M011, ... and there's no reason that--that something won't come up like really soon.  All right?  So you just gotta--,neu
Ses02F_impro04_F010, And what would make you say that?  There doesn't seem to be any indicators that anything's going to get better.,fru
Ses02F_impro04_M012," Because I know you.  You know, and maybe once you get to know some more people, like talking to them and everything, they'll get to know you too and they'll realize they should've hired you three years ago.  You know? but  And- and they'll finally come around and believe me--it'll--you gotta-",neu
Ses02F_impro04_F011," It's just really hard.  I feel like their starting to get like a personal prejudice against me.  You know what I mean?  Like it's like suddenly it starts to feel like it's just you that they say no to and it's not that they're not taking applications and it's not that they're not hiring people, it's just you particularly they have some particular reason for just hating you.  You know?",fru
Ses02F_impro04_M013," Well maybe yeah, but maybe you get to that point where it's like you bug 'em and then they just don't wanna hear from you anymore, but you keep bugging them and bugging them and then it's gonna annoy them so much that they're gonna be like all right fine. you know",neu
Ses02F_impro04_F012, Or they'll never talk to me again.,fru
Ses02F_impro04_M014," Or, well, no.  Okay. you -[GARBAGE]",fru
Ses02F_impro04_F013," I-I just I think maybe I should try something else.  I mean, I-I don't know.  All growing up this is the only thing that I ever wanted to do and yet I can't.  I'm not physically able apparently.  I mean--",fru
Ses02F_impro04_M015," That obviously that's not true though.  I mean, you've done this before.  You've done all the work like this before, you know, and and you've gotten people saying oh, you're so good and like you know--",neu
Ses02F_impro04_F014," I guess the money shouldn't matter to me, but--Somehow it does.  You know? It's not like I do it for the money, but",fru
Ses02F_impro04_M016, Right.,neu
Ses02F_impro04_M017," Well, you've gotta live.",neu
Ses02F_impro04_F015," you have to--I mean, if you're hired by somebody, then you're not a professional, you're an amateur and that means that you're not good enough.",fru
Ses02F_impro04_M018," I mean, it's just, it's really--I don't know, yeah, it's about their opinions and it's about, I don't know, just getting yourself out there and--",neu
Ses02F_impro04_F016," I just wanna crawl in a hole, you know.  Like it just makes you not wanna even open your eyes in the morning.",sad
Ses02F_impro04_M019," Well, come on, come on.  Thinking about it like this is definitely not gonna help either though.",neu
Ses02F_impro04_F017, I don't know how to get out of it.  I don't know how to dig myself out of it.  It's the same hole that I've been digging and digging and digging.  I can't--,xxx
Ses02F_impro04_M020, I don't know.,xxx
