Uid,Utterances,Labels
Ses02F_impro06_M000," Hey, a what's up?",neu
Ses02F_impro06_F000," Um, Johnny died yesterday.",sad
Ses02F_impro06_M001," Wow, that's horrible.",neu
Ses02F_impro06_M002, I'm sorry to hear about that.,neu
Ses02F_impro06_F001," We knew that it was coming, but--",sad
Ses02F_impro06_M003, Yeah.,neu
Ses02F_impro06_F002," It seemed like he had a little bit longer.  Like just last week, he was doing was so well.",sad
Ses02F_impro06_M004," I mean, you know, at least he's not in anymore pain now, right?",neu
Ses02F_impro06_F003, Yeah.,sad
Ses02F_impro06_M005," It's good, you know.  you know It hurts I know.  I know what it's like to lose someone like that.",neu
Ses02F_impro06_F004, I just don't want him to be gone.,sad
Ses02F_impro06_M006, It's okay.,neu
Ses02F_impro06_M007," 'Cause, you know, you've got all the times that you guys did spend together, you know and that's something good that you can look back on.",neu
Ses02F_impro06_M008, I mean--I don't know.,neu
Ses02F_impro06_F005, And his whole family was there.,sad
Ses02F_impro06_F006," I mean, he was like really conscious right up until the end. you know",sad
Ses02F_impro06_M009," Well, that's that's good, you know.  At least, I don't know.  I mean it's- it's better to go- to goout that way than...",neu
Ses02F_impro06_M010," .than you know, in pain and like this gradual, this horrible process.  I mean--",neu
Ses02F_impro06_F007," He was so young, you know.  And all the stories he used to tell me about...",sad
Ses02F_impro06_F008, ...the way he wanted to live and he was gonna go to Africa and he was gonna--,sad
Ses02F_impro06_M011," But look at the--he--look at the life he did get to lead.  I mean, for his age, he'd done so much and--",neu
Ses02F_impro06_F009, Nobody's ever gonna forget him.,sad
Ses02F_impro06_M012," Yeah, exactly.  He's made a big impact on a lot of people. and",neu
Ses02F_impro06_M013," And you'll always have that and--you should feel, you know, happy for him that he got to do so much before--I mean, and even after he found out last year.  I mean--",neu
Ses02F_impro06_F010, He did a lot.  But--,sad
Ses02F_impro06_M014," I know.  It doesn't bring him back, but--",neu
Ses02F_impro06_M015," But It's okay because now, you know, you'll just go on with your life and--",neu
Ses02F_impro06_F011, I'm gonna forget him.,sad
Ses02F_impro06_M016," No, you'll never forget him.",neu
Ses02F_impro06_F012, I won't be able to hear his voice or his--,sad
Ses02F_impro06_M017, I know. but you're not  I mean you're not going to forget him.  The pain will go away eventually and--or it will subside--,neu
Ses02F_impro06_F013, You start to lose like that image after a while.,sad
Ses02F_impro06_M018," That will be, It'll be--it'll be better that way. I mean Time will tell.  Time heals, you know, and it's good.  It's okay.  I mean, it wasn't anybody's fault or anything like that so .",neu
Ses02F_impro06_M019," It's hard to lose someone that way, but he's he's better--he's better off now.",neu
Ses02F_impro06_F014, Thanks.,sad
