Uid,Utterances,Labels
Ses02M_script03_1_M000, Good God.,fea
Ses02M_script03_1_F000, Do you think it's them?,xxx
Ses02M_script03_1_M001, I wonder.,xxx
Ses02M_script03_1_F001," Well, nobody knows we're here except Freda and she wouldn't ring up.",xxx
Ses02M_script03_1_M002, Must be them then.,fea
Ses02M_script03_1_F002, What are we going to do?,exc
Ses02M_script03_1_M003," We're all right darling, aren't we whatever happens?",fea
Ses02M_script03_1_F003, Now and always sweet.,hap
Ses02M_script03_1_M004, I don't care then.,xxx
Ses02M_script03_1_F004, It's bound to come sooner or later.,xxx
Ses02M_script03_1_M005, Hello? Hello? What? Wrong number.,exc
Ses02M_script03_1_F005, Oh. It sends shivers down my spine.,exc
Ses02M_script03_1_M006, What do we do if they suddenly walk in on us?,fea
Ses02M_script03_1_F006, Behave exquisitely.,hap
Ses02M_script03_1_M007, With the most perfect poise.,hap
Ses02M_script03_1_F007," Yes, I should probably to a court curtsey.",hap
Ses02M_script03_1_M008," Things that ought to matter dreadfully don't matter at all when one's is happy, do they?",hap
Ses02M_script03_1_F008, What's so horrible is that one can't stay happy.,xxx
Ses02M_script03_1_M009, Oh darling don't say that.,sad
Ses02M_script03_1_F009, It's true; the whole business is a very poor joke.,xxx
Ses02M_script03_1_M010, Meaning that sacred and beautiful thing love?,hap
Ses02M_script03_1_F010, Yes. Meaning just that.,xxx
Ses02M_script03_1_M011, What does it all mean that's what I ask- that's what I ask myself in my ceaseless quest for ultimate truth?  Good God what does it all mean?,hap
Ses02M_script03_1_F011, Don't laugh at me. I'm serious.,xxx
Ses02M_script03_1_M012," You mustn't be serious my dear one, that's just what they want.",exc
Ses02M_script03_1_F012, Who's they?,exc
Ses02M_script03_1_M013," All those futile moralists, who try to make life unbearable, laugh at them, be flippant. Laugh at everything all their sacred shibboleths",xxx
Ses02M_script03_1_M014, flippancy brings out the acid in their damned sweetness in light.,exc
Ses02M_script03_1_F013," Well, if I laugh at everything then I must laugh at us too.",xxx
Ses02M_script03_1_M015," Certainly you must, we figures of fun all right.",exc
Ses02M_script03_1_F014," Well, shall we always want to bicker and fight?",xxx
Ses02M_script03_1_M016," No, that desire will fade along with our passion.",sad
Ses02M_script03_1_F015," Oh dear, should we like that?",sad
Ses02M_script03_1_M017, Depends on how well we play it.,xxx
Ses02M_script03_1_F016," Well, what happens if one of us dies, does the one that's left still laugh?",fea
Ses02M_script03_1_M018," Yes, yes, with all his might.",exc
Ses02M_script03_1_F017," Well that's serious enough, isn't it?",xxx
Ses02M_script03_1_M019," No, no it isn't, death is very laughable, such a cunning little mystery, all done with mirrors.",exc
Ses02M_script03_1_F018," Darling, I believe you're talking nonsense.",xxx
Ses02M_script03_1_M020, So is everyone else in the long run.,exc
Ses02M_script03_1_M021," Let's be superficial and pity the poor philosophers, let's blow our trumpets and squeakers and enjoy the party as much as we can. Like quite idiotic, very small, school children. Let's savor the delight of the moment.",exc
Ses02M_script03_1_M022, Come kiss me darling before your body rots and worms pop in and out of your eye sockets.,exc
Ses02M_script03_1_F019," Elliot, worms don't pop.",xxx
Ses02M_script03_1_M023," I don't care what you do see. You can paint yourself green and dance naked in the Place Vendome, and rush off madly with all the men in the world and I shan't say a word, as long as you love me best.",xxx
Ses02M_script03_1_F020," Thank you dear, the same applies you, except that if I catch you so much as looking at another woman, I'll kill you.",xxx
Ses02M_script03_1_M024, You remember that awful scene we had in Venice?,hap
Ses02M_script03_1_F021, Which particular one?,hap
Ses02M_script03_1_M025," The one when you bought that little, painted, wooden snake in the Piazza and put it on my bed.",xxx
Ses02M_script03_1_F022," Oh Charles, that was his name Charles. It did wiggle so beautifully.",hap
Ses02M_script03_1_M026," Horrible thing, I hated it.",xxx
Ses02M_script03_1_F023, I know you did. You threw it out of the window into the Grand Canal; I don't think I'll ever forgive you for that.,hap
Ses02M_script03_1_M027, How long did that row last?,xxx
Ses02M_script03_1_F024, It went on intermittently for days.,hap
Ses02M_script03_1_M028, The worst one was in Cannes when your curling iron burned a hole in my new dressing gown.,xxx
Ses02M_script03_1_F025, It burned my comb too and all the towels in the bathroom.,hap
Ses02M_script03_1_M029," That was a rouser, wasn't it?",hap
Ses02M_script03_1_F026, That was the first time you ever hit me.,xxx
Ses02M_script03_1_M030, I didn't hit you very hard.,xxx
Ses02M_script03_1_F027, The manager came in and found us rolling around on the floor biting and scratching like panthers.,hap
Ses02M_script03_1_M031, I'll never forget his face.,hap
Ses02M_script03_1_F028," Oh it was ridiculous, completely ridiculous.",hap
Ses02M_script03_1_M032, We were very much younger then.,xxx
Ses02M_script03_1_F029, And very much sillier.,hap
Ses02M_script03_1_M033, As a matter of fact the real cause of that row was Peter Burden.,xxx
