Uid,Utterances,Labels
Ses02F_impro02_F000, It's almost time for me to go.,sad
Ses02F_impro02_M000, I can't believe that--now--are you sure this is absolutely necessary?  Like--,xxx
Ses02F_impro02_F001," There's nothing I can do.  I mean, the government you know--",sad
Ses02F_impro02_M001, What--what're we gonna do here?  I can't--I can't do this by myself.  I--,fru
Ses02F_impro02_F002," You're gonna have to.  I mean, you're a great father.  You can do it.  I know you can.",sad
Ses02F_impro02_M002," But, I'm--I'm nothing--I'm nothing without you here.  Maybe we can--we can get out of this somehow.",fru
Ses02F_impro02_F003, I don't think so.,sad
Ses02F_impro02_M003," Well, come on.  You've gotta think of something.  A year--a year away, it's gonna tear us apart.  I don't even--I don't even wanna think about it.  I mean, I don't even know if I'll be able to get in touch with you or--",fru
Ses02F_impro02_F004," Well, we can do the best we can and-and, with um, you know like wireless internet these days--I think that we could-- Talk every once in awhile.",sad
M, It's not...,
Ses02F_impro02_F005, You could send me pictures.,sad
Ses02F_impro02_M004, It's not going to be the same.,xxx
Ses02F_impro02_M005," What if--maybe--what if, uh, we went somewhere over there?  I don't--I don't know--I--I need to figure something out for this because--",fru
Ses02F_impro02_F006," Their not gonna let you.  You have to stay home and I have to go.  I mean, that's all--",sad
Ses02F_impro02_F007," and--I mean, my daughter--I don't want to put her in danger.  You know?  She has to stay.",sad
Ses02F_impro02_M006, This is gonna be a--a crucial yet--she's--she's growing up.  She's gonna need you.,fru
Ses02F_impro02_F008," I know, but, she needs to be safe more.  She needs to be around kids her age--own age.  She needs to be able to play on the streets and--",sad
Ses02F_impro02_M007, But she's--you're not gonna--you're not gonna be here for--for her first words.  For her first steps.  I mean--it's something that you're supposed to be here for that--,sad
Ses02F_impro02_F009, You can just remember it for me.,sad
Ses02F_impro02_M008, I don't know--I don't know--I don't know how--I don't know how this could even be possible for you--I--if I was--,fru
Ses02F_impro02_F010," Well, I need--I need you to be able to do this for me 'cause I can't do anything about it.",sad
Ses02F_impro02_F011," I mean, it's just as hard for me, but--I know that we can do it, you know",sad
Ses02F_impro02_M009," I mean, you just get to--go off and do your thing.  I mean, yeah, we're both--I don't know--it's bad for both of us, but--",fru
Ses02F_impro02_M010, ...it would be so much better if we can--if we could stay together somehow.  You know--we could--we could do this together.,fru
Ses02F_impro02_F012, I don't want you in danger.  And I don't want her in danger.,sad
Ses02F_impro02_M011, I don't want you in danger.  Where are you going?  You're going over to war.,xxx
Ses02F_impro02_F013, I have no choice. There's nothing I can do.,sad
M, Well--I mean--,
Ses02F_impro02_M012, All right.,sad
