Uid,Utterances,Labels
Ses02F_script02_1_M000, What time is it?  They're supposed to run around midnight.,exc
Ses02F_script02_1_M001," This is great, isn't it?  Look at the night we've got here, couldn't be better.",exc
Ses02F_script02_1_M002," I would have liked to have gone a little further up the coast to get away from the lights and the people, but I was afraid we'd miss it.",exc
Ses02F_script02_1_M003, How you doing?,exc
Ses02F_script02_1_F000, Fine.,xxx
Ses02F_script02_1_M004, Is that--no--is that just foam?  I can't even tell.,exc
Ses02F_script02_1_M005," Well, I guess we can tell, it probably isn't right?  Probably be unmistakable don't you think?",exc
Ses02F_script02_1_M006," How you doing?  Aw, you know what I forgot?  I forgot to bring my flashlight.  Oh, how could I be so stupid?  I should've brought my flashlight.",exc
Ses02F_script02_1_F001, What flashlight?,neu
Ses02F_script02_1_M007," You know, the flashlight, the silver one.  There's only one isn't there?",xxx
Ses02F_script02_1_F002, That's not your flashlight.,xxx
Ses02F_script02_1_M008, Who's is it?,xxx
Ses02F_script02_1_F003, It's ours.  It's mine too.,xxx
Ses02F_script02_1_M009," Oh, well sure.",neu
Ses02F_script02_1_F004," You kept saying my flashlight, if as if somehow it's just yours.  I mean is that supposed to make me feel?",xxx
Ses02F_script02_1_M010," Right, of course.  Our flashlight.  Mine and yours.  I mean, me flashlight is su flashlight naturally.",neu
Ses02F_script02_1_M011, How could we forget to bring it?  I hope the moon stays out.,xxx
Ses02F_script02_1_M012," I wonder, do they always run during a full moon?  I can't remember if it was full last year.  Do you remember?",neu
Ses02F_script02_1_F005, Yeah.,neu
Ses02F_script02_1_M013," You cold?  Do you want my jacket?  Oh, we should've brought the blanket.  Our blanket.",neu
Ses02F_script02_1_M014," This is great, isn't it?  A six pack would be just the ticket right now.",exc
Ses02F_script02_1_M015, I can't believe I forgot.  I'm like a kid.  It's amazing I got out of the house with my fly zipped.,exc
Ses02F_script02_1_M016, You think they can hear us talk?  Or feel the vibrations in the sand when we move around?,exc
Ses02F_script02_1_F006, I'm cold.,xxx
Ses02F_script02_1_M017, Do you want my jacket?,neu
Ses02F_script02_1_F007," It's after eleven, let's just go home.",fru
Ses02F_script02_1_M018, Are you kidding?  We'd miss it.  We just got here.  What's the point of coming down here if we just turn around and go home.,xxx
Ses02F_script02_1_F008, There is no point in coming down here.,xxx
Ses02F_script02_1_M019, Right.,neu
Ses02F_script02_1_F009, That's my point.,xxx
Ses02F_script02_1_M020, That's my point too.,neu
Ses02F_script02_1_F010," So, let's go.",xxx
Ses02F_script02_1_M021, No. No. That's not my point.  The point is there's no point in coming down if we just leave.  Don't you want to see it?,neu
Ses02F_script02_1_F011, Not particularly.,xxx
Ses02F_script02_1_M022, Why not?,xxx
Ses02F_script02_1_F012, I just don't.  It's stupid.,xxx
Ses02F_script02_1_M023," Honey, this is a natural phenomenon.  I mean this only happens once a year, you know.",xxx
Ses02F_script02_1_M024," Think about the people in Kansas, they had to get plane tickets and hotel reservations to see this.  We live forty minutes away.  It's too good to pass up.",exc
Ses02F_script02_1_F013," Pass up what?  These little fish swim onto the beach, they flop around, and swim away.  And then they die.",fru
Ses02F_script02_1_M025," Yeah, but that moment on the beach, is the highlight of their little lives.  All that flopping is laying eggs or what do you--spawning or mating.  I mean,",exc
Ses02F_script02_1_M026, this is a big night for these guys.  Life's last orgy.,exc
Ses02F_script02_1_F014," What are you so excited about?  I mean, it's not a moon landing we're talking about here.  It's fish.  It's a fish nobody even eats.",fru
Ses02F_script02_1_M027, Yeah they do.,fru
Ses02F_script02_1_F015," Ah, Augie.",fru
Ses02F_script02_1_M028, Alright.  But it's fish that do something that none of the other fish do.  Like the swallows returning to Capistrano or the lemmings throwing themselves off the cliffs.,exc
Ses02F_script02_1_M029, There's--there's a bit of the magic--some unexplainable here.  I don't see how you can not be interested.,xxx
Ses02F_script02_1_F016, I'm just not.,fru
Ses02F_script02_1_M030, For real?,xxx
Ses02F_script02_1_F017, Yeah.,xxx
Ses02F_script02_1_M031," I don't get it.  The first time we came here, you said it was the best night of your life.",neu
Ses02F_script02_1_M032," And last year, I remember specifically you were so excited to go that you stubbed your toe rushing me out of the house and didn't even notice until we got in the car.",xxx
Ses02F_script02_1_F018," Last year, you will also remember our shoes got wet, I got sand in my panties, you got a sore throat, we got in a big fight over nothing, and we didn't see the grunions.",fru
Ses02F_script02_1_M033, We weren't in a good spot.,neu
Ses02F_script02_1_F019, We didn't see them the first time either.,neu
Ses02F_script02_1_M034," We just weren't in a good spot.  This is a much better spot.  Believe me, I've got good instincts for these things.",xxx
Ses02F_script02_1_M035, There is that--no that's just seaweed isn't it?,exc
Ses02F_script02_1_M036," Oh man, this is great, isn't it?  I wouldn't miss this for anything.  Here, think about this, all right, I know you're not interested, but think about this.",exc
Ses02F_script02_1_M037," Somewhere out there, this huge mass of silver fish swimming this way.",xxx
Ses02F_script02_1_M038," They don't know why, we don't know why.  Nobody sent them an invitation or a map, it wasn't a decision, just-",xxx
Ses02F_script02_1_M039," all as one, this time release instinctual little firecracker went off and they all turned and formed a line as long as the California coast and started swimming.  And they're swimming right now as if that's all that matters.",exc
Ses02F_script02_1_M040, It's like single mindedness with no mind.  It's urgency that's pure urge.  They don't know what drives them.  They don't ask it a question or give it a name.,exc
Ses02F_script02_1_M041," They just turn as one and start the swim that brings them right here to where we stand, for a massive celebration of sex and death.",exc
Ses02F_script02_1_M042," Ah, God, I'm giving myself goose bumps.  Look, all my hairs are popped up.",exc
Ses02F_script02_1_F020, That's the wind.,xxx
Ses02F_script02_1_M043," Well, so what do you think?",neu
Ses02F_script02_1_F021, About what?,neu
Ses02F_script02_1_M044, What I was saying.,neu
Ses02F_script02_1_F022, It's ridiculous.,xxx
