Uid,Utterances,Labels
Ses02F_script02_2_M000," Well, so what do you think?",exc
Ses02F_script02_2_F000, About what?,neu
Ses02F_script02_2_M001, What I was saying.,neu
Ses02F_script02_2_F001, It's ridiculous.,fru
Ses02F_script02_2_M002, It certainly is not.  It's slightly exaggerated scientific fact.,neu
Ses02F_script02_2_F002, It's PR.  Somebody sold you a bill of goods that this wonderful event is gonna take place on the beach.,xxx
Ses02F_script02_2_M003," Well, I'm not the only one.  Look at all these people.",neu
Ses02F_script02_2_F003," Sure, everybody's told the same story.  It keeps us all excited.  It keeps us coming back for more.  It keeps us thinking that life is gonna start any second now if we could just find the right spot and get in on the action.",xxx
Ses02F_script02_2_M004, Are we talking about the same thing?,xxx
Ses02F_script02_2_F004," Well, I'm sorry, but it's still just fish to me.",xxx
Ses02F_script02_2_M005," Carla, can I ask you something?  Don't take this wrong, but are you having your period?",neu
Ses02F_script02_2_F005," God damn it, Augie, don't ask me that.  I hate it when you ask me that.  You always ask me that.  It's insulting.",ang
Ses02F_script02_2_M006," Well, what's bugging you?",fru
Ses02F_script02_2_F006, We just have different ideas of what this evening is supposed to look like.,ang
Ses02F_script02_2_M007," There's nothing to it.  We come here, the grunion arrive, they do their little fish business, we go ooh, ah, look at the fish.  They go home. We go home.",neu
Ses02F_script02_2_F007," For heaven sake, we're not going to see the grunions.",fru
Ses02F_script02_2_M008, Why not?,fru
Ses02F_script02_2_F008," We never do, do we?  I mean, have we ever?",fru
Ses02F_script02_2_M009, We've missed them twice.  That's not ever.,neu
Ses02F_script02_2_F009, Twice is every time we've tried. That's ever.,fru
Ses02F_script02_2_M010," Well, we'll see them this year.",neu
Ses02F_script02_2_F010," No, we won't.  It's pointless.  It's like waiting up to see Santa Claus.",fru
Ses02F_script02_2_F011," I mean, I feel like my whole life is gonna be spent standing on the beach with my eyes wide open and my hands clasped expectantly waiting for the fish to show up.  And the fish won't show up.",ang
Ses02F_script02_2_M011, I thought you wanted to see it.,fru
Ses02F_script02_2_F012, You don't understand anything I'm saying.,fru
Ses02F_script02_2_M012," No, of course not.",fru
Ses02F_script02_2_F013, I did want to see it.  I always do.  I keep thinking that this is gonna be the time and it never is.,fru
Ses02F_script02_2_M013, It's just fish.  Nothing to get traumatized about.,neu
Ses02F_script02_2_F014," For heaven sake, this isn't about fish.",xxx
Ses02F_script02_2_M014," All right.  Look, I've been trying to work this backwards, but I cannot seem to figure out the exact moment that we took a turn for the worst.",fru
Ses02F_script02_2_M015," I mean, you were-  you were fine during the phone call from Marge.  Dinner was okay.  Doing the dishes was no problem.  Let's see.  I took a shower.  You watched the news.",xxx
Ses02F_script02_2_M016," You said, ""Hey the grunion are running tonight.""  I said, ""Great, let's go.  I feel lucky.""",neu
Ses02F_script02_2_M017," Okay, so I'm putting on my jacket, putting out the animals, getting the car out of the garage--",neu
Ses02F_script02_2_F015," Do you remember the first time we came to see it?  It was about four years ago, right after we got married.",sad
Ses02F_script02_2_F016," I thought I was pregnant, you had a bottle of champagne, but no glasses.  You asked me to dance, so we kicked off our shoes and you popped the cork.",sad
Ses02F_script02_2_F017," And while we were dancing, you said the softest, most intimate things to me right into my ear so that I could feel them as much as hear them.",sad
Ses02F_script02_2_F018," And I remember thinking, this is it.  You know, at last--at last I am as happy as I am supposed to be.",sad
Ses02F_script02_2_M018, Wait a minute.  I've got it.,neu
Ses02F_script02_2_F019," Just dancing barefoot in the sand, drinking champagne out of the bottle.",sad
Ses02F_script02_2_M019," It was in the car, right?  Driving past the Knickerbocker Liquor Locker, you said, ""let's get some champagne,"" and I said, ""time's a wasting"" or something like that, right?",neu
Ses02F_script02_2_M020," Yeah, of course, I see it now.  You want this to be like that other time, right?  That's it, right?",neu
Ses02F_script02_2_F020, I'd rather not remember some things.  I would rather not hope for some things.,sad
Ses02F_script02_2_M021," Okay, yeah, sure, I see it now.  Listen, you wanna dance?",neu
Ses02F_script02_2_F021, No.,sad
Ses02F_script02_2_M022, You want me to go get some champagne?,neu
Ses02F_script02_2_F022, No.,sad
Ses02F_script02_2_M023, Take off our shoes?,neu
Ses02F_script02_2_F023, No. No.,xxx
Ses02F_script02_2_M024," Well, what?  You want me to breathe in your ear?",fru
Ses02F_script02_2_F024, No.,sad
Ses02F_script02_2_M025, You wanna get married again?,fru
Ses02F_script02_2_F025, No.,fru
Ses02F_script02_2_M026, What?  What?  You want a divorce?,fru
Ses02F_script02_2_F026, No.,fru
Ses02F_script02_2_M027, A vacation?,fru
Ses02F_script02_2_F027, No.,fru
Ses02F_script02_2_M028," A new carpet?  A poodle?  Ice cream?  Back rub?  A suicide pact?  What?  What?  Carla, what the hell do you want?",fru
F, No.,
Ses02F_script02_2_F028, I want something to turn out the way that it's supposed to.,xxx
Ses02F_script02_2_M029," Well, welcome to the human race.  Do you think this is what I had in mind when I proposed?  That four years down the road, we'd be at the beach yelling at each other over fish?",ang
Ses02F_script02_2_M030," No.  You think I knew that there'd be times when you'd look at me like a used Kleenex?  Or that I'd look at you and think, holy hell, when's the next flight to Alaska?",xxx
Ses02F_script02_2_M031," No, Carla, I'm just like you.  I thought it was gonna be all peaches and roses and sand in our toes and wind in our hair and the fish will always come and the bills will pay themselves and we'll have three fat rosy kids and ha, ha, baby, the joke's on us",sad
Ses02F_script02_2_M032," 'cause you know what you get, Carla?  You know what you get?  This.",fru
Ses02F_script02_2_F029, This.  What?  What is this?  This isn't even anything.,xxx
Ses02F_script02_2_M033," Yes, it is.",neu
Ses02F_script02_2_F030," Uh, right this is standing on the beach.  This is waiting.  This is fighting.",xxx
Ses02F_script02_2_M034, Right.,neu
Ses02F_script02_2_F031, Well.  This isn't anything like I thought anything would be like.,sad
Ses02F_script02_2_M035," I know, me neither.",sad
Ses02F_script02_2_F032," I mean, this is just this.  It includes a lot and everything, but it isn't something else.  Do you have any idea what I'm trying to say?",xxx
Ses02F_script02_2_M036, I'm doing the best I can.,sad
Ses02F_script02_2_F033," I know that, Augie.  Really, I do.",sad
Ses02F_script02_2_F034," I know that you meant this to be special and nice and the sand and the moon and all, but I just couldn't help thinking about being somewhere else.",sad
Ses02F_script02_2_M037, Maybe if you were with somebody else too.,sad
Ses02F_script02_2_F035, I didn't say that.,sad
Ses02F_script02_2_M038," No, I know.  But still.  I know I don't make you happy.",sad
Ses02F_script02_2_F036," Oh, for heaven sake, whatever I'm doing, I'd rather be doing it with you.",xxx
Ses02F_script02_2_M039, Yeah?,sur
Ses02F_script02_2_F037," Oh, don't be ridiculous.  I mean, don't you know that?",xxx
Ses02F_script02_2_F038, You're the one who probably wishes you were with someone else.  Someone who--you'd rather enjoy yourself and didn't take everything so hard.,sad
Ses02F_script02_2_M040," Well, now that you mention it.  No, I don't.",xxx
Ses02F_script02_2_F039," Okay.  Fine so.  We're in the wrong spot, but we're with the right person.",xxx
Ses02F_script02_2_M041," I don't know.  It seemed like a pretty good spot to me.  I mean, look at the view you have of the moon from here.",hap
Ses02F_script02_2_F040," Yeah, I noticed that.  Looks pretty, doesn't it?  Big ol' white moon.",xxx
Ses02F_script02_2_M042," Well, look what we have here.",hap
Ses02F_script02_2_F041," Augie, you brought refreshments.",hap
Ses02F_script02_2_M043, It's not champagne.,hap
Ses02F_script02_2_F042," Well, then we don't need glasses.",hap
Ses02F_script02_2_M044, You still cold?  Do you wanna go home?,xxx
Ses02F_script02_2_F043, No.  I think you might be right.  Maybe this is the spot after all.,hap
Ses02F_script02_2_F044," Augie, I'm sorry.",sad
Ses02F_script02_2_M045, Shh.  If we're very quiet the fish might come.,hap
Ses02F_script02_2_F045, Or not.,hap
Ses02F_script02_2_M046, Or not.,hap
