Uid,Utterances,Labels
Ses02F_impro01_F000," Hi. Excuse me.  Um, I'd like to put in this application for my registration.",neu
Ses02F_impro01_M000, Hi.,neu
Ses02F_impro01_M001," Okay.  Let me see here.  Um, we need--we need your original birth certificate.",neu
Ses02F_impro01_F001, My--my original birth certificate?  But I don't carry that with me.,sur
Ses02F_impro01_M002, Right.  Well.  We still need it.,neu
Ses02F_impro01_F002," Well, I have my driver's license, does that work?",xxx
Ses02F_impro01_M003," No. no  Uh, no one told you that you needed your original birth certificate.",xxx
Ses02F_impro01_F003, No it doesn't say it on the form.,fru
Ses02F_impro01_F004," I mean it just says that you need some form of identification, but it doesn't say what kind of identification.",fru
Ses02F_impro01_F005, I mean if I had known--I would have brought it.,fru
Ses02F_impro01_M004, um Sorry.,neu
Ses02F_impro01_M005," Okay.  Um, I'm sorry but I--I can't help you.  You're gonna have to go back and uh...",fru
Ses02F_impro01_F006," Look, I've been waiting in line for a really long time.  I mean, you've seen how long it is.",fru
Ses02F_impro01_F007, It's lunch hour.,fru
Ses02F_impro01_M006, Right.  It's the D.M.V..,fru
Ses02F_impro01_M007," I know, it gets long, but I can't do anything without your--do you have Social Security card, maybe?",fru
Ses02F_impro01_F008," Well, no.  I mean, I don't carry my original documents with me because if those things get destroyed, then what do you, you know what I mean, like if I loose my wallet or something, I'll never have them again.",fru
Ses02F_impro01_F009, I have my passport and I have my driver's license. And that's all I have.,fru
Ses02F_impro01_M008," Alright, I don't know what to tell you right.",fru
Ses02F_impro01_M009," I think you're just gonna--you're gonna have to get 'em and then you can back and then, we'll help you out.  Maybe, we can-",fru
Ses02F_impro01_F010," But, isn't there anything you can do.  Can't you make an exception this one time?  My picture is on both of those identifications.  It's not like you don't know that it's me.",fru
Ses02F_impro01_M010, I can't.,fru
Ses02F_impro01_F011, And I can give you my social--,fru
Ses02F_impro01_M011," I make an exception for you and I have to make an exception for everyone.  I mean, I-I've seen this before and I know it's frustrating, but there's nothing I can do. You just have to-",fru
Ses02F_impro01_F012," Well, I can give you my Social Security Number.",fru
Ses02F_impro01_M012," No, it's--",fru
Ses02F_impro01_F013, And I can tell you where I was born and what time and by who and what day.,fru
Ses02F_impro01_M013," Okay.  But how do I--that's- that's not proof to me.  How do I know that, you know, that it's really you.  I need--",fru
Ses02F_impro01_F014, I can't go--I have to go back to work.  I don't have time to go back to my house and get all of that stuff and then get back in line and wait for another forty five minutes.,fru
Ses02F_impro01_M014," Well, the weekends are not as busy.  Maybe you can uh, come and try to get here early--",fru
Ses02F_impro01_F015," Um, I have kids.  I have to take them places on the weekends.  I don't have time to come back here.  Please.  I really need you to help me.",fru
Ses02F_impro01_M015, I can't.  There's nothing I can do.  I'm sorry.,fru
Ses02F_impro01_F016, Well.  [BREATHING] I just--I just don't.  I-I'm sorry that I'm standing here-- But I can't leave. I-,fru
Ses02F_impro01_M016, The line--,xxx
Ses02F_impro01_F017," I really need this done today.  As you can see, the deadline is almost up and I can't come back.",fru
Ses02F_impro01_M017," Ok, but you're right now you're holding up more people in line by standing here-- and letting",ang
Ses02F_impro01_F018," Well, why didn't the D.M.V. put that you needed your birth certificate on the application then?",ang
Ses02F_impro01_M018," I--when you're going to the D.M.V., you usually need pretty professional identification--",fru
Ses02F_impro01_M019," You know, Official documentation--",ang
Ses02F_impro01_F019," Yeah, but your birth certificate--I mean, who carries around their birth certificate?  Nobody does that.",ang
Ses02F_impro01_M020," No, but you come--you come to the D.M.V., it's something-- You should've- You should've figured--",fru
Ses02F_impro01_F020, With your driver's license and your passport.  Just like everybody else.,ang
Ses02F_impro01_M021," But, without your drive--where-where- what about your identification without your driver's license?  I mean, you need--you needed something before then?",fru
Ses02F_impro01_F021," Who--you always use your driver's license.  I mean, you're not coming to the D.M.V. if you're not over sixteen and that's when you get your driver's license so you're never gonna need it anyway.",ang
Ses02F_impro01_M022," All right.  Well, um, you know, I'd love to help you, but--nothing I can do.",fru
Ses02F_impro01_M023," So, if you wanna go get your birth certificate, um, maybe come back--I don't--maybe you can talk to the person in the--in the front of line maybe.  I don't know.",fru
Ses02F_impro01_F022, Do you have a supervisor?,fru
Ses02F_impro01_M024, I am the supervisor.  So--,fru
Ses02F_impro01_F023," Well, thank you very much.  You've been very helpful.",fru
M, All right.  Thank you.,
