Uid,Utterances,Labels
Ses02M_impro03_M000," Oh, you're never going to believe it.",exc
Ses02M_impro03_F000, What? What? You look really happy what's going on?,exc
Ses02M_impro03_M001," Well, I finally did it",exc
Ses02M_impro03_F001, Finally did what?,exc
Ses02M_impro03_M002, I-I asked her to marry me.,xxx
Ses02M_impro03_F002," You did? Oh, my Gosh, I'm so proud of you.",xxx
Ses02M_impro03_M003," Yes, I know. [LAUGHTER]",xxx
Ses02M_impro03_F003," Oh, my Gosh. Well, and did",exc
M, God. ,
Ses02M_impro03_M004," I'm so nervous you know, I'm-",xxx
Ses02M_impro03_F004, Did she say yes?,exc
Ses02M_impro03_M005," Yes, she said yes. [LAUGHTER] I know",exc
Ses02M_impro03_F005, That's like the most definitive.,exc
Ses02M_impro03_M006, I know Uhm- I can't believe it.  It's like-,xxx
Ses02M_impro03_F006," Oh, my gosh, wait so when did you decide to do this, I mean,",xxx
Ses02M_impro03_F007, I would have thought you would have told me that you were planning on doing this.,exc
Ses02M_impro03_M007," Well, yes, I wanted it you know I guess sort of as a surprise for everyone so",xxx
Ses02M_impro03_F008," Yea, I guess so. Oh, my Gosh. Was she surprised?",exc
Ses02M_impro03_M008," Yes, yes. You know, she - she was like - I mean, she was happy, you know",exc
Ses02M_impro03_F009, Yeah.,xxx
Ses02M_impro03_M009," I - I think it was about time, I don't know, maybe. You know what, it's been it's been long enough now.",exc
Ses02M_impro03_F010, So what did you do?,xxx
Ses02M_impro03_M010," Oh, well, it was -- you know, we were at this- at this concert and yeah",hap
Ses02M_impro03_M011, so I-I talked to some of the crew before hand and-,hap
Ses02M_impro03_F011," Oh, You did not.",exc
Ses02M_impro03_M012, I-I did.,hap
Ses02M_impro03_F012," Oh, my Gosh. that's so cute",exc
Ses02M_impro03_M013," So I got the band to do something, you know, like towards the end of the song I got to go up on stage and, uh",xxx
Ses02M_impro03_F013," That's so romantic. Oh, my Gosh. She must have died. That's like one of those things you write into a magazine about like my boyfriend did this. Oh my God.",exc
Ses02M_impro03_M014," I know, so",hap
Ses02M_impro03_M015, I got to freak her out.,hap
Ses02M_impro03_M016," No, yes -- so",exc
Ses02M_impro03_F014, She must have flipped out.,exc
Ses02M_impro03_M017," Yea, that way she was guaranteed that she could not say no.",hap
Ses02M_impro03_F015, Right exactly because you can't say no in front of thousands of people. [LAUGHTER],exc
Ses02M_impro03_M018," No, but it was good.",exc
Ses02M_impro03_F016, Did you bring her up on stage too?,exc
Ses02M_impro03_M019," Yes, yes. [LAUGHTER]",exc
Ses02M_impro03_F017," Oh, my Gosh, that's so cute.",exc
Ses02M_impro03_M020," I know it was, I don't know I was really nervous but I'm really - I'm really glad.",exc
Ses02M_impro03_F018, Are your parents excited or...?,exc
Ses02M_impro03_M021," Oh yes, they - they you know they love her and so I mean...",hap
Ses02M_impro03_F019," Yea, totally. So when is it going to happen?",xxx
Ses02M_impro03_M022," Well, we're thinking uh - we're thinking winter time, you know, we're going to do it in the winter and then maybe, you know, maybe",xxx
Ses02M_impro03_M023," I don't know either do a honeymoon like in the snow or fly down to like Australia, Southern Hemisphere, [GARBAGE] so we'll decide with that.",xxx
Ses02M_impro03_F020," Ooh, that would be fun.",exc
Ses02M_impro03_F021," Do you think you'll get a house or something, like you guys are looking to buy some place or",xxx
Ses02M_impro03_M024," Yea, yea, I'm not too sure where yet I guess you know, I kind of got to figure some stuff out here first",exc
Ses02M_impro03_F022, Yeah. [LAUGHTER],xxx
Ses02M_impro03_M025, but like you know it's just - I guess we're just excited right now that we'll get to continue it together.,xxx
Ses02M_impro03_F023," Oh my Gosh. I cannot believe you're getting married, that is so cool.",exc
Ses02M_impro03_M026, I know.,exc
Ses02M_impro03_F024," Golly, it just makes me all like romantic inside, like I really want that to happen to me. [LAUGHTER]",exc
Ses02M_impro03_M027," Oh, it will, obviously you know. But I know it's something - I don't know, you never really think about it happening, like before hand.",hap
F, That's so fun. Oh my gosh.,
Ses02M_impro03_F025, Did you have a good ring? You better have had a good ring.,xxx
Ses02M_impro03_M028," Sure. Oh, yes.",hap
F, Good.,
Ses02M_impro03_F026, Good. The ring makes all the difference.,xxx
Ses02M_impro03_M029, You know I had my mom come along maybe help me out a little bit because she's got good taste. but,xxx
F," Good, good, good, good.",
Ses02M_impro03_F027," Oh, that's awesome.",xxx
Ses02M_impro03_M030," Yes, well, Thanks, thanks. Thank you. yeah",exc
Ses02M_impro03_F028," Yay, well congratulations, that's so cool. [BREATHING] I can't wait.",exc
Ses02M_impro03_M031, Hah.,hap
