Uid,Utterances,Labels
Ses02F_impro07_M000," So, how's it going?",neu
Ses02F_impro07_F000," It's going really well.  Um, I received something in the mail today.",xxx
Ses02F_impro07_M001," Oh, you got what?  Where?",exc
Ses02F_impro07_F001, I got into U.S.C.,exc
Ses02F_impro07_M002," Oh, no way.",exc
Ses02F_impro07_F002," Yeah, I'm so excited.  So I'm gonna say--",exc
Ses02F_impro07_M003, Are you gonna go? you gonna-,exc
Ses02F_impro07_F003," Yeah, I think, I mean because where else would I gonna go?  Like the other places that I applied to I really didn't like that much anyway.",exc
Ses02F_impro07_F004, So--,exc
Ses02F_impro07_M004," Wow, that's...",exc
Ses02F_impro07_M005," ...that's first choice, huh? That's so awesome and now look you're gonna be--you're gonna be here. you know",exc
Ses02F_impro07_F005," Yeah, I know.",exc
Ses02F_impro07_F006, Absolutely. I'm so excited.,exc
Ses02F_impro07_F007," I know.  I know. And we'll all get to hang out.  And I'm--even though we'll be at like at different parts of the city, we can still, like...",exc
Ses02F_impro07_F008," ...hang out and, like, have our different lives--And meet each other's friends and stuff.  So, I'm just so glad 'cause they have such a good school",exc
Ses02F_impro07_M006," Yeah, no, definitely--It's gonna..",exc
Ses02F_impro07_M007, Yeah.,exc
Ses02F_impro07_F009," and like-- The football team--And like all the-...you- what I mean, like...",exc
M, Wow.,
Ses02F_impro07_M008, Yeah,exc
Ses02F_impro07_M009, Fight on.,exc
Ses02F_impro07_F010," You can walk somewhere and be anywhere in the country and be like, oh, yeah, I am at U.S.C.",exc
Ses02F_impro07_F011," And you know what, you know what I mean, like it's recognizable rather than just being like I went some random school. It's like people really know what you...",exc
Ses02F_impro07_M010, [LAUGHTER],exc
Ses02F_impro07_M011, Wow. That's cool.,exc
Ses02F_impro07_F012," ...like, they feel like--I feel like it's going to be so like accomplished.  Do you know what I mean?",exc
Ses02F_impro07_F013, Like it has some prestige. so,exc
Ses02F_impro07_M012, Yeah. Hey. Prestigious school.,xxx
Ses02F_impro07_M013," So, what, do you have to send in your deposit now?  Or what you-?",xxx
Ses02F_impro07_F014," Yeah, I mean there's all the money stuff and my mom's helping me with the financial aid and stuff.  But, it'll be fine--",exc
Ses02F_impro07_F015," Like, now that I'm accepted, it's just, like, such a huge load off my mind.",exc
Ses02F_impro07_M014, That's great.,xxx
Ses02F_impro07_F016, I don't mind worrying about all the paperwork.  You know--,exc
Ses02F_impro07_M015, Yeah.,xxx
Ses02F_impro07_M016, So...,neu
Ses02F_impro07_F017," Because, I don't have to like make that decision anymore.  I don't have to try and decide, like, what the bad school I'm going to go to is. you know",exc
Ses02F_impro07_M017," Right.  Right.  Right. Oh, man, then you're going to have to do orientation, I guess.",exc
Ses02F_impro07_F018," I know. I know.  I think you go and you like stay for a couple of days and you meet people and--And they'll give you like a tour--And show you everything.  Oh, man, I'm just so--I'm so excited.",exc
M, Oh boy. Right. Yeah. It'll be crazy.,
Ses02F_impro07_M018, That'll be awesome.,hap
Ses02F_impro07_M019," I mean because you went to the campus before, right?",hap
Ses02F_impro07_F019," Yeah, oh totally.  It's a beautiful campus.  It's gonna be really nice.  Um, and everyone is friendly and like there's ivy on all the walls.  Oh, it's just so--it's so like collegiate.",exc
Ses02F_impro07_F020," You know what I mean?  Like, it's like exactly what I want.",exc
Ses02F_impro07_M020, So what're you--what're you gonna do there?  Have you decided?  Thought about it?,xxx
Ses02F_impro07_F021," Well, you know, I've thought about it but they have so many things that I might--Like try some things out first...",exc
Ses02F_impro07_M021," I know.  I mean, it's good all around.",xxx
Ses02F_impro07_F022," ...because also on the list of their, um, like G.E.'s or whatever, you have a lot of choices within every single one.  So you can, like, try things out and not just be like, oh, I have to take math, oh, I have to take this.  You know what I mean?",exc
Ses02F_impro07_F023," So, um, so I don't know.",exc
Ses02F_impro07_M022, [LAUGHTER],xxx
Ses02F_impro07_F024, I mean I'm gonna take a bunch of stuff and see.,exc
Ses02F_impro07_M023, Oh man.,exc
Ses02F_impro07_F025," I- They have like--they just have so many like prestigious like this school is top ten and like the departments within it, you know what I mean.",exc
Ses02F_impro07_M024, I always see people walking around with like U.S.C stuff on--,xxx
Ses02F_impro07_F026," I know, I get to be one of those now--I'll like walk around and be like a U.S.C..  You know what I mean.",exc
Ses02F_impro07_M025, You know is like.,xxx
Ses02F_impro07_M026, I know.,xxx
Ses02F_impro07_M027, Ahh. Yeah. [GARBAGE],exc
Ses02F_impro07_M028," You'll be like are you a fan or a student you know? Student. [LAUGHTER] Oh man, that's awesome.",exc
Ses02F_impro07_F027, And you'll be like...,exc
Ses02F_impro07_F028," Student. I'm a student. Yes I am, Thank you very much.",exc
Ses02F_impro07_F029, [BREATHING],exc
Ses02F_impro07_M029, A U.S.C. graduate now. You're set.,exc
Ses02F_impro07_F030, I know.  I'm excited.,exc
Ses02F_impro07_F031," Well, that'll take a while. [GARBAGE]",exc
Ses02F_impro07_M030," I know, that's a ways down the road. That's cool.",xxx
Ses02F_impro07_F032, That's going to be a lot of work.,exc
Ses02F_impro07_F033," But, it'll be fine, I mean.  I'm so excited. It's going to be so fun.",exc
Ses02F_impro07_M031, In LA. Oh man.,xxx
Ses02F_impro07_F034," I know, and I mean the area's not great, but like the school makes up for it. It'll be fine. It'll be good.",exc
Ses02F_impro07_M032, So much.,xxx
Ses02F_impro07_M033," But it's LA, you know, everything.",xxx
Ses02F_impro07_M034, You're getting close to the beach.  I mean geez.,exc
Ses02F_impro07_F035, I know. I know. So fun.  I can't wait.,exc
Ses02F_impro07_M035," Cool.  Well give me a call, you know when--You get in town. definitely Awesome.",xxx
Ses02F_impro07_F036, I will. I will. Thank you.,exc
Ses02F_impro07_F037, Thanks.,exc
