Uid,Utterances,Labels
Ses02M_impro04_M000," Uhm, I don't know",fru
Ses02M_impro04_F000, So how you feeling?,neu
Ses02M_impro04_M001, I don't know what I'm going to do about this; I mean,fru
Ses02M_impro04_M002," I have got to get a job, you know? Like-",fru
Ses02M_impro04_F001," You've been doing a lot of work for it, right?",neu
Ses02M_impro04_M003," Well, yea you know, I get my resumes and I mean I-",fru
Ses02M_impro04_F002," Right, so the fact you doing the best that you can is -",neu
Ses02M_impro04_M004," I go out all the places I can, every place that'll give an interview you know.",fru
Ses02M_impro04_F003," you know you shouldn't give yourself a hard time for that, it's the best you can.",neu
Ses02M_impro04_M005," But it's been so long, like what - what am I - what am I waiting -- I should probably just do something else, or",fru
Ses02M_impro04_F004," Well, but you care about what you do, right?",neu
Ses02M_impro04_M006," I don't know, I mean why - why",fru
Ses02M_impro04_M007," Yea, but it's - it's almost like it's not worth it you know, if I'm going to waste to have my life like trying to get a job, I mean once I actually do get the job it's like oh, retirement or something. I don't know, you know.",fru
F, Yeah,
Ses02M_impro04_F005," I understand that it's so frustrating but I know that you're here because you really want it you know and, and uh",neu
Ses02M_impro04_M008," Well, and that's what I begin to question after a while is maybe I just don't want it, maybe it's not even worth it, you know, like",xxx
Ses02M_impro04_M009," I don't even know if it's going to be worth it because I can't break myself in, you know like I can't - can't even get a foot in the door you know.",fru
Ses02M_impro04_F006," Well, I mean you're still here you've tried for this long so I think that says something all in itself.",neu
Ses02M_impro04_M010," Yea, it says I'm stupid enough to be trying this long and not move on somewhere else.",fru
F, No it means you have persistence.,
Ses02M_impro04_F007, You are persistence. I mean that's important. that's,neu
Ses02M_impro04_M011," I mean, I can't- I can't be persistent forever, you know, you can't not have a job forever, you know, I've got- I've got to do something, I've got to make money and get food on the table.",fru
Ses02M_impro04_F008," Well, you're talented so keep that in mind, you know, you shouldn't give yourself too hard of a time.",neu
Ses02M_impro04_M012," I mean, maybe I'm not, you know. I don't have a job. Maybe - maybe I'm not as good as-as I thought I was and",fru
Ses02M_impro04_M013, I just got a whole skewed opinion on just how this is supposed to work out and,fru
Ses02M_impro04_F009, I'm sorry.,sad
Ses02M_impro04_M014," I don't know, it's just not, I don't know - I don't know what to do really, you know, I'm just thinking",sad
Ses02M_impro04_M015," maybe - maybe take up painting, I don't know, you know.",fru
Ses02M_impro04_M016," Do something that I don't have to go out and do something, stay at home, I don't know.",fru
Ses02M_impro04_M017, Seems like the only option at this point because obviously the outer world has just rejected me of all possible employment.,fru
Ses02M_impro04_F010," That's- I mean. There are more factors then just whether you're good or not, you know what I mean like",neu
Ses02M_impro04_F011," and the fact that you know there is always different types of things and what kind of people they want in the office and whether it's male or female or you know what I mean, like things are out of your control.",neu
Ses02M_impro04_F012, So you should take that in consideration rather than giving yourself such a hard time.,neu
Ses02M_impro04_M018," I know, but I mean- if that's the - you know, I'm either like the worst at this or just the most unlucky person on the planet I mean this doesn't",fru
Ses02M_impro04_F013," It might be the latter I don't know because you're not the worst, I mean you're great, you very talented at what you do.",xxx
Ses02M_impro04_M019, this doesn't happen to a normal person.,ang
Ses02M_impro04_F014," You know and the fact you still here and still cooking, like it's good that you're thinking about it, that you're reconsidering.",neu
Ses02M_impro04_F015," But like, just because you're considering why it's been so difficult doesn't mean you should just stop.",neu
Ses02M_impro04_M020," I mean, I don't know, I don't see - I don't see any other way - any other way around it right now.",fru
Ses02M_impro04_F016," Maybe you should take a little break from it, but I don't think you should stop.",neu
M, Maybe-,
Ses02M_impro04_M021, What am I going to do on a break?,xxx
Ses02M_impro04_F017," Get out of town or something, I mean you need - you need to clear your head 'cause you seem like you're really frustrated about it. I mean you need to like, be excited about you're doing, rather than, you know upset.",xxx
Ses02M_impro04_M022, Right. Thanks for talking to me.,sad
