Uid,Utterances,Labels
Ses02M_script02_2_M000, So what do you think?,neu
Ses02M_script02_2_F000, About what?,xxx
Ses02M_script02_2_M001, What I was saying.,neu
Ses02M_script02_2_F001, It's ridiculous.,fru
Ses02M_script02_2_M002, Certainly it's not. Slightly exaggerated scientific fact.,neu
Ses02M_script02_2_F002, It's PR. Someone sold you a bill of goods that this wonderful event is going to take place on the beach.,xxx
Ses02M_script02_2_M003," Well, I'm not the only one look at all these people.",xxx
Ses02M_script02_2_F003," Yea, sure everyone was sold the same story. I mean it keeps us all excited, keeps us coming back for more, keeps us thinking that life is going to start any second now if we can just get in on the action and find the right spot.",xxx
Ses02M_script02_2_M004, Are we talking about the same thing?,xxx
Ses02M_script02_2_F004, I'm sorry but it's still just fish to me.,xxx
Ses02M_script02_2_M005," Carla, can I ask you something? Don't take this wrong but are you having your period?",fru
Ses02M_script02_2_F005, Goddamn it Augie don't ask me that. I hate it when you ask me that. You always ask me that. It's insulting.,ang
Ses02M_script02_2_M006," Well, what's bugging you?",fru
Ses02M_script02_2_F006, We just have different ideas of what this evening is supposed to look like.,ang
Ses02M_script02_2_M007," There is nothing to it, we come here, the Grunion arrive, then do their little fish business, we go oh ah look, they go home, we go home.",fru
Ses02M_script02_2_F007, For heavens sake we are not going to see the Grunions.,fru
Ses02M_script02_2_M008, Why not?,fru
Ses02M_script02_2_F008," We never do, do we? I mean have we ever?",fru
Ses02M_script02_2_M009, We've missed them twice; that's not ever.,fru
Ses02M_script02_2_F009," Twice is every time we've tried, that's ever.",fru
Ses02M_script02_2_M010," Well, we'll see them this year.",neu
Ses02M_script02_2_F010," No we won't; it's pointless. It's like waiting up to see Santa Claus,",fru
Ses02M_script02_2_F011, I mean I feel like my whole life is going to be spent standing on the beach waiting for the fish to show up with my eyes open and my hands clasped expectantly and the fish won't show up.,ang
Ses02M_script02_2_M011, I thought you wanted to see them.,fru
Ses02M_script02_2_F012, You don't understand anything I'm saying.,fru
Ses02M_script02_2_M012, No of course not.,fru
Ses02M_script02_2_F013," I did want to see them, I always do. I mean I keep thinking that this is going to be the time and it never is.",ang
Ses02M_script02_2_M013," It's just fish, I mean nothing to get traumatized over.",xxx
Ses02M_script02_2_F014, For heavens sake this isn't about fish.,fru
Ses02M_script02_2_M014, All right. I've been trying to work this backwards but I cannot seem to pinpoint the moment that we took a turn for the worst.,fru
Ses02M_script02_2_M015," You were fine during the phone call from Marge, dinner was okay, doing the dishes was no problem, let's see, I took a shower, you watched the news, you said",neu
Ses02M_script02_2_M016," ""the Grunion are running tonight,"" I said ""great, let's go, I feel lucky,""",neu
Ses02M_script02_2_M017," okay so I'm getting on my jacket and putting out the animals, getting the car out of the garage-",neu
Ses02M_script02_2_F015, Do you remember the first time we came to see it? It was about four years ago right after we got married.,sad
Ses02M_script02_2_F016," We thought I was pregnant and we opened a bottle of champagne but no glasses, you asked me to dance, we kicked off our shoes and you popped the cork.",sad
Ses02M_script02_2_F017, And when we were dancing you said the softest most intimate things to me right into my ears so I could feel them as much as hear them,sad
Ses02M_script02_2_F018," and I remember thinking that this is it you know. At last, at last I am as happy as I am supposed to be",sad
Ses02M_script02_2_M018, Wait a minute I've got it,xxx
Ses02M_script02_2_F019," Just dancing barefoot in the sand, drinking champagne out of the bottle.",sad
Ses02M_script02_2_M019," It was in the car, right? Driving past the Knickerbocker Liquor Locker you said, let's get some champagne and I said times are wasting or something like that, right?",exc
Ses02M_script02_2_M020," Of course, I see it now; you want this to be like that other time, right? That's it, right?",exc
Ses02M_script02_2_F020, I'd rather not remember some things. I would rather not hope for some things.,sad
Ses02M_script02_2_M021," Yea. Okay, sure, no. I see. Listen, you want to dance?",neu
Ses02M_script02_2_F021, No.,sad
Ses02M_script02_2_M022, You want to go get some champagne?,neu
Ses02M_script02_2_F022, No.,sad
Ses02M_script02_2_M023, Take off our shoes?,neu
Ses02M_script02_2_F023, No.,xxx
Ses02M_script02_2_M024," What, you want me to breathe in your ear?",xxx
Ses02M_script02_2_F024, No.,xxx
Ses02M_script02_2_M025, Get married again?,neu
Ses02M_script02_2_F025, No.,fru
Ses02M_script02_2_M026, What? What? You want a divorce?,fru
Ses02M_script02_2_F026, No.,fru
Ses02M_script02_2_M027, A vacation?,fru
Ses02M_script02_2_F027, No.,fru
Ses02M_script02_2_M028," A new carpet? A poodle, a ice cream, backrub, a suicide pact, what, what Carla, what the hell do you want?",fru
F, No.,
Ses02M_script02_2_F028, I want something to turn out the way that it supposed to.,fru
Ses02M_script02_2_M029," Well welcome to the human race, all right. Do you think this is what I had in mind when I proposed? You think I had this great fantasy going that four years down the road we'd come to the beach and yell at each other over fish?",ang
Ses02M_script02_2_M030," You think I knew that there be times when you'd look at me like I'm a used Kleenex, or that I'd look at you and think holy hell when is the next flight to Alaska?",xxx
Ses02M_script02_2_M031," No, no, just like you I thought it was going to be all like peaches and roses and sand in our toes, and wind in our hair, and the fish will always come and the bills will pay themselves and we'll have three, fat, rosy kids and ha-ha baby the joke is on us",fru
Ses02M_script02_2_M032," 'cause you know what you get Carla, you know what you get? This.",fru
Ses02M_script02_2_F029," This? What, what is this? This isn't even anything.",fru
Ses02M_script02_2_M033," Yes, it is.",xxx
Ses02M_script02_2_F030," I'm sure, this is standing on the beach, this is waiting, this is fighting.",fru
Ses02M_script02_2_M034, Right.,xxx
Ses02M_script02_2_F031," Well, but this isn't anything like I thought anything would be like.",sad
Ses02M_script02_2_M035," No, I know. Me neither.",sad
Ses02M_script02_2_F032, I mean it's -- this is just this. I mean it includes a lot and everything but isn't something else. Do you have any idea what I'm trying to say?,fru
Ses02M_script02_2_M036, I'm doing the best I can.,xxx
Ses02M_script02_2_F033, I know that Augie. Really I do.,xxx
Ses02M_script02_2_F034," I know that you meant this to be special and nice, and there's the sand and the moon and everything but I just couldn't help thinking about being somewhere else.",sad
Ses02M_script02_2_M037, Maybe if you were with somebody else too.,sad
Ses02M_script02_2_F035, I didn't say that.,xxx
Ses02M_script02_2_M038," No, I know. But still, I know I don't make you happy.",sad
Ses02M_script02_2_F036," For heavens sake, whatever I'm doing I'd rather be doing it with you.",xxx
Ses02M_script02_2_M039, Yeah?,xxx
Ses02M_script02_2_F037, Don't be ridiculous. I mean don't you know that?,hap
Ses02M_script02_2_F038," You're the one who probably wishes he was with someone else, someone who knew how to enjoy herself and didn't take everything so hard.",sad
Ses02M_script02_2_M040," Now that you mention it. No, I don't.",hap
Ses02M_script02_2_F039," Okay.  Fine, so we're in the wrong spot but we're with the right person.",xxx
Ses02M_script02_2_M041, I don't know it seemed like a pretty good spot to me. Look at the moon - view the moon view I got from here.,hap
Ses02M_script02_2_F040," Yes, I noticed that. It looks pretty on the water doesn't it? Big old white moon.",xxx
Ses02M_script02_2_M042, What have we got here?,hap
Ses02M_script02_2_F041," Augie, you brought refreshments.",xxx
Ses02M_script02_2_M043, It's not champagne.,xxx
Ses02M_script02_2_F042," Well, I guess we don't need glasses.",hap
Ses02M_script02_2_M044, You still cold? Do you want my jacket? Do you want to go home?,xxx
Ses02M_script02_2_F043, No. No. I think you might be right. I think this may be the spot after all.,xxx
Ses02M_script02_2_F044," Augie, I'm sorry.",sad
Ses02M_script02_2_M045," Shh, if we're very quiet the fish might come.",hap
Ses02M_script02_2_F045, Or not.,hap
Ses02M_script02_2_M046, Or not.,hap
Ses02M_script02_2_F046, Hmm.,neu
