Uid,Utterances,Labels
Ses04M_script01_1_F000, What's he going to say?  Maybe we ought to tell him before he sees it.,neu
Ses04M_script01_1_M000, He saw it.,neu
Ses04M_script01_1_F001, How could he see it?  I was the first one up.  He was still in bed.,xxx
Ses04M_script01_1_M001, He was out here when it broke.,neu
Ses04M_script01_1_F002, When?,sur
Ses04M_script01_1_M002, About four this morning.  I heard it cracking and I woke up and looked out.  He was standing right there when it cracked.,xxx
Ses04M_script01_1_F003, What was he doing out here at four in the morning?,xxx
Ses04M_script01_1_M003," I don't know.  After it cracked, he ran back in the house and cried in the kitchen.",xxx
Ses04M_script01_1_F004, Did you talk to him?,xxx
Ses04M_script01_1_M004, No.  I - I figured the best thing was to leave him alone.,xxx
Ses04M_script01_1_F005, He cried hard?,xxx
Ses04M_script01_1_M005, I heard him right through the floor of my room.,xxx
Ses04M_script01_1_F006, What was he doing out here at that hour?  He's dreaming about him again.  He's walking around at night.,xxx
Ses04M_script01_1_M006, I guess he is.,xxx
Ses04M_script01_1_F007, He's getting just like after he died.  What's the meaning in that?,sad
Ses04M_script01_1_M007," I don't know the meaning of it, mom.  But I know one thing; we made a terrible mistake with dad.",fru
Ses04M_script01_1_F008, What?,sur
Ses04M_script01_1_M008, Being dishonest with him.  That kind of thing always pays off and now it's paying off.,xxx
Ses04M_script01_1_F009," What do you mean, dishonest?",fru
Ses04M_script01_1_M009, You know that Larry's not coming back.  And I know it.  Why do we allow him to go on thinking that we believe with him?,xxx
Ses04M_script01_1_F010, What do you want to do?  Argue with him?,fru
Ses04M_script01_1_M010, I don't want to argue with him but it's time he realized that nobody believes Larry's alive anymore.,fru
Ses04M_script01_1_M011, Why shouldn't he dream of him?  Walk the nights waiting for him.,xxx
Ses04M_script01_1_M012," Do we contradict him?  Do we say straight out that we have no hope anymore?  That we haven't had any hope for years, now.",xxx
Ses04M_script01_1_F011, You can't say that to him.,ang
Ses04M_script01_1_M013, We've gotta say it to him.,ang
Ses04M_script01_1_F012, How are you going to prove it?  Can you prove it?,ang
Ses04M_script01_1_M014," For God's sake, three years.  Nobody comes back after three years.  It's insane.",ang
Ses04M_script01_1_F013," To you it is and to me, but not to him.  You can talk yourself blue in the face, but there's no body and no grave, so where are you?",ang
Ses04M_script01_1_M015," Sit down, mom.  I want to talk to you.",xxx
Ses04M_script01_1_F014," The trouble is the Goddamn newspapers.  Every month some boy turns up from nowhere, so the next boy is going to be Larry.  So we have to keep--",xxx
Ses04M_script01_1_M016," Alright, alright, alright.  Listen.  You know why I asked Annie here don't you?",fru
Ses04M_script01_1_F015, Why?,neu
Ses04M_script01_1_M017, You know why.,fru
Ses04M_script01_1_F016," Well I've got an idea, but what's the story?",xxx
Ses04M_script01_1_M018, Going to ask her to marry me.,neu
Ses04M_script01_1_F017," Well that's only your business, Chris.",neu
Ses04M_script01_1_M019, You know it's not only my business.,fru
Ses04M_script01_1_F018, What do you want me to do?  You're old enough to know your own mind.,ang
Ses04M_script01_1_M020, Then it's alright.  I'll go ahead with it?,xxx
Ses04M_script01_1_F019, Well you want to make sure your father isn't going to have --,neu
Ses04M_script01_1_M021," Well, then you know it's not only my business.",ang
Ses04M_script01_1_F020, I'm just saying.,fru
Ses04M_script01_1_M022," Sometimes you infuriate me, you know that?  Isn't it your business, too, if I tell this to father and he throws a fit about it?  You have such a talent for ignoring things.",ang
Ses04M_script01_1_F021, I ignore what I got to ignore.  The girl is Larry's girl.,ang
Ses04M_script01_1_M023, She's not Larry's girl.,fru
Ses04M_script01_1_F022," From father's point of view, he's not dead.  And you have no right to take his girl.",ang
Ses04M_script01_1_F023," Now you can go on from there if you know where to go. But I'm telling you I don't know where to go.  See, I don't know.",fru
Ses04M_script01_1_F024, Now what can I do for you?,fru
Ses04M_script01_1_M024," I don't know why it is but every time I reach out for something I want, I have to pull back because other people will suffer.  My whole bloody life, time after time after time.",fru
Ses04M_script01_1_F025, You're a considerate fellow.  There's nothing wrong in that.,xxx
Ses04M_script01_1_M025, To hell with that.,fru
Ses04M_script01_1_F026, Did you ask Annie yet?,xxx
Ses04M_script01_1_M026, I wanted to get this settled first.,neu
Ses04M_script01_1_F027, How do you know she'll marry you?  Maybe she feels the same way father does.,neu
Ses04M_script01_1_M027," Well if she does, then that's the end of it.  From her letters, I think she's forgotten him.  We'll find out.  Then we'll thrash it out with dad. Right, mom?  Don't avoid me.",xxx
Ses04M_script01_1_F028," The trouble is, you don't see enough women.  You never did.",neu
Ses04M_script01_1_M028, So what?  I'm not fast with women.,xxx
Ses04M_script01_1_F029, I don't see why it has to be Annie.,ang
Ses04M_script01_1_M029, Because it is.,fru
Ses04M_script01_1_F030," Well that's a good answer, but it don't answer anything.  He thinks he's coming back, Chris.  You marry that girl, you're pronouncing him dead.  Now what happens to your father?  Do you know?  Because I don't.",xxx
Ses04M_script01_1_M030, Line?,fru
Ses04M_script01_1_F031," Alright, then, mom.",fru
Ses04M_script01_1_M031," Alright, then, mom.  Did we skip something?  No.  Alright, then, mom.",neu
Ses04M_script01_1_F032, Yes we did. Do you want to keep going?,neu
Ses04M_script01_1_M032," Yeah, let's keep going.",neu
Ses04M_script01_1_F033, Just give it some more thought.,neu
Ses04M_script01_1_M033, I've given it three years' of thought.  I'd hope that if,fru
Ses04M_script01_1_M034," father forgot about Larry, we'd have a regular wedding and everything happy.  If I can't get that here, then I'll have to get out.",sad
Ses04M_script01_1_F034, What the hell is this?,ang
Ses04M_script01_1_M035, I'll get out.  I'll get married and live someplace else.  Maybe New York.,xxx
Ses04M_script01_1_F035, Are you crazy?,ang
Ses04M_script01_1_M036, I've been a good son too long; a good sucker.  I'm through with it.,fru
Ses04M_script01_1_F036, You've got a business here.  What the hell is this?,ang
Ses04M_script01_1_M037, The business?  The business doesn't inspire me.,ang
Ses04M_script01_1_F037, Must you be inspired?,ang
Ses04M_script01_1_M038," Yes.  I like getting an hour a day.  If I have to grub for money all day long, at least at evening, I want it beautiful.",ang
Ses04M_script01_1_M039, I want a family.  I want some kids.  I want to build something I can give myself to.  Annie's in the middle of that.  Now where do I find it?,xxx
Ses04M_script01_1_F038, You mean -- tell me something.  You mean you'd really leave the business?,xxx
Ses04M_script01_1_M040," Yes, on this I would.",neu
Ses04M_script01_1_F039, You don't want to think like that.,ang
Ses04M_script01_1_M041, Then you help me stay here.,neu
Ses04M_script01_1_F040," Alright.  But just don't think like that because what the hell did we work for?  That's all for you, Chris.  The whole shooting match is just for you.",ang
Ses04M_script01_1_M042, I know that.  Just you help me stay here.,fru
Ses04M_script01_1_F041," But don't think that way, you hear me?",ang
Ses04M_script01_1_M043, I am thinking that way.,xxx
Ses04M_script01_1_F042," I don't understand you, do I?",xxx
Ses04M_script01_1_M044," No, you don't.  I'm a pretty tough guy.",fru
Ses04M_script01_1_F043," Yeah, I can see that.",xxx
