Uid,Utterances,Labels
Ses04F_impro02_M000, So you're leaving tomorrow.,sad
Ses04F_impro02_F000, Yeah.  They just called.,sad
Ses04F_impro02_M001, This is really-this is unfair.,sad
Ses04F_impro02_F001, I know.,sad
Ses04F_impro02_M002, I don't see [BREATHING],fru
Ses04F_impro02_F002, I don't know what to say.  I don't want to go but I don't have a lot of choice.,sad
Ses04F_impro02_M003," I mean we both knew that this was going to happen.  It's just that I feel that, you know, I don't want Susie growing up without a mother.",fru
Ses04F_impro02_M004," And, uh, I'm afraid that if you, you know, when you leave, you won't come back.",sad
Ses04F_impro02_F003, I'm going to come back.  I need you to believe that.,sad
Ses04F_impro02_M005, You don't know that.,fru
Ses04F_impro02_F004, I need you to believe that too.  How am I supposed to believe everything's going to be okay if you don't?,xxx
Ses04F_impro02_M006," I'll believe it, but- I'll believe it but it- I don't know that that's going to happen.",fru
Ses04F_impro02_F005, Well you have to have faith because I don't have a choice and I have to go.,sad
Ses04F_impro02_M007, You do have a choice.  You don't have to go.,xxx
Ses04F_impro02_F006, Do you think I want to leave you?,sad
Ses04F_impro02_M008, You have a choice.,fru
Ses04F_impro02_F007, I have to do this.  I don't want to leave.  Do you think I want to miss seeing her grow up?,sad
Ses04F_impro02_M009, I know.  It's just you don't have to do this for a living you know.,fru
Ses04F_impro02_M010, You're a smart person.  There are other things you can do.,fru
Ses04F_impro02_F008, Look we both knew what this meant when I signed on,fru
Ses04F_impro02_F009, And now- and now it's really shitty timing but now I have to go.,sad
Ses04F_impro02_F010, I mean I'm the one who has to leave here.  I'm the one who has to leave the two of you.  At least you get to be together.,fru
Ses04F_impro02_M011, It's just not going to work out without you here.,xxx
Ses04F_impro02_F011, What's that supposed to mean?,sad
Ses04F_impro02_M012, I mean we can't-we're not a complete family without you here.,sad
Ses04F_impro02_F012, Well I'll come back.  What is that supposed to mean?  You're not willing to wait for me to come back?,ang
Ses04F_impro02_M013, Of course I'm going to wait.  I just- I just don't like the idea of this happening because this isn't the last time this is going to happen. You're going to go on more tours and stuff.  I just- I can't-,fru
Ses04F_impro02_M014, I can't deal with this emotionally.,fru
Ses04F_impro02_F013, What do you want me to do?,fru
Ses04F_impro02_M015, I want you to leave.  I want you to leave the service.,fru
Ses04F_impro02_F014, Well I can't very well do it today.  I still have to leave tomorrow.,fru
Ses04F_impro02_M016, You can do it today.  You don't have to do anything.  You don't have to do anything you don't want to do.,fru
Ses04F_impro02_F015," You're not making this any easier for me, you know.  I'm the one who has to go and you're really not helping.",fru
Ses04F_impro02_M017, Look I'm just telling you that you don't have to go.,fru
Ses04F_impro02_F016, I do have to go. And I need to know that you're here waiting for me and that you believe that I'm coming back.,fru
Ses04F_impro02_M018, That's all I'm saying... No you don't.,ang
Ses04F_impro02_F017, Thanks that helps.,ang
Ses04F_impro02_M019, It's just really unfair.  This is- this is bullshit.,fru
Ses04F_impro02_F018, I feel much better now.,ang
Ses04F_impro02_M020," You're acting like, you know, you're the one who's going all through, you know, all this shit and it's really- it's really not.",ang
Ses04F_impro02_F019, I know I'm leaving you here with all the responsibility but at least you get to be with her.,fru
Ses04F_impro02_M021, Yeah.  Of course I do because I didn't enlist in this stupid thing.  Why don't you just get out now and then-,ang
Ses04F_impro02_F020, I will but I can't right now.,fru
Ses04F_impro02_M022, Yes- You don't have to go.  What are they going to do?  Huh?  Put a gun to your head?,xxx
Ses04F_impro02_F021, You know- you know how this works.  I have to go.,xxx
Ses04F_impro02_M023, Then go.  We'll be here when you get back.,fru
F, That's it?,
Ses04F_impro02_F022, That's how you want to leave it?,ang
Ses04F_impro02_M024," I don't know how else to leave it.  What, do you want me to lie to you?",sad
Ses04F_impro02_M025, You want me tell you that I'm okay with it?,sad
Ses04F_impro02_F023, I want you to be okay with it as much as you can be.  I mean it's not a great situation but we don't have an option here.,sad
Ses04F_impro02_M026, Well I can't be okay with it the same way you can't not go.  It just doesn't work that way.,sad
Ses04F_impro02_F024, Fine.,sad
