Uid,Utterances,Labels
Ses04F_script02_2_M000," Well, so what do you think?",neu
Ses04F_script02_2_F000, About what?,xxx
Ses04F_script02_2_M001, What I said.,xxx
Ses04F_script02_2_F001, It's ridiculous.,xxx
Ses04F_script02_2_M002, It certainly is not.  It's slightly exaggerated scientific fact.,xxx
Ses04F_script02_2_F002, It's PR.  Somebody sold you a bill of goods that this wonderful event is going to take place on the beach.,ang
Ses04F_script02_2_M003, I'm not the only one.  Look at these people.,xxx
Ses04F_script02_2_F003," Well sure everybody's told the same story.  It keeps us all coming back for more.  It keeps us all excited, keeps us thinking that life is going to start any minute now if we can just find the right spot and get in on the action.",xxx
Ses04F_script02_2_M004, Are we talking about the same thing?,xxx
Ses04F_script02_2_F004, Well I'm sorry but it's still just fish to me.,xxx
Ses04F_script02_2_M005," Carla, can I ask you something?  Don't take this the wrong way but are you having your period?",xxx
Ses04F_script02_2_F005, Goddamn it Augie don't ask me that.  You always ask me that.  I hate it when you ask me that.  It's insulting.,ang
Ses04F_script02_2_M006, Well then what's bugging you?,fru
Ses04F_script02_2_F006, We just have different ideas about what this evening is supposed to look like.,ang
Ses04F_script02_2_M007," There's nothing to it.  We come down here.  The grunions arrive.  They do their little fish business.  We go oh, ah look at the fish.  They go home.  We go home.",fru
Ses04F_script02_2_F007," For heaven's sake, this is not about fish.",ang
Ses04F_script02_2_M008, Why not?,fru
Ses04F_script02_2_F008, We totally skipped. Right.,neu
Ses04F_script02_2_M009," There's nothing to it.  We come down here.  The grunions arrive.  They do the little fish business.  We go oh, ah look at the fish.  They go home.  We go home.",xxx
Ses04F_script02_2_F009," For heaven's sake, grow up we are not going to see the Grunions.",ang
Ses04F_script02_2_M010, Why not?,fru
Ses04F_script02_2_F010, We never do.  Do we have we ever?,ang
Ses04F_script02_2_M011, We've missed them twice that's not ever.,fru
Ses04F_script02_2_F011, Twice is every time we've tried that's ever.,ang
Ses04F_script02_2_M012, We'll see them this year.,fru
Ses04F_script02_2_F012," No, we won't.  It's pointless.  It's like waiting up to see Santa Clause.",xxx
Ses04F_script02_2_F013," God I feel as though my entire life is going to be spent standing on the beach with my eyes wide open and my hands clasped expectantly waiting for the fish to show up,",xxx
Ses04F_script02_2_F014, and the fish won't show up.,ang
Ses04F_script02_2_M013, I thought you wanted to see it.,fru
Ses04F_script02_2_F015, You don't understand anything I'm saying.,fru
Ses04F_script02_2_M014," No, of course not.",fru
Ses04F_script02_2_F016, I did want to see it.  I always do.  I keep thinking that this time will be the time but it never is.,fru
Ses04F_script02_2_M015, It's just a fish.  Nothing to get traumatized over.,fru
Ses04F_script02_2_F017," For heaven's sake, this is not about fish.",xxx
Ses04F_script02_2_M016, I've been trying to work this backwards but I can't seem to pinpoint the moment when we took a turn for the worse.  You were fine during the phone call from Marge.  Dinner was okay.  Doing the dishes was no problem.,fru
Ses04F_script02_2_M017, Let's see I took a shower.  You watched the news.  You said the Grunions are running tonight. I said great let's go.  I feel lucky tonight.,xxx
Ses04F_script02_2_M018," Okay.  Uh, so I'm putting on my jacket, putting out the animals.  We're getting the car out of the garage.",xxx
Ses04F_script02_2_F018, Do you remember the first time we came to see it?  It was about four years ago right after we got married.,xxx
Ses04F_script02_2_F019, We thought I was pregnant and we had a bottle of champagne but no glasses.  You asked me to dance.  So we took off our shoes,sad
Ses04F_script02_2_F020," and you popped the cork and while we were dancing, you said the softest most intimate things to me",sad
Ses04F_script02_2_F021, right into my ear so that I could hear them as much as- so that I could feel them as much as hear them.,sad
Ses04F_script02_2_F022," And I remember thinking this is it.  At last, at last I'm as happy as I'm supposed to be.",sad
Ses04F_script02_2_M019, Wait a minute.  I've got it.,neu
Ses04F_script02_2_F023," Dancing barefoot in the sand, drinking champagne from the bottle.",sad
Ses04F_script02_2_M020," It was in the car right.  Driving past the Knickerbocker Liquor Locker, you said let's get some champagne and I said times a wasting or something like that.  Right?",neu
Ses04F_script02_2_M021," That's it, right?  You want this to be like the other time, right.  That's it.",exc
Ses04F_script02_2_F024, I would rather not remember some things.  I would rather not hope for some things.,sad
Ses04F_script02_2_M022, Okay.  Right.  I got it.  Sure.  Of course.  Listen you want to dance?,xxx
Ses04F_script02_2_F025, No.,neu
Ses04F_script02_2_M023, You want me to get some champagne?,neu
Ses04F_script02_2_F026, No.,sad
Ses04F_script02_2_M024, Take off our shoes?,xxx
Ses04F_script02_2_F027, No.  No.,fru
Ses04F_script02_2_M025, Well what?  Want me to breath in your ear?,fru
Ses04F_script02_2_F028, No.,fru
Ses04F_script02_2_M026, Want to get married again?,fru
Ses04F_script02_2_F029, No.,fru
Ses04F_script02_2_M027, What?  What do you want a divorce?,fru
Ses04F_script02_2_F030, No.,fru
Ses04F_script02_2_M028, A vacation?,fru
Ses04F_script02_2_F031, No.,ang
Ses04F_script02_2_M029," A new carpet, a poodle, a backrub, ice cream, a suicide pact.  What?  What?  Carla what the hell do you want?",fru
Ses04F_script02_2_F032, I want something to turn out the way it's supposed to.,xxx
Ses04F_script02_2_M030, Well welcome to the human race.  You think this is what I had in mind.,xxx
Ses04F_script02_2_M031," Do you think that when I proposed, I had this great fantasy going that four years down the line we'd come to the beach and yell at each other over fish.",fru
Ses04F_script02_2_M032, Do you think that I knew that there'd be times when you'd look at me like I'm a used Kleenex and times I would look at you and think holy hell when's the next flight to Alaska.,fru
Ses04F_script02_2_M033," No, no I'm just like you.  I thought it was going to be all peaches and roses and sand in our hair and wind in our",fru
Ses04F_script02_2_M034," Sand in our toes and wind in our hair and the fish will always come and the bills will always pay themselves and ha, ha baby the jokes on us.  Because you know what you get,",fru
Ses04F_script02_2_M035," you know what you get Carla, this.",xxx
Ses04F_script02_2_F033," This what, what is this?  This isn't even anything.",ang
Ses04F_script02_2_M036, Yes it is.,xxx
Ses04F_script02_2_F034," Oh, right, sure this is standing on the beach.  This is waiting.  This is fighting.",ang
Ses04F_script02_2_M037, Right.,xxx
Ses04F_script02_2_F035, But this isn't anything like I thought anything would be like.,xxx
Ses04F_script02_2_M038," No, I know me either.",xxx
Ses04F_script02_2_F036," This is just this.  I mean it includes a lot in everything but it's just not, you know, something else.  Do you have any idea what I'm trying to say?",xxx
Ses04F_script02_2_M039, I'm doing the best I can.,fru
Ses04F_script02_2_F037," I know you are, Augie.  Really I do.  I know you wanted this to be special and nice and it's the full moon and the sand and all but I just couldn't help thinking about being somewhere else.",sad
Ses04F_script02_2_M040, Maybe if you were with somebody else too.,sad
Ses04F_script02_2_F038, I didn't say that.,fru
Ses04F_script02_2_M041," No, I know but still.  I know I don't make you happy.",sad
Ses04F_script02_2_F039," For heaven's sake, whatever I'm doing I'd rather be doing it with you.",fru
Ses04F_script02_2_M042, Yeah?,sur
Ses04F_script02_2_F040, Well don't be ridiculous.  Don't you know that?  You're the one who probably wishes you were with somebody else,fru
Ses04F_script02_2_F041, somebody who knew how to enjoy herself and didn't take everything so hard.,sad
Ses04F_script02_2_M043," Actually now that you mention it, no I don't.",neu
Ses04F_script02_2_F042, Okay.  Fine.  So we're in the wrong spot but we're with the right person.,xxx
Ses04F_script02_2_M044, I don't know.  It seemed like a good spot to me.,neu
Ses04F_script02_2_M045, I mean look at the view you've got of the moon from here.,xxx
Ses04F_script02_2_F043," Yeah, I noticed that.  Looks pretty on the water doesn't it, big old white moon.",hap
Ses04F_script02_2_M046, Well look at what we got here.,exc
Ses04F_script02_2_F044," Oh, Augie you brought refreshments.",hap
Ses04F_script02_2_M047, It's not champagne.,neu
Ses04F_script02_2_F045, Well then I guess we don't need glasses.,hap
Ses04F_script02_2_M048, You still cold?  Do you want to go home?,xxx
Ses04F_script02_2_F046, I'm beginning to think you might be right.  I think this may be the spot after all.  Augie I'm sorry.,hap
Ses04F_script02_2_M049," Shh.  If we're very quiet, the fish might come.",xxx
Ses04F_script02_2_F047, Or not.,xxx
Ses04F_script02_2_M050, Or not.,xxx
