Uid,Utterances,Labels
Ses04F_impro03_F000, I have something to tell you.,exc
Ses04F_impro03_M000, What?  You seem so excited.,neu
Ses04F_impro03_F001, It's really exciting.  Don't you want to guess?,exc
Ses04F_impro03_M001," Uh, you got a new car, a new house. Uh, a dog.",neu
F," No, better. Better.",
Ses04F_impro03_F002, Look.,exc
Ses04F_impro03_M002, Are you serious?  You're getting married.,sur
Ses04F_impro03_F003, Yes.  He finally proposed.  I'm getting married.,exc
Ses04F_impro03_M003, Holy shit that's amazing.,exc
Ses04F_impro03_F004, I know. I'm so-,exc
Ses04F_impro03_M004, Congratulations.,exc
Ses04F_impro03_F005, Thank you. [LAUGHTER],exc
Ses04F_impro03_M005," I'm invited, right.",exc
Ses04F_impro03_F006, You think. [LAUGHTER],exc
Ses04F_impro03_M006," I'll have to, uh, I'll have to get myself a new tux.  My, uh, the old one is a little worn and dirty.  That's awesome.  Where are you guys going to have it?",xxx
Ses04F_impro03_F007," Well actually we were just talking about today and I don't really want to do like the traditional church thing, you know.  So we are going to get married in the meadow.",exc
Ses04F_impro03_F008, Do you remember up by Yosemite? Yeah.,xxx
M, A meadow?,
Ses04F_impro03_M007," Well, that's- that's- that's beautiful. That's a beautiful place to do it.",xxx
Ses04F_impro03_F009, We're going to get married in the middle of a meadow. [LAUGHTER],exc
Ses04F_impro03_F010," Everybody's going to come up. We're going to stay in all the pretty cabins up there and, um, everybody's going to have, you know, really flowery sort of naturey stuff.",hap
Ses04F_impro03_F011, So pretty.,exc
Ses04F_impro03_M008, That's great,xxx
Ses04F_impro03_M009, I hope- they're not like,xxx
Ses04F_impro03_F012, Very Midsummer Night's wedding.,hap
Ses04F_impro03_M010," Right.  Nice.  That's great.  I hope while we're up there nobody gets attacked by any, like, bears or wolves or anything.",xxx
Ses04F_impro03_F013, Thanks. Thanks a lot.  You're really helping the Excitement here. I hope no one dies.,exc
Ses04F_impro03_M011," Well no, I am- I'm trying to be positive",xxx
Ses04F_impro03_M012, I'm trying to be positive.  I'm trying to say I hope that doesn't happen.,xxx
Ses04F_impro03_F014," Okey Well- well-, you know what?  I was hoping that you would help",exc
Ses04F_impro03_M013, We're going to be in the middle of the wilderness. These kind of things happen,xxx
Ses04F_impro03_F015, plan everything.  So then you can make sure that no one gets attacked by bears.,exc
M, Plan?,
Ses04F_impro03_M014, Yeah.  I'll help plan.,exc
Ses04F_impro03_F016, Yeah?,exc
Ses04F_impro03_M015, Yeah.,xxx
Ses04F_impro03_F017, Really?,exc
Ses04F_impro03_M016, Sure.,xxx
Ses04F_impro03_F018," Okay.  It's going to be in, like, six months.  So we don't have a really long time.",exc
Ses04F_impro03_M017," I'm thinking greens, lots of greens. Greens and browns.  We're nature.",xxx
Ses04F_impro03_F019, Okay.,xxx
Ses04F_impro03_F020, No.  No browns.,xxx
Ses04F_impro03_M018, Why not browns?,neu
Ses04F_impro03_F021, It's a wedding.,xxx
Ses04F_impro03_M019," It's a light brown, tanish.",neu
Ses04F_impro03_F022, Blue for the sky.,xxx
Ses04F_impro03_F023, Come on.,xxx
Ses04F_impro03_M020, I just think browns are really what you want to go with.  I mean I think there's more contrast between brown and green than there is-,neu
F," Well, yeah, but",
Ses04F_impro03_F024, who- Who's getting married though?,xxx
Ses04F_impro03_M021, I know but you just asked me to-,neu
Ses04F_impro03_F025, to help plan because I'm getting married. [LAUGHTER],xxx
M," Yeah, I know.",
Ses04F_impro03_M022, So we're going to go greens and browns.,xxx
Ses04F_impro03_F026, No.,xxx
Ses04F_impro03_M023," Come on.  Please will you do the greens and browns, just the browns for me?",fru
F, Come on.,
Ses04F_impro03_M024, Just for me.  Come on.  I'm your best friend.,xxx
Ses04F_impro03_F027, It's not your wedding. You can-,xxx
Ses04F_impro03_M025, I'm your best friend,xxx
Ses04F_impro03_F028, You know what? You know what?,xxx
Ses04F_impro03_M026, Give me the browns.,xxx
Ses04F_impro03_F029," You can't ruin my mood today.  If you want to wear a brown tux, you go ahead and wear a brown tux",xxx
M, I'm not trying to ruin your mood.,
Ses04F_impro03_M027, Okay.  Fine.  So green and what?,neu
Ses04F_impro03_F030, but bridesmaids aren't wearing brown and I'm not wearing brown.,xxx
F, Umm.,
Ses04F_impro03_M028, Blue?,neu
Ses04F_impro03_F031, Maybe,xxx
Ses04F_impro03_M029," Okay, fine. Greens and blues.",neu
Ses04F_impro03_F032, I like blue.,xxx
Ses04F_impro03_M030, Greens and blues and maybe a little light yellow?,neu
Ses04F_impro03_F033, That would work.,xxx
Ses04F_impro03_M031, Yeah?,neu
Ses04F_impro03_F034," Throw in a little- little, uh, trim in yellow.  Maybe some yellow flowers.",exc
Ses04F_impro03_M032," Okay.  That sounds good. Um, and, uh, we're going to get like a five, uh, story cake, right?",neu
Ses04F_impro03_F035," Yeah.  I hadn't actually thought about the cake yet, but",xxx
Ses04F_impro03_M033," I mean, you know, you're going to have at least, like, two hundred and fifty people come.  So we're going to need, you know, just a huge buffet.",neu
F, Yeah,
Ses04F_impro03_F036, Yes.,exc
Ses04F_impro03_M034," Fried chicken, mashed potatoes.",neu
Ses04F_impro03_F037, See this is why you have to help.,xxx
Ses04F_impro03_F038, because you're going to take care of everything.  You're going to think of all the details that I forget.,exc
Ses04F_impro03_M035, Well I can't be in charge of this.  I mean I got things I got to do.,neu
Ses04F_impro03_F039, Well right but you can help.,xxx
Ses04F_impro03_M036, Well this is really exciting.  I mean- I just- I couldn't be happier right now.,exc
Ses04F_impro03_M037, I'm thrilled.  God.,exc
Ses04F_impro03_F040, Ha ha ha.,exc
Ses04F_impro03_F041, Ha ha.,exc
Ses04F_impro03_M038, Just ecstatic.  I can't believe you're my best friend,exc
Ses04F_impro03_F042, Just couldn't be any cooler.,exc
Ses04F_impro03_M039," You're my best friend, we're growing up and now you're getting married. that's amazing",exc
Ses04F_impro03_F043, I know.  I've been waiting forever.  I can't believe it's finally happening.,exc
Ses04F_impro03_M040, Wow.  I just- I- I- I feel like I'm going to faint.,exc
Ses04F_impro03_M041, I'm so- all the blood,exc
Ses04F_impro03_F044, You don't look like you're going to faint.,exc
Ses04F_impro03_M042," has just rushed to my head, and I, and I mean honestly.",exc
F, Uhuh.,
Ses04F_impro03_M043, I'm getting a little weak in the knees.,exc
Ses04F_impro03_F045, So- So when are you getting married Mr. Excited?,exc
Ses04F_impro03_M044," You know that I've never-I- I have a long run of bad relationships but, you know, I mean, you got to work through it.  It's fine.",xxx
Ses04F_impro03_F046, What about Kathy?  I mean you guys have been dating for a while.,xxx
Ses04F_impro03_M045," Yeah, but",xxx
Ses04F_impro03_F047, You haven't ruined it yet.,exc
Ses04F_impro03_M046," Yeah.  I know but it's, you know, maybe we'll get married.  I don't know.  Should be pretty-",xxx
F, Maybe we'll get married.,
Ses04F_impro03_F048, You really like,exc
Ses04F_impro03_M047," I don't know.  Okay.  I mean gosh.  There's just- look there's a lot of pressure in getting married, okay.",neu
Ses04F_impro03_F049, What?  She could be just as excited as I am right now.,xxx
Ses04F_impro03_F050, You could make her that excited.  You really like her.  You guys have been together for a really long time now.,exc
Ses04F_impro03_M048," Oh, I've made her that excited.",xxx
Ses04F_impro03_F051, [LAUGHTER] That's more than I needed to know.,exc
Ses04F_impro03_M049, What?  You've heard me talk about it before.,xxx
Ses04F_impro03_F052, [laughter],exc
Ses04F_impro03_M050, I'm a monster in bed.,xxx
