Uid,Utterances,Labels
Ses04M_impro05_M000," Yeah, hi.  Look--Um, okay.  Here's the thing.",fru
Ses04M_impro05_F000," Hi, how can I help you?",neu
Ses04M_impro05_M001, Just arrived from London--,xxx
Ses04M_impro05_F001, Mmhmm.,neu
Ses04M_impro05_M002, lost my luggage. Your airline--,fru
Ses04M_impro05_F002, I'm sorry.,neu
Ses04M_impro05_F003, Right.,neu
Ses04M_impro05_M003," lost my luggage. I didn't lose it. No, it's not like I left it somewhere and somebody took it.",fru
Ses04M_impro05_F004," Oh, oh, you didn't.",xxx
Ses04M_impro05_F005, I thought you lost your luggage.,xxx
Ses04M_impro05_M004," It was lost.  I waited on the conveyor -- near the conveyor belt to see, you know, where -- then the baggage claim and see if it would- it would come out.",fru
Ses04M_impro05_M005," Didn't come out.  I spoke to somebody, a local authority figure.",fru
F, Mmhmm.,
Ses04M_impro05_M006," And he told me to come to this desk here so I can, uh, at least get, uh, the hundred- hundred and fifty dollars that- that I'm owed for my loss.",fru
Ses04M_impro05_M007, 'Cause that's roughly how much the bag plus all its contents was worth.,fru
Ses04M_impro05_F006," Uh. Okay.  I -- first of all, I'm very sorry you lost your bag.",neu
Ses04M_impro05_F007," Um, but, actually, our policy is a fifty dollar",neu
Ses04M_impro05_M008, fifty dollars?,ang
Ses04M_impro05_F008, refund--coverage of the bag that was lost. yes,neu
Ses04M_impro05_M009," fifty dollars. No way, no.",ang
Ses04M_impro05_F009," That's our policy, sir.",neu
Ses04M_impro05_M010," I don't but the thing is, I don't care about your policy.",ang
Ses04M_impro05_M011, You understand?,ang
F, Uh huh.,
Ses04M_impro05_M012," What I want you to do is I want you to write three of those, as if I were three people.  Okay.  You can write -- you can just put my name on all --",fru
Ses04M_impro05_F010, I can't do that.,neu
Ses04M_impro05_M013, But what I'm telling you is that's what you're going to do.,fru
Ses04M_impro05_F011," Uh, no, actually, no I'm not.",xxx
Ses04M_impro05_M014," No, no, because, look, I don't care what your policy says.  I mean--",ang
Ses04M_impro05_F012, I'm very sorry.  I understand you're frustrated. You just got off of a flight.,fru
Ses04M_impro05_M015, You understand that the contents of my bag- The contents of my bag cost a hundred and fifty dollars.,ang
Ses04M_impro05_M016, You--,ang
Ses04M_impro05_F013, We'll cover fifty.,neu
Ses04M_impro05_M017, No.  No.  No.  What I need you to do -- I need you to write checks for -- I need you to write three of them. That'll be satisfactory.,ang
Ses04M_impro05_F014, We only cover fifty do-,fru
Ses04M_impro05_M018," Just -- you can fill out the form--We can fill out - no, no, no, we can fill out the form three times.",ang
Ses04M_impro05_F015, We only cover fifty dollars worth of lost items.,fru
Ses04M_impro05_M019, And then that'll be that. It's going to be fine. Just-,fru
Ses04M_impro05_M020," I'm going to get very upset.  Like, I mean, I'm- I'm upset right now but I'm going to get really upset if you- if you don't do the check thing.",xxx
Ses04M_impro05_F016, I'm very sorry.,fru
Ses04M_impro05_F017, I'm very sorry.  I understand you're upset.  You just got off a long flight.,neu
Ses04M_impro05_M021," You don't understand. You don't understand, actually.  You don't understand because it was my luggage that was lost.  Okay.",fru
Ses04M_impro05_F018, We really -- we want to work with you. We really -- we want to help.,fru
Ses04M_impro05_F019, I understand that.  I would know if it was mine. Um-,neu
Ses04M_impro05_M022," Yeah.  If it was yours, but it's not. It's mine.  Okay. So just--",ang
Ses04M_impro05_F020, But it's not.  It's yours.  I understand.,neu
Ses04M_impro05_F021, I know.  We want to work with you.  We will give you the fifty dollars but I'm--,fru
Ses04M_impro05_M023," No, it's not going to be -- but it's not going to be fifty, it's going to be a hundred and fifty.  You're going to write three, you understand, three of- of the forms.  You're going to write three of them out and then give it to me.",xxx
Ses04M_impro05_F022," Yeah, we don't do that.  I can go ahead and send you--",fru
Ses04M_impro05_M024, You- you- you- you're misunderstanding me.  You're going to do that.,fru
Ses04M_impro05_F023," We will definitely keep an eye out for your bag. We will try to find it.  We will, you know, fill out the form for missing items.",fru
Ses04M_impro05_M025," Look, can I just -- can I speak to your manager, please?  'Cause I- I really -- I don't, um -- I mean, I just don't want to deal with -- I know that -- I mean, I know this isn't your fault,",fru
Ses04M_impro05_F024, No one can make the three check thing happen 'cause we don't do that.,fru
Ses04M_impro05_F025, I can write you the one check.,fru
Ses04M_impro05_M026, but I need to speak to somebody who can make the three check thing happen.,ang
Ses04M_impro05_F026, All- all that my supervisor could do is the exact same thing that I'm offering to do.,fru
Ses04M_impro05_M027," But what I'm talk -- but I'm just,just- please let me--",fru
Ses04M_impro05_M028, But if I could just speak directly -- if I could just speak directly to your-- to your superior person,fru
Ses04M_impro05_F027," I'd be happy to give you a cup of coffee, too.",fru
Ses04M_impro05_F028, We'll just throw that in--gratuitously.,fru
Ses04M_impro05_M029, then that would be helpful to me because I just feel like if- you don't think you have the power to write three checks but you actually do. see?,fru
F," Okay, they-. Uh huh.",
Ses04M_impro05_F029," No, I don't. See, I could lose my job if I did that.",fru
Ses04M_impro05_M030, But your job is not my concern. My concern is getting my luggage.,fru
Ses04M_impro05_F030, And your bag is not my concern.,fru
Ses04M_impro05_F031, The fifty dollars I'm going to give you for your bag is really all I'm concerned with.,fru
Ses04M_impro05_M031," Look, I don't -- look, can we just not argue about this.  Like--",fru
Ses04M_impro05_F032, I'm more than happy to not argue about it.  I will give you your fifty dollar certificate.,fru
Ses04M_impro05_F033, You can go ahead and go fill out the form. We'll look for your bag.,fru
Ses04M_impro05_M032, So what if- what if we- what if we do three forms,fru
Ses04M_impro05_M033, with different names on them? That-,fru
Ses04M_impro05_F034, Then that would be lying.,fru
Ses04M_impro05_M034," but, no. See, 'cause",fru
Ses04M_impro05_M035, if we have three forms then I can get the hundred and fifty.,fru
Ses04M_impro05_F035, I'm sorry.  We can only issue one fifty dollar certificate to cover the lost bag for one person.,fru
Ses04M_impro05_M036," Just please, will you please just work with me here? Just -- all I'm asking you to do is just work with me. I know -- I know that you get lots of people all day long who give you shit, give you crap, but",fru
Ses04M_impro05_F036," I understand you're frustrated, but--",neu
Ses04M_impro05_M037," um, you know, I -- this is my bag and I need the hundred and fifty dollars. Please.",fru
Ses04M_impro05_F037, I know. I understand it's personal-- It's personal to you. I get that.,neu
Ses04M_impro05_M038, Please.,ang
Ses04M_impro05_F038," But if you want to just sit down, you know, maybe have a cup of tea, calm down a little bit, we'll go ahead and we'll do what we can for you. you okey",fru
Ses04M_impro05_M039," I'm already calm. Okay, I'm calm. I'm calm.",ang
Ses04M_impro05_M040," Just all I need you to do is just fill out three forms and I'll leave you alone forever, forever.  I'll never -- we'll never see each other again.",fru
F, Okay,
Ses04M_impro05_F039," And I'm looking forward to that.  However, I can't do that. I would lose my job.",fru
Ses04M_impro05_M041, But that's not going to-- But you don't understand. You're looking forward to never seeing me again.,fru
Ses04M_impro05_F040," Oh, yes.",fru
Ses04M_impro05_M042, But never seeing me again is not going to happen until you give me the three checks.,fru
Ses04M_impro05_F041," I'm sorry, really.  But--",fru
Ses04M_impro05_M043, I don't -- I'm not- I'm not convinced.,fru
Ses04M_impro05_F042, That I'm sorry?,fru
Ses04M_impro05_M044," Yeah.  If you were really sorry, you'd give me the three checks.",ang
Ses04M_impro05_M045," So why don't we just do that and stop this nonsense, hmm?  Hmm?",ang
