Uid,Utterances,Labels
Ses04M_script01_2_F000, Why did he invite her here?,ang
Ses04M_script01_2_M000," Oh, God, line.",neu
Ses04M_script01_2_F001, Why does that bother you?,neu
Ses04M_script01_2_M001," Why does- why, does that bother you?",xxx
Ses04M_script01_2_F002," She's been in New York three and a half years.  Why, all of a sudden--",ang
Ses04M_script01_2_M002," Well, maybe- maybe he just wanted to see her.",xxx
Ses04M_script01_2_F003, Nobody comes seven hundred miles just to see.,ang
Ses04M_script01_2_M003, What do you mean?  He grew up next door to the girl all his life.  Why shouldn't he want to -- why shouldn't he want to see her again?,fru
Ses04M_script01_2_M004, Don't look at me like that.  He didn't tell me anymore than he told you.,xxx
Ses04M_script01_2_F004, He's not going to marry her.,ang
Ses04M_script01_2_M005, How do you know he's even thinking about it?,neu
Ses04M_script01_2_F005, It's got that about it.,ang
Ses04M_script01_2_M006, Well so what?,neu
Ses04M_script01_2_F006," What's going on here, Joe?",ang
Ses04M_script01_2_M007, Line.,neu
Ses04M_script01_2_F007," Now listen, kid. Now, listen.",neu
Ses04M_script01_2_M008," Oh.  Now listen, kid.",xxx
Ses04M_script01_2_F008," She's not his girl, Joe.  She knows she's not.",ang
Ses04M_script01_2_M009, You can't read her mind.,xxx
Ses04M_script01_2_F009," Then why is she still single?  New York is full of men.  Why hasn't she married?  Probably a hundred people told her she's foolish, but she's waited.",ang
Ses04M_script01_2_M010, How do you know why she waited?,xxx
Ses04M_script01_2_F010," Because she knows what I know, that's why.  She's faithful as a rock.  In my worst moments, I think of her waiting and I know, again, that I'm right.",ang
Ses04M_script01_2_M011," Look, it's a nice day.  What are we arguing for?",fru
Ses04M_script01_2_F011," Nobody in this house dares take her faith away, Joe.  Strangers might, but not his father, not his brother.",ang
Ses04M_script01_2_M012, What do you want me to do? What do you want?,fru
F, I want--,
Ses04M_script01_2_F012," I want you to act like he's coming back, both of you.  Don't think I haven't noticed you since he invited her here.  I won't stand for any nonsense.",ang
Ses04M_script01_2_M013," But, Kate--",fru
Ses04M_script01_2_F013," Because if he's not coming back, I'll kill myself.",ang
Ses04M_script01_2_F014, Laugh.  Laugh at me.  But why did that happen the very night that she came here?,ang
Ses04M_script01_2_F015, She goes to sleep in his bed and his memorial breaks in pieces.  Look.  Look at it.  Joe--,ang
Ses04M_script01_2_M014, Calm yourself.,fru
Ses04M_script01_2_F016," Believe with me, Joe.  I can't stand all alone",ang
Ses04M_script01_2_M015, Calm yourself.,fru
Ses04M_script01_2_F017," Only last week, a man turned up in Detroit missing longer than Larry.",xxx
Ses04M_script01_2_M016," Alright, alright.  Calm yourself.",fru
Ses04M_script01_2_F018," You, above all, have got to believe.  You.",ang
Ses04M_script01_2_M017, Why me above all?,fru
Ses04M_script01_2_F019, Just don't stop believing.,xxx
Ses04M_script01_2_M018," What does that mean, me above all?  Look at you.  You're shaking.",xxx
Ses04M_script01_2_F020, I can't help it.,sad
Ses04M_script01_2_M019," What have I got to hide?  What the hell is the matter with you, Kate?",ang
