Uid,Utterances,Labels
Ses04F_script02_1_M000, What time is it?  They're supposed to run around midnight.  This is great isn't it?  Look at this night we've got here.  It couldn't be better.,hap
Ses04F_script02_1_M001," Actually, I wanted to go a little farther up the coast, get away from the lights and the people, but I was afraid to miss it.  How you doing?",xxx
Ses04F_script02_1_F000, Fine.,neu
Ses04F_script02_1_M002," Is that, is that-that's just foam isn't it?  I can't even tell",exc
Ses04F_script02_1_M003," although if you can't tell, it probably isn't them.  It will probably be unmistakable.  Don't you think?  How you doing?",xxx
Ses04F_script02_1_M004," Oh, no you know what I did?  I forgot my flashlight.  How could I be so stupid I forgot my flashlight.",fru
Ses04F_script02_1_F001, What flashlight?,xxx
Ses04F_script02_1_M005," The flashlight, the silver one.  There's only one isn't there?",fru
Ses04F_script02_1_F002, It's not yours.,fru
Ses04F_script02_1_M006, Whose is it?,sur
Ses04F_script02_1_F003, It's ours.  It's mine too.,xxx
Ses04F_script02_1_M007, Well sure.,fru
Ses04F_script02_1_F004, You kept saying my flashlight as if it somehow is just yours.  How's that supposed to make me feel?,xxx
Ses04F_script02_1_M008," No of course our flashlight, yours and mine, mi flashlight es su flashlight naturally.  How could we not think to bring it?",fru
Ses04F_script02_1_M009, I hope the moon stays out.  I wonder do they always run during a full moon.  I can't remember if it was full last year.  Remember?,exc
Ses04F_script02_1_F005, Yes.,xxx
Ses04F_script02_1_M010," Are you cold?  Do you want my jacket?  We should have brought the blanket, our blanket.",neu
Ses04F_script02_1_M011," Ah, this is great, isn't it?  I didn't even think to bring a six-pack.  A six-pack would be just the ticket right about now.",hap
Ses04F_script02_1_M012, I can't believe I forgot.  I'm like a kid.  It's amazing I got out of the house with my fly zipped.,xxx
Ses04F_script02_1_M013," Oh, I wonder if they can hear me talk or feel the vibrations in the sand when we move around?",xxx
Ses04F_script02_1_F006, I'm cold.,xxx
Ses04F_script02_1_M014, Do you want my jacket?,xxx
Ses04F_script02_1_F007, It's after eleven let's go home.,ang
Ses04F_script02_1_M015, Are you kidding?  We'd miss it.  We just got here.  What's the point of coming down here if we just turn around and go home?,fru
Ses04F_script02_1_F008, There is no point in coming down here.,ang
Ses04F_script02_1_M016, Right.,fru
Ses04F_script02_1_F009, That's my point.,fru
Ses04F_script02_1_M017, That's my point too.,neu
Ses04F_script02_1_F010, So let's go home.,fru
Ses04F_script02_1_M018," No, no, no.  That's not my point.  My point is is that there's no point in coming down here if we just leave.  Don't you want to see it?",fru
Ses04F_script02_1_F011, Not particularly.,fru
Ses04F_script02_1_M019, Why not?,xxx
Ses04F_script02_1_F012, I just don't.  It's stupid.,ang
Ses04F_script02_1_M020, Honey this is natural phenomenon.  I mean this only happens once a year.  This is a great opportunity.,fru
Ses04F_script02_1_M021, Think about the people in Kansas.  They'd have to get plane tickets and hotel reservations to come see this.  We're just forty minutes away.  It's too good to pass up.,exc
Ses04F_script02_1_F013," Pass up what?  These little fish swim onto the beach, flop around, and then swim away and then they die.",ang
Ses04F_script02_1_M022," Yeah but that moment on the beach is the highlight of their little lives.  All that flopping around is laying eggs or what do you, spawning or mating something like that.",fru
Ses04F_script02_1_M023, This is the big night for these guys.  Life's last orgy.,exc
Ses04F_script02_1_F014, What are you so excited about?  This isn't a moon landing we're talking about.  It's fish.  It's fish nobody even eats.,ang
Ses04F_script02_1_M024," Yeah, they do.",fru
Ses04F_script02_1_F015," Oh, Augie.",fru
Ses04F_script02_1_M025, Okay but it's fish who do something none of the other fish do,fru
Ses04F_script02_1_M026," like the swallows returning to Capistrano or the lemmings throwing themselves off the cliffs, like that.  There's mystery here and magic",exc
Ses04F_script02_1_M027, a little bit of the unexplainable.  I don't see how you cannot be interested.,fru
Ses04F_script02_1_F016, I'm just not.,ang
Ses04F_script02_1_M028, For real?,sur
Ses04F_script02_1_F017, Yes.,ang
Ses04F_script02_1_M029, I don't get it.  The first time we came here to see it you said it was the best night of your life and last year I remember distinctly you were so excited to get here.  You stubbed your toe rushing me out the door and didn't even notice until we were in the car.,fru
Ses04F_script02_1_F018, Last year you will also remember our shoes got wet.  I got sand in my panties.  We got in a big fight over nothing.  You got a sore throat and we did not see the Grunions.,xxx
Ses04F_script02_1_M030, We weren't in a good spot.,fru
Ses04F_script02_1_F019, We didn't see them the first time either.,ang
Ses04F_script02_1_M031, We just weren't in a good spot.  This is a much better spot.,ang
Ses04F_script02_1_M032," I've got good instincts for these things.  Look there. What's that.  Is that?  Is that, is that-no it's just seaweed isn't it.",exc
Ses04F_script02_1_M033," Ah, man this is great.  I wouldn't miss this for anything.  I mean think about this.  I know you're not interested but just think about this for a minute.",exc
Ses04F_script02_1_M034, Out there someplace there's this huge mass of silver fish heading this way.  They don't know why.  We don't know why.  It wasn't a decision.  They didn't take a vote.,exc
Ses04F_script02_1_M035, No one sent them a map or an invitation.  Just some little instinctual time release firecracker went off in their little bodies and all as one. They turned and formed a line as long as the California coast and started swimming.,exc
Ses04F_script02_1_M036, They're swimming right now as if that's the only thing that matters.,exc
Ses04F_script02_1_M037, It's single mindedness with no mind.  Urgency that's pure urge.,exc
Ses04F_script02_1_M038, They don't know what drives them.  They don't give it a name or ask question.  They just turn as one and start the swim that brings them here to this place,exc
Ses04F_script02_1_M039, where we stand for massive celebration of sex and death.,exc
Ses04F_script02_1_M040," Ah, I'm giving myself goose bumps.  All my hairs are popping up.",exc
Ses04F_script02_1_F020, That's the wind.,fru
Ses04F_script02_1_M041, Well so what do you think?,xxx
Ses04F_script02_1_F021, About what?,ang
Ses04F_script02_1_M042, What I said.,xxx
Ses04F_script02_1_F022, It's ridiculous.,ang
