Uid,Utterances,Labels
Ses04F_impro08_F000, Hello.  Thank you for calling Dell Taco Corporate.  Can I help you?,hap
Ses04F_impro08_M000," Yeah, um.  I have been trying to reach somebody who will refund, uh, my money.",fru
Ses04F_impro08_M001," Um, I basically, um I- I ordered some food",neu
Ses04F_impro08_M002, um and everything was pretty much uh- uh- just not done right. All the orders were messed up.,fru
Ses04F_impro08_F001," Okay.  Well, Did you go through the automated menu?  Most of your requests can be taken care of through that.",neu
Ses04F_impro08_M003," Yes, I did and that didn't- I got through to, like, one operator and she sent me to like three others",fru
Ses04F_impro08_M004, and now I'm talking to you.  And all I want is my money back.  That's all I'm asking for. It's not much.,xxx
Ses04F_impro08_F002, Okay.  Well I'd be happy to-,neu
Ses04F_impro08_M005," If you could just give me that, then I will leave you alone. And just- if i could also- What?",fru
Ses04F_impro08_F003," Okay, sir.  I'd be happy to help you.",fru
F, Can you- ,
Ses04F_impro08_F004," Sir, can- can you tell me which branch you went to.  We can start there.",neu
Ses04F_impro08_M006," Yeah, Beverley Hills.",xxx
Ses04F_impro08_F005," Okay.  Um, and what was the complaint?",neu
Ses04F_impro08_M007, The food was prepared incorrectly.,fru
Ses04F_impro08_M008, I asked for no tomatoes.,fru
Ses04F_impro08_F006," Can you be a little more specific, sir?",neu
Ses04F_impro08_M009," I asked for no tomatoes on six tacos.  I got tomatoes and onions on all of them,",xxx
Ses04F_impro08_M010," Um, hairs were found in three out of the six.",xxx
Ses04F_impro08_F007," Did you try to take them back and get your order fixed, sir?",fru
Ses04F_impro08_M011," Yeah.  I did and they're like you've got to take it up with corporate, and I'm like well fine.  I'll have your ass by the end of the day and so now I'm trying to do that.",xxx
Ses04F_impro08_F008," Well I'm very sorry, sir.  They should have dealt with it at that particular branch.  I apologize for that, uh, but we can help you.  That's no worries.  We can take care of that.  So how much did you need to be refunded?",neu
Ses04F_impro08_M012," It was a hundred a sixty dollars.  I'm sorry, uh, sixteen dollars.",neu
Ses04F_impro08_F009," Okay.  Um, I'm going to go ahead and transfer you over to another department.  They'll need your address.",neu
Ses04F_impro08_M013," Look, I don't want to be transferred over to another- All I want to do is just give you my name and address so you can send me a check.",ang
Ses04F_impro08_M014," Okay.  You understand that's all I want. Just don't give me a problem with this.  Okay, please because I'm very sensitive right now",ang
F," I understand that, sir-",
Ses04F_impro08_M015," and if I get sent to another operator, I'll have to tell them the same damn story again.  I don't- I think I'm just going to lose my mind.  So if you could please just not do that, that would be great.  Thank you.",ang
F, I-,
Ses04F_impro08_F010," I understand, sir.  I will explain to them what the situa-",fru
Ses04F_impro08_M016, You don't understand because you've never gone to Del Taco and gotten the service that I've gotten.  You don't understand.,ang
Ses04F_impro08_F011, You're right sir.  It is your particular situation but I will call the other operator.  I will explain to them what's going on. You won't have to tell your story again.,xxx
Ses04F_impro08_M017, You're not going to call the other operator. You're not going to call the the other operator.,ang
Ses04F_impro08_M018, You're going to fill out a form on your desk,ang
Ses04F_impro08_M019, because I know you're at a desk right now in your stupid corporate building and you're going to send me a check for sixteen dollars and forty two cents.,ang
Ses04F_impro08_F012," Okay, sir.  They- they have to-",fru
Ses04F_impro08_F013, Sir.,fru
Ses04F_impro08_F014," Sir, they have to take down your address at the other station.  I will transfer.  I will explain everything to them.  It will all be fine.  I promise.",fru
Ses04F_impro08_M020, What's your name?,fru
Ses04F_impro08_F015, Cindy?,fru
Ses04F_impro08_M021, Cinnee?,xxx
Ses04F_impro08_F016, Cindy.,xxx
Ses04F_impro08_M022, Cindy?  Cindy what?,ang
Ses04F_impro08_F017," Sir, I don't think my name is really relevant-",fru
Ses04F_impro08_M023," Cindy, look.  If you don't get your ass a piece of paper that has a check",ang
Ses04F_impro08_M024," attached to it and you don't send it to me, I'm going to get very upset.",ang
Ses04F_impro08_F018," Alright, sir. Sir.  I'm going to transfer you to the address.",fru
Ses04F_impro08_F019," Alright.  You know what, sir.  The customer is always right.",fru
Ses04F_impro08_M025," You know what.  I- You know what? You know what? No, it's fine. it's fine it's fine You know what?",fru
Ses04F_impro08_F020, I will go ahead and I will take- I will take,fru
Ses04F_impro08_M026," Hey, Cindy. Cindy, look I know this is not your fault.  Do whatever you want.",fru
Ses04F_impro08_M027, Send me to whatever operator. I just- You know what?  I'm just done.  I'm just done.  I've lost all hope.,fru
Ses04F_impro08_F021," Sir, customer satisfaction is our first goal.  I will go ahead and take your number and your address down myself.",xxx
Ses04F_impro08_M028," of getting my sixteen dollars back. It fine, no honestly.",fru
Ses04F_impro08_M029," No, Cindy just don't even-look don't even.  Cuz I- look Cindy I know you don't care about me, okay.  I know that I'm just like another person who calls-",fru
Ses04F_impro08_F022, Wait. But I-,xxx
Ses04F_impro08_F023, But I'm giving you what you want.,ang
Ses04F_impro08_M030, No it doesn't matter.  It's fine.  It's fine.  Just send me to the next operator.  That's fine.,fru
Ses04F_impro08_F024," Okay.  If that's what you want, you want to go to the next person?",fru
Ses04F_impro08_M031, Yes.,xxx
Ses04F_impro08_F025, Okay.  Great.,fru
