Uid,Utterances,Labels
Ses04F_impro06_M000," Hey, I'm, uh. I'm really sorry about what happened.  I don't um- I mean what you can you do?  I mean it's-",sad
Ses04F_impro06_F000, Thanks.,sad
Ses04F_impro06_M001," When I was seven, my- my grandmother died and I really- I don't know, I mean it was really hard to let go but the important thing is- is that you do let go and your realize that, you know, they- you know, they- this person had fun while they were- while they were here and, uh, you know, you work- you work through it.",sad
Ses04F_impro06_F001," You know it's just, I just, you know, I mean it just happened.  I just, like- I just keep expecting him to walk in, you know.",sad
Ses04F_impro06_M002, Mmhmm. Yeah.  Yeah.  I mean it's- it's hard.  It's hard.,sad
Ses04F_impro06_F002," I just- I just thought he would have longer, you know, because I'm- I mean when he found out he was sick, we knew that wasn't good but I just- I just thought that it would take longer, you know?",sad
Ses04F_impro06_M003, Yeah.,sad
Ses04F_impro06_M004," Well I mean, you know, I mean it was I mean with that kind of condition,",neu
Ses04F_impro06_F003, Yeah. I know. I know.,sad
Ses04F_impro06_M005," you know, it's inevitable  and I mean honestly it's- it's almost like",sad
Ses04F_impro06_M006," you know, you don't- you know, how long do you want the person to go through that, you know.",neu
Ses04F_impro06_M007, It's sort of- it's almost better off to rest in peace than he is to live in pain.,neu
Ses04F_impro06_F004," Yeah, I know. But I'd rather have him here with me, you know. It's just not fair.  I mean he- he didn't get to do like anything. I mean he was-",sad
M, Yeah.,
Ses04F_impro06_F005," He was only twenty four and just so many things that we were going to do, you know, and now he won't get to do them and he won't get to be here when I do.  You know, like I'll get married some day and he won't be there, like, he won't get to see that.",sad
Ses04F_impro06_M008, Yeah.,sad
Ses04F_impro06_F006, It just doesn't seem fair.,sad
Ses04F_impro06_M009," It's not fair but I mean that's, you know, the course of life is that, you know, you meet people and you lose them.",sad
F, Right.,
Ses04F_impro06_M010, You're okay,sad
Ses04F_impro06_F007, Thank you for being here.,sad
M, You're welcome. ,
Ses04F_impro06_M011, You know I think- I think we should celebrate because I think that's what he would have wanted.,sad
Ses04F_impro06_F008, [LAUGHTER] You're probably right.  He probably would be pissed if we were all sitting around being upset about it. He'd want us to have a party.,hap
Ses04F_impro06_M012, Yeah.,neu
Ses04F_impro06_F009, And to drink in his honor. [LAUGHTER],hap
Ses04F_impro06_M013," That's right.  That's right.  I mean he would want us to, you know, celebrate the life that he- that he lived and, you know, enjoy the rest of ours as much as we can.",sad
Ses04F_impro06_F010," Yeah, I know.",sad
Ses04F_impro06_M014, So-,sad
