Uid,Utterances,Labels
Ses04M_impro08_M000, Thank you for calling Sprint.  We care about everybody.  How can I help you?,fru
Ses04M_impro08_F000, Hi.  I've been on the phone for an hour trying to get a little discrepancy on my bill fixed.  I was charged for two hundred dollars worth of calls that I didn't make.,fru
Ses04M_impro08_M001, Are you sure you didn't make them?,neu
Ses04M_impro08_F001, I'm positive.  They came from like another state.,fru
Ses04M_impro08_M002," Can I get your phone number, please?",fru
Ses04M_impro08_F002," Uh. Yeah, I just gave it to the automated thing like five times.",fru
Ses04M_impro08_M003, I'm going to need it again.  I need to look at your file.  If you want me to look at your file--,fru
Ses04M_impro08_F003, Okay.  three two three six nine seven five zero six six.  Can we move on?,fru
Ses04M_impro08_M004, Okay.,neu
Ses04M_impro08_F004," Okay, cool.",xxx
Ses04M_impro08_M005," Umm, Miss Aruckman",neu
Ses04M_impro08_F005, Yes.,xxx
Ses04M_impro08_M006, I am seeing the two hundred dollar charge.,neu
Ses04M_impro08_F006," Yes, and I've been through all of the menus, pushed one and star and pound and all of that stuff and I'm just trying to get through to a person who can",fru
Ses04M_impro08_M007, Well I'm looking at these.,fru
Ses04M_impro08_F007," take off the charges that came from like Nebraska or wherever because, obviously, I didn't make those.",fru
Ses04M_impro08_F008, So can you please refund the mischarged charges,fru
Ses04M_impro08_M008, So you're saying that you didn't make these calls.,neu
Ses04M_impro08_F009, I did not make the calls from B.F.E. Nebraska.,fru
Ses04M_impro08_M009," Well I mean, I'm supposed to use discretion in the situation and, um--",fru
Ses04M_impro08_F010, So could you discretion it back?,fru
Ses04M_impro08_M010, All I can do for you right now is give you a hundred dollars.,neu
Ses04M_impro08_F011," Okay, but that's like half",fru
Ses04M_impro08_M011, What I can,neu
Ses04M_impro08_F012, of the money that I was charged that I didn't make those calls.,fru
Ses04M_impro08_M012, What I can do for you is give you a hundred dollars right now and fill out complaint form,neu
Ses04M_impro08_M013, which you- which you'll have to go into a local Verizon dealer--  or Sprint.,neu
Ses04M_impro08_F013," Okay, no, look, I- I- I- I'm really -- I'm trying to be patient.  I know this isn't your fault.  I know that you didn't do it",fru
Ses04M_impro08_F014," but, at the same time, I have been through an hour of little robot voices telling me what I needed to do.",fru
Ses04M_impro08_M014," Ma'am, I understand that.",fru
Ses04M_impro08_F015, And I did everything they said.  And now i'm talking to you and you're supposed to put the money back on my account because I didn't make the calls and I'm really tired of dealing with this because I didn't even,xxx
Ses04M_impro08_M015," Ma'am, I - I - I understand that. I understand that. What I can do for you right now is what I'm telling you is that I can do- I can give you a hundred dollars back and then you'll have to fill out a complaint form and then you'll get -- there'll be some investigation. Some men will show up at your house and go through your things.",fru
Ses04M_impro08_F016, Excuse me?,fru
Ses04M_impro08_M016, And then then you'll get some money back.,fru
Ses04M_impro08_F017, How long does that take?,fru
Ses04M_impro08_M017, A few weeks.  You won't even know that they were there.,neu
Ses04M_impro08_F018, I have to wait a few weeks for people come go through my things to get the money back that I didn't spend?,fru
Ses04M_impro08_M018," Okay.  You know what?  I just don't feel like doing this anymore.  Um, you can have all the money back, two hundred dollar, right now.",fru
Ses04M_impro08_F019, Really?,sur
Ses04M_impro08_M019," Yeah.  That's fine.  I just -- that's fine. Yeah, I mean, it doesn't make any difference to me.  I mean, it's not like it's going to cost my job or anything.",neu
Ses04M_impro08_F020, You're just going to put it back on my account.,neu
Ses04M_impro08_M020," I mean, technically, that's policy.  But, like, I mean, I don't really care about -- nobody really cares about policy here.",neu
Ses04M_impro08_F021, So you're just going to take care of this for me?,sur
Ses04M_impro08_M021, Sure.,neu
Ses04M_impro08_F022," Oh, my God, thank you so much.",hap
Ses04M_impro08_M022, You're welcome.,neu
Ses04M_impro08_F023," I really appreciate this. I know it's not policy or whatever but, seriously",hap
M," Of course, of course.",
Ses04M_impro08_M023," No, no, no, it's cool.  It's cool.  It's cool.  So, um",neu
Ses04M_impro08_F024, make my life a lot easier.,hap
Ses04M_impro08_M024," You know, so- I mean, are you doing anything later?  Or um",neu
Ses04M_impro08_F025, Really?,sur
Ses04M_impro08_M025," Oh, I don't know.  I mean, I don't know.  I just thought, you know, maybe you want to get some co--I mean, I'm actually -- wait, where do you live?  Oh, you're in Los Angeles, I see.  Oh, no, that sucks 'cause I'm in, actually in Alabama.",neu
Ses04M_impro08_F026," Right. Um, Thanks for asking, though. I mean, you sound nice, you know.",xxx
Ses04M_impro08_M026," God, that's like a whole problem with like-- But, no, I mean, hey-- if you ever",neu
Ses04M_impro08_M027," if you ever come out to Montgomery, I mean, you know, just -- just call up, you know, call up the operator and I'll-- I'll be here. So, um.",neu
Ses04M_impro08_F027, I'll,neu
Ses04M_impro08_F028," call up the Sprint call center and, uh, you know. cool",neu
Ses04M_impro08_F029," Wow, alright. Well, thanks. And, uh, you- you have a good one.",xxx
Ses04M_impro08_M028, Alright. Take Care.,neu
Ses04M_impro08_F030, You too.,neu
