Uid,Utterances,Labels
Ses04F_script03_1_M000, Good God.,xxx
Ses04F_script03_1_F000, Do you think it's them?,xxx
Ses04F_script03_1_M001, I wonder.,fea
Ses04F_script03_1_F001, Nobody knows we're here except Freda and she wouldn't ring up.,xxx
Ses04F_script03_1_M002, It must be them then.,fea
Ses04F_script03_1_F002, Well what are we going to do?,xxx
Ses04F_script03_1_M003," We'll be alright, darling.  Whatever happens, aren't we?",xxx
Ses04F_script03_1_F003, Now and always sweet.,xxx
Ses04F_script03_1_M004, I don't care then.,xxx
Ses04F_script03_1_F004, It was bound to come sooner or later.,xxx
Ses04F_script03_1_M005, Hello.  Hello.  What?  Wrong number.,xxx
Ses04F_script03_1_F005, Ahh.  It sent shivers up my spine.,exc
Ses04F_script03_1_M006, What shall we do if they suddenly walk in on us?,exc
Ses04F_script03_1_F006, Behave exquisitely.,exc
Ses04F_script03_1_M007, With the most perfect poise.,exc
Ses04F_script03_1_F007, Certainly I shall probably do a court curtsy.,exc
Ses04F_script03_1_M008," Things that ought to matter dreadfully don't matter at all when one's happy, do they?",exc
Ses04F_script03_1_F008, What is so horrible is that one can't stay happy.,xxx
Ses04F_script03_1_M009," Don't say that, my darling.",neu
Ses04F_script03_1_F009, It's true the whole business is very poor joke.,exc
Ses04F_script03_1_M010, Meaning that sacred and beautiful thing love.,xxx
Ses04F_script03_1_F010," Yes, meaning just that.",xxx
Ses04F_script03_1_M011, What does it all mean?  That's what I asked myself in my ceaseless quest for ultimate truth.  Dear God what does it all mean?,xxx
Ses04F_script03_1_F011, Don't laugh at me.  I'm serious.,exc
Ses04F_script03_1_M012," You mustn't be serious, my darling.  It's just what they want.",xxx
Ses04F_script03_1_F012, Who's they?,neu
Ses04F_script03_1_M013, All the futile moralists who try to make life unbearable.,xxx
Ses04F_script03_1_M014," Laugh at them, be flippant, laugh at everything, all their sacred shibboleths",xxx
Ses04F_script03_1_M015, flippancy brings out the acid in their damn sweetness and light.,xxx
Ses04F_script03_1_F013," If I must laugh at everything, I must laugh at us too.",xxx
Ses04F_script03_1_M016, Certainly you must.  We are figures of fun alright.,xxx
Ses04F_script03_1_F014," Oh, how long will it last, this ludicrous, over-bearing love of ours?",exc
Ses04F_script03_1_M017, Well who knows?,neu
Ses04F_script03_1_F015, We always want to bicker and fight.,xxx
Ses04F_script03_1_M018, No that fire will fade long with our passion.,xxx
Ses04F_script03_1_F016," Oh, dear shall we like that?",xxx
Ses04F_script03_1_M019, It all depends on how well we've played.,xxx
Ses04F_script03_1_F017, What happens if one of us dies?  Does the one that's left still laugh?,neu
Ses04F_script03_1_M020, Yes.  Yes.  with all his might.,xxx
Ses04F_script03_1_F018," Well that's serious enough, isn't it?",xxx
Ses04F_script03_1_M021," No, no it isn't.  Death is very laughable such a cunning little mystery.  All done with mirrors.",xxx
Ses04F_script03_1_F019," Darling, I believe you're talking nonsense.",xxx
Ses04F_script03_1_M022, So is everyone else in the long run.  Let's be superficial and pity the poor philosophers.,xxx
Ses04F_script03_1_M023, Let's blow trumpets and squeakers and enjoy the party as much as we can like small quite idiotic little school children.,xxx
Ses04F_script03_1_M024, Let's savor the delight of the moment.  Come and kiss me darling before your body rots and worms pop in and out of your eye sockets.,xxx
Ses04F_script03_1_F020," Elliott, worms don't pop.",xxx
Ses04F_script03_1_M025," I don't mind what you do, see. you can paint yourself green all over",xxx
Ses04F_script03_1_M026, and dance naked in the place Place Vendome and rush away with all the men in the world and I shan't say a word as long as you love me best.,xxx
Ses04F_script03_1_F021," Thank you, dear.  The same applies to you except that if I catch you so much as looking at another woman, I'll kill you.",exc
Ses04F_script03_1_M027, Do you remember that awful scene in Venice?,neu
Ses04F_script03_1_F022, Which particular one?,exc
Ses04F_script03_1_M028, The one where you bought that little painted wooden snake and put it on my bed.,neu
Ses04F_script03_1_F023," Oh, Charles.  That was his name.  Charles he did wriggle so beautifully.",exc
Ses04F_script03_1_M029, Horrible thing.  I hated it.,neu
Ses04F_script03_1_F024," Yes, I know you did.  You threw him out of the window into the Grand Canal.  I don't think I'll ever forgive you for that.",exc
Ses04F_script03_1_M030, How long did that row last?,neu
Ses04F_script03_1_F025, It went on intermittently for days.,xxx
Ses04F_script03_1_M031, The worst one was in Cannes when your curling irons burnt holes in my dressing gown.,neu
Ses04F_script03_1_F026, It burnt my comb too and all the towels in the bathroom.,exc
Ses04F_script03_1_M032," Ah, we were much younger then.  That was a rouser wasn't it?",xxx
Ses04F_script03_1_F027, That was the first time you ever hit me.,xxx
Ses04F_script03_1_M033, You didn't hit me- I didn't hit you very hard.,xxx
Ses04F_script03_1_F028, Then the manager came in and found us rolling about on the floor biting and scratching like panthers.,exc
Ses04F_script03_1_M034, I shall never forget his face.,xxx
F, Oh dear,
Ses04F_script03_1_F029," How ridiculous.  How utterly, utterly ridiculous.",exc
Ses04F_script03_1_M035, We were very much younger then.,xxx
Ses04F_script03_1_F030, And very much sillier.,exc
Ses04F_script03_1_M036," As a matter of fact, the real cause of that row was Peter Burden.",xxx
