Uid,Utterances,Labels
Ses04M_impro07_M000," Alright, so you're not going to believe this.  But I went home today. I looked through the mail.  And I got an acceptance letter from U.S.C..",exc
F," Uh, huh.",
Ses04M_impro07_F000," What, no way.",sur
Ses04M_impro07_M001, I'm going to U.S.C.. Yeah.,exc
Ses04M_impro07_F001, Really?,sur
Ses04M_impro07_M002," Yeah, yeah.",exc
Ses04M_impro07_F002, I didn't even,exc
Ses04M_impro07_F003, know you applied to U.S.C..,exc
Ses04M_impro07_M003," I did.  I did. I've -- yeah, I applied to U.S.C..  I mean, it's really expensive but",exc
Ses04M_impro07_M004, it's a really good school.  So,exc
Ses04M_impro07_M005," Um, um- yeah, I'm just -- I'm really excited 'cause I don't know.  It's like a whole -- I mean, it's just like, I've been really -- I wanted to go there ever since I was a kid.  So now I actually am and it's awesome.  It's a really nice campus.  Oh, you've been there.",xxx
Ses04M_impro07_F004," That's amazing.  I've seen it on TV. Um, Wow.  I mean, well what are you going to major in?  What are you going to do?",exc
M, Yeah. Yeah.,
Ses04M_impro07_M006," Um, I'm thinking a history and geology minor.",xxx
Ses04M_impro07_F005, Wow.,xxx
Ses04M_impro07_M007," Yeah.  I like to know about history, 'cause, you know, it's- it's just so relevant to the present.",hap
Ses04M_impro07_F006, Right.,exc
Ses04M_impro07_M008, Yeah.,hap
Ses04M_impro07_F007, Yes.,exc
Ses04M_impro07_M009," And, uh-",hap
Ses04M_impro07_F008, Is U.S.C. known for its history program?,exc
Ses04M_impro07_M010," Um, you know, I don't think so.  But I think that, you know, it's still a private school",hap
Ses04M_impro07_M011," and right you know it's still- and then, you know, I mean-",hap
Ses04M_impro07_F009, I know.  It's a great school and you know,exc
Ses04M_impro07_M012," I'm guessing, you know it's like I I checked it out.  And, like, they have a decent history program.",hap
Ses04M_impro07_F010, It's all about the connections,exc
Ses04M_impro07_M013," So -- and like the geology just is awesome.  It rocks, no pun intended. [LAUGHTER]",hap
Ses04M_impro07_F011," Oh, you did not just say that.",hap
Ses04M_impro07_M014," Um, but, uh- anyway -- yeah, so that's awesome, though, because you live here and then we're not going to be separated by me going to some other school",exc
Ses04M_impro07_F012, I know.  You're going to be so close.,exc
Ses04M_impro07_M015," And, uh, it's just really exciting.  I- You know, I'm -- just I want to- I want to share this special happy moment with you. It's awesome",exc
Ses04M_impro07_F013, I'm glad you did.,exc
Ses04M_impro07_M016, So um,xxx
Ses04M_impro07_F014," That's great.  I mean, I'm really glad you're not going to go anywhere.  You'll still be here.",exc
Ses04M_impro07_M017," Yeah, yeah, yeah.  We're only going to be like twenty minutes apart.",xxx
Ses04M_impro07_F015, Everything in LA is twenty minutes away.,exc
Ses04M_impro07_M018," Exactly. It's more like twenty five. Twenty five, half an hour,",xxx
Ses04M_impro07_F016, Give or take. [LAUGHTER],exc
M, whatever,
Ses04M_impro07_M019," But, uh, yeah, so I'm really excited. I can't wait- can't wait to go.  I have to go to orientation,",xxx
Ses04M_impro07_F017, Well congratulations.,exc
Ses04M_impro07_M020," umm, and I'm going to check out school and get, you know, check out the courses",exc
Ses04M_impro07_M021, find out all this stuff.  And- and I don't know.  I think I'm going to try to live in a dorm.,exc
Ses04M_impro07_F018, Yeah.,exc
Ses04M_impro07_M022," 'Cause, you know, it's like you get to know a lot of people in the dorms and.",xxx
Ses04M_impro07_F019," Yeah, and then you got that whole communal shower thing which is really appealing.",xxx
Ses04M_impro07_M023, Well I'll have flip flops for that.  That's not  some- It's not a problem.,xxx
Ses04M_impro07_F020," Okay. Well, that's a good plan. Shower shoes. Two thumbs up.",xxx
Ses04M_impro07_M024," Yeah, yeah.  But um, so, yeah.  So it's pretty sweet, huh?  You should go there, too.",xxx
Ses04M_impro07_F021, Wow. I- I was looking at U.C.L.A.,xxx
Ses04M_impro07_M025," Ouch.  That's, um -- oh, wow.",neu
Ses04M_impro07_F022," But, congrats on the U.S.C. thing.",exc
Ses04M_impro07_M026," No, no, I mean, I didn't know -- I didn't know that about you. Um, I feel like --",neu
Ses04M_impro07_F023," The -- what, the- I mean--",neu
Ses04M_impro07_M027," No, I'm just messing with you. I mean, I'm not going to, you know, I mean, I'm not even really a football fan anyway.  So or- or a basketball-",xxx
F, It's not a big deal.,
Ses04M_impro07_F024," You're not going to -- you're going to go to games, though, right? I mean, you can't go to U.S.C. and not go to a football game.",xxx
Ses04M_impro07_M028, No. Football's boring.,xxx
Ses04M_impro07_F025," Just one game, though?  I mean, for the experience.  I mean, you don't have to go to all of the games but you gotta go to a game.",xxx
Ses04M_impro07_M029, I'll go to basketball games.,neu
Ses04M_impro07_F026," Okay.  Well that's cool, too, but like--",neu
Ses04M_impro07_M030, Maybe some golf matches.,neu
Ses04M_impro07_F027," Wow, you are a winner and a half. [LAUGHTER]",exc
Ses04M_impro07_M031, Do they even have any golf matches? I don't even know.,xxx
Ses04M_impro07_M032, I don't know.  Do they have golf?  Do they have- Does U.S.C. have a -- I don't know if they have a golf team.,neu
Ses04M_impro07_F028, I don't know. Women's volleyball.,xxx
Ses04M_impro07_M033," That I'll go to.  Definitely go to women's volleyball.  Women's volleyball, swimming, tennis.",xxx
Ses04M_impro07_F029, Basically anything women do.,xxx
Ses04M_impro07_M034," And then men's basketball.  And -- oh, well not women's basketball.",xxx
Ses04M_impro07_F030, You have to go to a football game.  Come on.,xxx
Ses04M_impro07_M035," No, I'm not going to go to a football game.",neu
Ses04M_impro07_F031," Paint some red and yellow S C on your face. And like get one of those big you know, number one hand things.",xxx
Ses04M_impro07_M036, Forget it. Forget it. Forget it. No way.,neu
Ses04M_impro07_F032, Maybe one of those megaphones. Pompom.,xxx
M, No way.,
Ses04M_impro07_M037, I do -- I will need to get a gun-,neu
Ses04M_impro07_F033," There are cheerleaders at football games.  That's girls, scantily clad sexy girls.",xxx
Ses04M_impro07_M038, You've got a point there.,xxx
Ses04M_impro07_F034, I know.,xxx
Ses04M_impro07_M039, I'll take that in consideration.  Alright.,xxx
Ses04M_impro07_F035, I'm just -- I'm watching your back.,xxx
Ses04M_impro07_M040," Okay.  Um, but, no, I, uh, I do need to get a gun soon, though, 'cause I mean",neu
Ses04M_impro07_F036, Excuse me?,neu
Ses04M_impro07_M041, I need to get like a -- just a small little gun just 'cause -- or like a taser or something or just like a butterfly knife,neu
Ses04M_impro07_F037, No.,neu
Ses04M_impro07_M042," 'cause, you know, I mean, it's like If I ever want to go south of campus",neu
Ses04M_impro07_F038, Well just don't go south of campus.  Don't get a gun. That's stupid. I mean-,xxx
M," Yeah, but- ",
Ses04M_impro07_M043, Well I need to defend myself from,neu
Ses04M_impro07_F039, Why don't you take kung fu?,xxx
