Uid,Utterances,Labels
Ses04M_script03_1_M000, Good God.,fea
Ses04M_script03_1_F000, Do you think it's them?,xxx
Ses04M_script03_1_M001, I wonder.,fea
Ses04M_script03_1_F001," Nobody knows we're here, except Freda and she wouldn't ring up.",fea
Ses04M_script03_1_M002," It must be them, then.",fea
Ses04M_script03_1_F002, What are we to do?,fea
Ses04M_script03_1_M003," We'll be alright, darling.  Whatever happens, aren't we?",neu
Ses04M_script03_1_F003, Now and always sweet.,xxx
Ses04M_script03_1_M004," I don't care, then.",exc
Ses04M_script03_1_F004, It was bound to come sooner or later.,xxx
Ses04M_script03_1_M005," Hello, hello.  What?  Wrong number.",xxx
Ses04M_script03_1_F005," Oh, it sent shivers up my spine.",exc
Ses04M_script03_1_M006, What shall we do if they suddenly walk in on us?,exc
Ses04M_script03_1_F006, Behave exquisitely.,exc
Ses04M_script03_1_M007, With the mo- with the most perfect poise?,exc
Ses04M_script03_1_F007, Certainly.  I shall probably do a court curtsey.,exc
Ses04M_script03_1_M008," Ah.  Things that ought to matter dreadfully don't matter when one's happy, do they?",xxx
Ses04M_script03_1_F008, But what's so horrible is that one can't stay happy.,exc
Ses04M_script03_1_M009," Don't say that, darling.",xxx
Ses04M_script03_1_F009, It's true.  The whole business is a very poor joke.,exc
Ses04M_script03_1_M010," Meaning that sacred and beautiful thing, love?",neu
Ses04M_script03_1_F010," Yes, meaning just that.",xxx
Ses04M_script03_1_M011," What does it all mean?  That's what I ask myself in my ceaseless quest for ultimate truth.  Dear God, what does it all mean?",xxx
Ses04M_script03_1_F011, Don't laugh at me.  I'm serious.,xxx
Ses04M_script03_1_M012," You mustn't be serious, my dear.  That's just what they want.",neu
Ses04M_script03_1_F012, Who's they?,exc
Ses04M_script03_1_M013, All the futile moralists who try to make life unbearable.  Laugh at them.  Be flippant.  Laugh at everything.  All their sacred shibboleths.  Flippancy brings out the acid- acid in their damn sweetness and light.,ang
Ses04M_script03_1_F013," If I laugh at everything, I must laugh at us, too.",neu
Ses04M_script03_1_M014, Certainly you must.  We're figures of fun alright.,xxx
Ses04M_script03_1_F014," How long will it last, this ludicrous and overbearing love of ours?",exc
Ses04M_script03_1_M015, Who knows.,xxx
Ses04M_script03_1_F015, Shall we always want to bicker and fight?,exc
Ses04M_script03_1_M016, No.  That fire will fade along with our passion.,sad
Ses04M_script03_1_F016," Oh, dear.  Should we like that.",xxx
Ses04M_script03_1_M017, It all depends on how well we've played.,xxx
Ses04M_script03_1_F017," What happens if one of us dies?  Does the one that's left, still laugh?",exc
Ses04M_script03_1_M018," Yes.  Yes, with all his might.",xxx
Ses04M_script03_1_F018," Well that's serious enough, isn't it?",exc
Ses04M_script03_1_M019," No, no, it isn't.  Death's very laughable; such a cunning little mystery, all done with mirrors.",xxx
Ses04M_script03_1_F019," Darling, I believe you're talking nonsense.",xxx
Ses04M_script03_1_M020," So is everyone else in the long run.  Let's be superficial and pity the poor philosophers.  Let's blow trumpets and squeakers and- and enjoy the party as much as we can, like very small, quite idiotic little school children.",xxx
Ses04M_script03_1_M021," Let's savor the delight of the moment.  Come and kiss me, darling, before your body rots and worms pop in and out of your eye sockets.",exc
Ses04M_script03_1_F020," Elliot, worms don't pop.",xxx
Ses04M_script03_1_M022," I don't mind what you do, see?  You can paint yourself bright green all over and dance naked in the Place Vendome and rush off madly with all the men in the world and I shan't say a word as long as you love me best.",xxx
Ses04M_script03_1_F021," Thank you, dear.  The same applies to you, except that if I catch you so much as looking at another woman, I will kill you.",exc
Ses04M_script03_1_M023, Do you remember that awful scene we had in Venice?,xxx
Ses04M_script03_1_F022, Which particular one?,exc
Ses04M_script03_1_M024, The one when you bought that little painted wooded snake and put it on my bed?,xxx
Ses04M_script03_1_F023," Oh, Charles; that was his name, Charles.  Oh, he did wriggle so beautifully.",exc
Ses04M_script03_1_M025, Horrible thing.  I hated it.,ang
Ses04M_script03_1_F024, I know you did.  You threw it out of the window into the Grand Canal.  I don't think I'll ever forgive you for that.,exc
Ses04M_script03_1_M026, How long did that row last?,xxx
Ses04M_script03_1_F025, It went on intermittently for days.,exc
Ses04M_script03_1_M027, The worst one was in Cannes when your curling irons burnt holes in my dressing gown.,xxx
Ses04M_script03_1_F026," It burnt my comb, too, and all the towels in the bathroom.",exc
Ses04M_script03_1_M028, Line?,neu
Ses04M_script03_1_M029, How -- that was a rouser wasn't it?,exc
Ses04M_script03_1_F027, That was the first time you ever hit me.,exc
Ses04M_script03_1_M030, I didn't hit you very hard.,xxx
Ses04M_script03_1_F028," The manager came in and found is rolling about on the floor, biting and scratching like panthers.  Oh, dear.",exc
Ses04M_script03_1_M031," Ah, I shall never forget his face.",xxx
Ses04M_script03_1_F029," How ridiculous. How utterly, utterly ridiculous.",exc
Ses04M_script03_1_M032, Yes.  We were very much younger then.,xxx
Ses04M_script03_1_F030, And very much sillier.,exc
Ses04M_script03_1_M033," As a matter of fact, the real cause of that row was Peter Burden.",neu
