Uid,Utterances,Labels
Ses04M_script01_3_F000, You're the only one I know who loves his parents.,xxx
Ses04M_script01_3_M000," I know.  It went out of style, didn't it?",xxx
Ses04M_script01_3_F001," It's okay.  It's a good thing.  You know, it's lovely here and the air is sweet.",xxx
Ses04M_script01_3_M001, So you're not sorry you came?,xxx
Ses04M_script01_3_F002," No, not sorry, but I'm not going to stay.",xxx
Ses04M_script01_3_M002, Why?,xxx
Ses04M_script01_3_F003," In the first place, your mother as much as told me to go.",xxx
M, Well--,
Ses04M_script01_3_F004, You saw that and then you've been kind of--,xxx
Ses04M_script01_3_M003, What?,xxx
Ses04M_script01_3_F005," Well, kind of embarrassed ever since I got here.",xxx
Ses04M_script01_3_M004, The trouble is I planned on sneaking up on you over a period of a week or so.  But they take it for granted that we're all set.,xxx
Ses04M_script01_3_F006," I knew they would, your mother, anyway.",xxx
Ses04M_script01_3_M005, How did you know?,xxx
Ses04M_script01_3_F007," From her point of view, why else would I come?",xxx
Ses04M_script01_3_M006, Well wouldn't you want to?,xxx
Ses04M_script01_3_M007, I guess you know this is why I asked you to come.,xxx
Ses04M_script01_3_F008, I guess this is why I came.,xxx
Ses04M_script01_3_M008," Ann, I love you.  I love you a great deal.  I love you.",xxx
Ses04M_script01_3_M009, I have no imagination.  That's all I know to tell you.  I'm embarrassing you.,xxx
Ses04M_script01_3_M010, I didn't want to tell it to you here.  I wanted someplace we'd never been; someplace where we'd be brand new to each other.,xxx
Ses04M_script01_3_M011," You think this is wrong, don't you; this yard, this chair?  I want you to be ready for me.  I don't want to win you away from anything.",xxx
Ses04M_script01_3_F009," Chris, I've been ready a long, long time.",xxx
Ses04M_script01_3_M012, Then he's gone forever?  You're sure?,xxx
Ses04M_script01_3_F010, I almost got married two years ago.,xxx
Ses04M_script01_3_M013, Why didn't you?,xxx
Ses04M_script01_3_F011, You started to write me.,xxx
Ses04M_script01_3_M014, You felt something that far back?,xxx
Ses04M_script01_3_F012, Every day since.,hap
Ses04M_script01_3_M015," Anne, why didn't you let me know?",xxx
Ses04M_script01_3_F013," I was waiting for you, Chris.  'Til then, you never wrote and when you did, what did you say?  You sure can be ambiguous, you know.",hap
Ses04M_script01_3_M016," Anne, give me a kiss.  Give me a -",xxx
Ses04M_script01_3_M017," I kissed you.  I kissed Annie.  How long, how long I've waited to kiss you.",xxx
Ses04M_script01_3_F014, I'll never forgive you.  Why did you wait all these years?  All I've done is sit around and wonder if I was crazy for thinking of you.,hap
Ses04M_script01_3_M018," Anne, we're going to live now.  I'm going to make you so happy.",xxx
Ses04M_script01_3_F015, Not like that you're not.,xxx
Ses04M_script01_3_M019, I kissed you.,xxx
Ses04M_script01_3_F016," Like Larry's brother.  Do it like you, Chris.  What is it, Chris?",xxx
Ses04M_script01_3_M020, Let's drive somewhere.  I want to be alone with you.,xxx
Ses04M_script01_3_F017," No, what is it, Chris?  Your mother?",xxx
Ses04M_script01_3_M021," No, no, nothing like that.",xxx
Ses04M_script01_3_F018," Then what's wrong.  Even in your letters, there was something ashamed.",xxx
Ses04M_script01_3_M022," Yes, I suppose there has been.  But it's going from me.",sad
Ses04M_script01_3_F019, You've got to tell me.,xxx
Ses04M_script01_3_M023, I don't know where to start.,sad
Ses04M_script01_3_F020, It wouldn't work this way.,xxx
Ses04M_script01_3_M024," It's all mixed up with so many other things.  You remember overseas, I was in command of a company?",sad
Ses04M_script01_3_F021," Yeah, sure.",xxx
Ses04M_script01_3_M025, Well I lost them.,sad
Ses04M_script01_3_F022, How many?,sad
Ses04M_script01_3_M026, Just about all.,sad
Ses04M_script01_3_F023," Oh, gees.",sad
Ses04M_script01_3_M027, It takes a little time to toss that off because they weren't just men.,sad
Ses04M_script01_3_M028," For instance, one time it'd been raining several days.  And this kid came to me and gave me his last pair of dry socks; put them in my pocket.  That's only a little thing, but that's the kind of guys I had.",sad
Ses04M_script01_3_M029, They didn't die.  They killed themselves for each other.  I mean that exactly.  A little more selfish and they'd have been here today.,xxx
Ses04M_script01_3_M030," And I got this idea watching them go down, everything was being destroyed, see?  But, to me, it seemed there was one new thing that was made,",sad
Ses04M_script01_3_M031, a kind of responsibility.  Man for man.  You understand me?  And then I went home and it was incredible.,sad
Ses04M_script01_3_M032," There was no meaning in it here.  The whole thing to them was some sort of bus accident.  Then I went to work for dad and that whole rat race again.  I felt, what you said, ashamed somehow",sad
Ses04M_script01_3_M033, because nobody was changed.  It seemed to make suckers out of a lot of guys.  I felt wrong to be alive;,sad
Ses04M_script01_3_M034," to open that bank book; to drive the new car; to see the new refrigerator.  I mean, you can take these things out of a war, but when you drive the new car, you have to know that it came out of the love a man can have for a man.",sad
Ses04M_script01_3_M035," You have to be a little better because of that.  Otherwise, we have is really loot and there's blood on it.  I don't want to take any of it.  I guess that included you.",sad
Ses04M_script01_3_F024, And do you still feel that way?,xxx
Ses04M_script01_3_M036," I want you now, Annie.",xxx
Ses04M_script01_3_F025," Because you mustn't feel that way anymore, Chris.  Because you have a right to everything you have, everything, Chris; to me, too.",xxx
Ses04M_script01_3_F026," And your money, there's nothing wrong in your money.  Your father put hundreds of planes in the air.  You should be proud.  A man should be paid for that.",xxx
Ses04M_script01_3_M037," Annie, Annie, I'm going to make you a fortune.",hap
Ses04M_script01_3_F027, What'll I do with a fortune?,hap
