Uid,Utterances,Labels
Ses04M_impro04_M000," Oh, man, I just -- I don't know what to do.  I don't know what to do.  It's like every job, you know, I go to; every job I apply to,",fru
Ses04M_impro04_M001," it's just like nobody- nobody wants to hire me. It's been years, I mean, do you understand, years?  Like, I'm -- you know what I mean, it's like I've been collecting unemployment for so long now, it's just like I just -- I can't take it.  I don't know what to do.  I mean, I'm just like losing my mind.",fru
Ses04M_impro04_F000, Well there has to be something you haven't tried.,neu
Ses04M_impro04_M002," I-I'm not kidding.  I've tried everything.  Like I've gone to every business and local, you know,",fru
Ses04M_impro04_M003," local business in- in the area and I can't- I can't get anything.  Like, nobody -",fru
Ses04M_impro04_F001, What about like a temp agency?,neu
Ses04M_impro04_F002," Have you gone, like, signed up with a temp agency?  Maybe they can help.",neu
Ses04M_impro04_M004," there's just like no jobs available.  I mean, it's just like, God.",neu
Ses04M_impro04_M005," Yeah, I tried that.  And there was like, yeah, like I did like one thing once.  But, like, that's not -- it doesn't last very long.  And it's not enough to live on.",fru
Ses04M_impro04_F003," Right, but you have -- I mean, you have to keep on them.  You have to keep calling and reminding them that you're still looking and",neu
Ses04M_impro04_F004," I mean, you have to be really aggressive about it.",neu
Ses04M_impro04_M006," Yeah, I do.  I do.  You don't understand.",fru
Ses04M_impro04_M007, I- You don't understand. I don't have a job.  All- My job is to look for a job.  I don't do anything else.,fru
Ses04M_impro04_M008," But, like, it's been years now and I just can't seem to get anything that really fits.  It's just it -- I -- it drives me absolutely insane.",fru
Ses04M_impro04_F005," Well, I mean, if it's that bad, maybe you're gonna have to take something that doesn't really fit, you know.  Like maybe you'll have to do something else for a while.  Find a new field, new skill.",neu
Ses04M_impro04_M009," No, no, no, no, no.  I can't- I can't do that.  I can't, I- because if I'm not- if I'm not- if I'm not doing something that I love, then I can't -- I can't- I mean it's- what's the point?",fru
Ses04M_impro04_F006," Well then you're choosing to be unemployed, really.",neu
Ses04M_impro04_M010, I'm not choosing. I'm not-,fru
Ses04M_impro04_F007," If you're not willing to try and work with it and find something and, you know, I mean, there are things you could do.",neu
Ses04M_impro04_M011," No, but I'm try- but like all the things that I-it's like I apply to all these places and none of them",fru
Ses04M_impro04_M012," -- I mean, I don't understand.  It's like -- I mean, I feel like I'm qualified enough.  I just don't understand.  Like, I mean, it's just like a matter of circumstance, but it's been three years, you know, three years.",fru
Ses04M_impro04_F008," Well maybe, you know, your luck it is just down and the market for your particular field is down and maybe you just need to look into doing something else for a while.",neu
Ses04M_impro04_M013, This is stupid.,fru
Ses04M_impro04_F009," I mean, I'm not saying that you should, you know--",neu
Ses04M_impro04_M014," You know what, this is your fault.",fru
Ses04M_impro04_F010, Excuse me?,sur
Ses04M_impro04_M015, It's your fault 'cause -cause you always told me to- to do this and I did that instead.  And I didn't take your advice and - and- but you sort of were like were telling--,fru
Ses04M_impro04_F011, It's my fault 'cause you didn't do what I told you to?,neu
Ses04M_impro04_M016," Yeah, exactly.",fru
Ses04M_impro04_F012, Well that sounds like your fault.,neu
Ses04M_impro04_M017, Yeah.,fru
Ses04M_impro04_F013, You didn't do what I told you to do.,neu
Ses04M_impro04_M018, That's 'cause you always tell me to do the wrong thing.  And I thought this time it was -- I was gonna be right by going with the opposite thing. So it's your fault because,fru
Ses04M_impro04_M019," -because you were always wrong and-and-and this time you were right. And-and I didn't -- yeah, that's why.",fru
Ses04M_impro04_F014, That's amazing logic that you managed to turn that around and make it my fault.,xxx
Ses04M_impro04_M020," Well, I mean, it makes sense, doesn't it, hmm?",neu
Ses04M_impro04_F015, I think maybe you can't get employed because you aren't willing to take responsibility for your own actions.,neu
Ses04M_impro04_M021, That's not true.  I take responsibility for my own actions.,neu
Ses04M_impro04_F016, Really?  Whose fault is it you don't have a job?,neu
Ses04M_impro04_M022, Yours.  I don't--,neu
Ses04M_impro04_F017, [LAUGHTER],neu
Ses04M_impro04_F018," You see what you just did there, though?",xxx
Ses04M_impro04_M023," I had- No, I don't.  I'm sorry.  I just totally screwed this one up.  You can stop it I guess.",oth
