Uid,Utterances,Labels
Ses04M_impro01_M000," Yeah, hi.  Um, look, I -- all I'm trying to do right now is renew my license plate.  That's all.  I just need to get one of those little stickers.",neu
Ses04M_impro01_F000, Okay.  What's the problem?,neu
Ses04M_impro01_M001," And I've- I've- some lady -- I got in line.  I waited for about two hours um, and, I gave her this form",fru
Ses04M_impro01_M002," that she gave to me earlier. And she said oh, I gave you the wrong one by accident.  So I was hoping I could just fill out a new one, give it to you and sort of skip this whole line business.",fru
F, Uhuh.,
Ses04M_impro01_F001," Okay, um.  Do you have your photo ID with you?",neu
Ses04M_impro01_M003," Yes, I do.",neu
Ses04M_impro01_F002, Okay.  This is the wrong form.  I'm sorry.,neu
Ses04M_impro01_M004," This is -- okay, then just can I have the form that I need.",fru
Ses04M_impro01_F003," I don't have the form.  You're going to have to go get in that line over there and they will give you the right form.  And after you fill it out, you can bring it back to me.",fru
Ses04M_impro01_M005, Don't you -- you don't have-,fru
Ses04M_impro01_M006, are you telling me you don't have a stack of them behind the desk?,fru
Ses04M_impro01_F004, I don't have any of,fru
Ses04M_impro01_F005, I don't have any of them over here.  You're gonna have to go get in that line over there.  And they will give you a copy of the form.,fru
Ses04M_impro01_M007," But you're -- it's the same -- I mean, you can -- like I can't go behind your desk--",fru
Ses04M_impro01_F006," Nope, I don't. I don't have-",fru
Ses04M_impro01_M008, or I can't go behind there- you can go behind this person's desk and just grab the form. So if you could just do that; that would help me out a lot.,fru
Ses04M_impro01_F007," No, I can't. That's-",fru
Ses04M_impro01_F008, I'm sorry.  You have to do things the way you have to do things here.  We have rules.,fru
Ses04M_impro01_M009," Look, can you please just-- --make this -- look, I look--",fru
Ses04M_impro01_F009," Go get in that-- Sir-- Sir, there are people in line behind you. you need",fru
Ses04M_impro01_M010, look-- It's  been- it's been two hours.  Can you please just make this easier on me and just go and get the form?  It's not- it's really not,fru
Ses04M_impro01_F010," I'm sorry.  I'm sorry you're having a hard time,",fru
Ses04M_impro01_F011, but you're gonna have to go get in  that line to,fru
Ses04M_impro01_M011, What if I pay you money?,fru
Ses04M_impro01_M012," Can I pay you money?  Can I give you, like, twenty bucks and you'll go back there and get the form?",fru
Ses04M_impro01_F012, twenty bucks? Please. Go get in that line over there.,neu
M, Yeah.,
Ses04M_impro01_M013," Come on.  Will you please?  I just --I look, I  cannot-- --just if I --",fru
Ses04M_impro01_F013," Look, I'm having a really bad day.  I'm off in twenty minutes and I just really don't need this right now, okay.",fru
Ses04M_impro01_M014," I don't care, well- You're having a bad -- I just waited in line for two hours.",fru
Ses04M_impro01_F014," And you're gonna have to go wait again, because that's the line you need.",fru
Ses04M_impro01_M015, Well I just -- I can't do that right -- can you please just grab the form? All you have to do is grab the form.  I'm not gonna ask anything else of you.,xxx
F," Sir, you can either go--",
Ses04M_impro01_F015, I can't do that. It's against our rules. You can go get in that line over there or you can just go ahead and leave and come back another day.  Maybe there will be a shorter line.,fru
Ses04M_impro01_M016, That's all I- I just- That's all i want you to-,fru
Ses04M_impro01_M017," Rules, you just have to grab a piece of paper behind from somebody's desk",fru
Ses04M_impro01_M018, It's not rocket science.,ang
Ses04M_impro01_M019," Come -- just, please, just grab the form.  It's right over there.",fru
Ses04M_impro01_F016, I can't do that.,fru
Ses04M_impro01_M020, I know it's right over there.,xxx
Ses04M_impro01_M021, Why are you being such a bitch?,fru
Ses04M_impro01_F017," I'm sorry, but I can't do that.",fru
Ses04M_impro01_M022," Please, will you please -- will you please just grab the form?",fru
Ses04M_impro01_F018, So go get in the other line or leave.  Or I will have you escorted out by security.,ang
Ses04M_impro01_F019, Would you like to be kicked out of the D.M.V.?  You don't think that'll be a little embarrassing?,ang
Ses04M_impro01_M023," Fine, which line is it?",fru
Ses04M_impro01_F020, The one you just came from.,fru
Ses04M_impro01_M024," Okay, fine.  I'll go over there.  Thanks, a lot.  You've been really helpful.",ang
Ses04M_impro01_F021, Yeah.  Thank you.  Have a pleasant day.,ang
