Uid,Utterances,Labels
Ses04F_impro04_M000, Hey.  Get out of the way.  I'm watching TV.,xxx
Ses04F_impro04_F000, That's helpful.,neu
Ses04F_impro04_F001, I just don't think I can do this anymore.  It's been a really long time and it's not like I'm not trying.,fru
Ses04F_impro04_M001, Well I guess you're not trying hard enough.,neu
Ses04F_impro04_F002, I am try-  it's been three years,fru
Ses04F_impro04_F003, and I have gone everywhere I can think of.  I have given resumes.  I have done interviews.  I've tried to pull in favors.  I've asked everybody I know for help.  I don't know what else to do.,fru
Ses04F_impro04_M002," Just, I don't know, maybe you're not smart enough.",neu
Ses04F_impro04_M003, I mean I don't know just go out and keep trying. Just-,neu
Ses04F_impro04_M004, I don't know.,neu
Ses04F_impro04_F004," Okay but I've been trying for three years.  Three years and I haven't gotten a bite much less actually gotten hired, and I am smart enough.  Thank you very much.",fru
Ses04F_impro04_M005," Hey.  Look, I mean- you know.",neu
Ses04F_impro04_F005, I'm really good at what I do.  I just don't know how to make someone else see that.,ang
Ses04F_impro04_M006, Look bananas don't grow overnight.  Okay.,neu
Ses04F_impro04_F006, What?  Who says that?  Bananas don't grow overnight.,ang
Ses04F_impro04_M007, You need that- Time-,neu
Ses04F_impro04_M008," You know- You need to just- you need, I mean it takes time to get a good job.  I mean-",neu
Ses04F_impro04_F007, Okay.  I think three years is a little excessive.,fru
Ses04F_impro04_M009," look at me, like, you know. I mean, Hey, I- it took me, you know, like six years to get where I am now. I mean-",neu
Ses04F_impro04_F008," Yeah but you weren't unemployed for three years trying to find any job.  I mean at this point I'm going to go drive a cab or, you know, work at the gas station or something.  I don't even- I don't know what to do anymore.",ang
Ses04F_impro04_M010, I don't know.  I mean whatever.,fru
Ses04F_impro04_F009, Nothing I'm trying seems to work. Just-,fru
Ses04F_impro04_M011, Clearly.,xxx
Ses04F_impro04_F010, Okay that's helpful.  Thanks.,xxx
Ses04F_impro04_M012, Look I'm sorry okay. It's just-,xxx
Ses04F_impro04_F011, Clearly everything you're doing is completely wrong.,ang
Ses04F_impro04_M013," I mean, well I mean i don't know; it doesn't really affect my life, you know.",neu
Ses04F_impro04_F012, Well don't you understand that this is-,fru
Ses04F_impro04_M014," Yeah, I understand, but-",neu
Ses04F_impro04_F013, I don't even- I mean you have to have some kind of an idea.  Something you could possibly throw out there that I could maybe use.,ang
Ses04F_impro04_M015," I don't know. Well like, I don't know. I mean-",neu
Ses04F_impro04_F014, I mean it's not like this is an,ang
Ses04F_impro04_F015, extreme request.  I want to find a job.  Everybody wants to find a job. It's really not that.,ang
Ses04F_impro04_M016, Clearly- cle- clearly you're doing something wrong.,neu
Ses04F_impro04_F016," Okay. Okay, Fine.",ang
Ses04F_impro04_M017," 'Cause if you've been looking, you've been applying for jobs for three years. And-",neu
Ses04F_impro04_F017, Okey So I'm doing something wrong.  What am I doing wrong?,ang
Ses04F_impro04_F018, I'm really good at what I do.  I'm smart.  I'm trained.  I have the education.  I'm talented.  I cannot-,ang
Ses04F_impro04_M018, Are you- I mean do you like get dressed up and everything when you go to the job interview?,neu
Ses04F_impro04_F019, Well yeah I mean I like take a shower and stuff.,fru
Ses04F_impro04_M019," And you like- you know, you shave your legs and everything?",neu
Ses04F_impro04_F020, [LAUGHTER] Yeah.  Usually.,fru
Ses04F_impro04_M020," and I want- I mean you know you've got to, like, do your hair.  I mean- I don't know, it's like,",neu
Ses04F_impro04_F021," Yeah, I- I make my",fru
Ses04F_impro04_F022, I make myself very presentable before I go to any kind of interview.,fru
Ses04F_impro04_M021," you know what I mean? You know, it's like they say presentation is, like eighty percent.",neu
Ses04F_impro04_M022, or some- some large percent of- of success.,neu
Ses04F_impro04_F023," Uhuh. Uhuh. Yeah, yeah. Good quote.",fru
M, Yeah,
Ses04F_impro04_M023," Because I don't know I mean just, you know, just keep- keep- keep at it.  Keep trying.  Go-",neu
Ses04F_impro04_F024, Buck-O. That's really helpful.  Just keep chugging along.  The little engine that could.,fru
M," Yeah, just-",
Ses04F_impro04_M024," What do you want me to? Look, Hey look if I could- Don't get all sassy.",xxx
Ses04F_impro04_F025, Well you- just you're doing something wrong.,ang
Ses04F_impro04_M025," Look if I could give you a job,if I could give you a job I would but I mean I'm not in that position. I'm-",fru
Ses04F_impro04_F026, Well maybe you could help.  I mean you've got a job.  I'm willing to look outside of my realm.  I could try something else.,fru
Ses04F_impro04_M026," Hey, I'd love to help you but I- you don't have the kind of training that I-",neu
Ses04F_impro04_F027, I'll get it.  I just need a job.  I don't care what it is.,fru
Ses04F_impro04_M027," So, go to McDonalds.",fru
Ses04F_impro04_F028, Well I mean I need to make a little bit more than the minimum wage fry flipper.,fru
Ses04F_impro04_M028, Well you've got to start somewhere.  I mean-,neu
Ses04F_impro04_F029, I did start somewhere.  I worked my way up.  I'm not going to start at the bottom again.,fru
Ses04F_impro04_M029, Well you're going to have to.  You don't really have an option.  What's your problem?,fru
Ses04F_impro04_F030, What's my problem?  What's my problem? I don't have a job.,ang
Ses04F_impro04_M030, I don't know it's like I'm trying to be-,neu
Ses04F_impro04_F031, I thought I was pretty clear about what the problem was.,ang
Ses04F_impro04_M031, I'm trying to be helpful.,neu
Ses04F_impro04_M032," I'm trying to be helpful and you're just, like, coming at me with, like, attacks.",xxx
Ses04F_impro04_F032, Well maybe you could be a little helpful.  I mean obviously you don't have any problems so would it really take so much time out of your day to just go ahead and help somebody else.,fru
Ses04F_impro04_M033, I'm trying to watch TV.,neu
Ses04F_impro04_M034, I'm trying to watch TV. TV.,xxx
Ses04F_impro04_F033, That's important.  That's really important.,fru
