Uid,Utterances,Labels
Ses04F_script01_2_F000, Why did he invite her?,ang
Ses04F_script01_2_M000, Why does that bother you?,neu
Ses04F_script01_2_F001, It's been three years.  Why all of a sudden?,ang
Ses04F_script01_2_M001, Well maybe- maybe he just wanted to see her again.,neu
Ses04F_script01_2_F002, Nobody comes seven hundred miles just to see.,fru
Ses04F_script01_2_M002, What do you mean?  He was brought up next door to the girl his whole life.  Why shouldn't he want to see her again?,xxx
Ses04F_script01_2_M003, Don't look at me like that.  He didn't tell me anymore than he told you.,xxx
Ses04F_script01_2_F003, She's not going to marry him.,xxx
Ses04F_script01_2_M004, How do you know he's even thinking about it?,neu
Ses04F_script01_2_F004, It's got that about it.,xxx
Ses04F_script01_2_M005, Well so what.,xxx
Ses04F_script01_2_F005," What's going on here, Joe?",ang
Ses04F_script01_2_M006, Listen kid.,fru
Ses04F_script01_2_F006," No, line.",ang
Ses04F_script01_2_M007," Uh, Then why is she still-she's not his girl, Joe",neu
Ses04F_script01_2_F007," She's not his girl, Joe.  She knows she's not.",ang
Ses04F_script01_2_M008, You can't read her mind.,neu
Ses04F_script01_2_F008, Then why is she still single?  New York is full of men.  Why hasn't she married?,ang
Ses04F_script01_2_F009, Probably a hundred people told her she's foolish but she's waited.,ang
Ses04F_script01_2_M009, How do you know why she waited?,fru
Ses04F_script01_2_F010, Because she knows what I know that's why.  She's faithful as a rock.,ang
Ses04F_script01_2_F011," In my worst moments, I think of her waiting and I know again that I'm right.",fru
Ses04F_script01_2_M010, Look it's a nice day.  What are we arguing for?,fru
Ses04F_script01_2_F012," Nobody in this house dares take her faith away, Joe.  Strangers might but not his father, not his brother.",fru
Ses04F_script01_2_M011, What do you want me to do?,fru
Ses04F_script01_2_F013," I want you to act like he's coming back, both of you.  Don't think I haven't noticed you since he invited her.  I won't stand for any nonsense.",xxx
Ses04F_script01_2_M012, But Kate-,fru
Ses04F_script01_2_F014," Because if he's not coming back, I'll kill myself.",fru
Ses04F_script01_2_F015," Laugh, laugh at me, but why did that happen the very night she came back?",xxx
Ses04F_script01_2_F016," She goes to sleep in his room and his memorial breaks in pieces.  Look, look at it.  Joe-",ang
Ses04F_script01_2_M013, Calm yourself.,fru
Ses04F_script01_2_F017," Believe with me, Joe.  I can't stand alone.",fru
Ses04F_script01_2_M014, Calm yourself.,fru
Ses04F_script01_2_F018, Just last week a man showed up in Detroit missing longer than Larry.  You read it yourself.,fru
Ses04F_script01_2_M015, Alright.  Alright.  Calm yourself.,fru
Ses04F_script01_2_F019, You above all have got to believe.  You.,fru
Ses04F_script01_2_M016, Why me above all?,fru
Ses04F_script01_2_F020, Just don't stop believing.,fru
Ses04F_script01_2_M017," What does that mean, me above all?  Look at you.  You're shaking.",ang
Ses04F_script01_2_F021, I can't help it.,fru
Ses04F_script01_2_M018, What have I got to hide?  What the hell is matter with you Kate?,fru
