Uid,Utterances,Labels
Ses04F_impro05_M000, Welcome to Northwest Airlines.  How can I help you?,fru
Ses04F_impro05_F000, You guys lost my bag.,fru
Ses04F_impro05_M001, Did you file a complaint already?,fru
Ses04F_impro05_F001, Yeah.  Yeah I did.,fru
Ses04F_impro05_M002, Where?  Did you do it at the front desk or by the baggage claims?,fru
Ses04F_impro05_F002," I-I don't know.  The place where they told me to go.  Look they told me to come talk to you because you guys lost my bag.  Not it's late.  Not it will be here soon, lost it completely.  What are you going to do about that?",fru
Ses04F_impro05_M003," Ma'am, first of all I'd like you to calm down.  Second of all-",fru
Ses04F_impro05_F003, Look that bag has my entire life in it and you just lost it.,fru
Ses04F_impro05_M004, I understand that ma'am.,xxx
Ses04F_impro05_F004," Lost it just, like, I mean,",ang
Ses04F_impro05_M005," Ma'am, I understand that.",fru
Ses04F_impro05_F005, it's not like it just disappeared into thin air. Somebody wasn't paying attention,ang
Ses04F_impro05_F006," because my bag was very easy to keep track of.  It's got big, you know, rainbow colored crap all over it and no one was paying attention because now it's just gone.",ang
Ses04F_impro05_M006," I understand that.  The best I can do for you, at this moment, is give you fifty dollar check courtesy of Northwest Airlines for inconveniencing you in losing your luggage.",fru
Ses04F_impro05_F007, Wait.  What?,sur
Ses04F_impro05_M007," At this moment in time, all I can do for you is give you-",fru
Ses04F_impro05_F008, No. No. I heard- I heard what you said.,ang
Ses04F_impro05_F009," You're kidding me, right.  You're going to give me fifty dollars to completely cover my bag, everything that was in it, the inconvenience that I've gone through.  I paid for my ticket.  All I expect is to safely get to my destination with my stuff.  Is that so much to ask?  I mean I really don't think that's that big a deal to ask you guys to have my bag in the place where I leave and then put my bag where I end up.",ang
M," Ma'am, ma'am.",
Ses04F_impro05_M008, you're getting very excited right now,fru
Ses04F_impro05_F010," Yeah, well that's got everything I have in it.",ang
Ses04F_impro05_M009," I understand that, ma'am but there's not really much I can do for you right now.",fru
Ses04F_impro05_F011, Look fifty dollars is unacceptable.  My bag itself cost over a hundred and fifty dollars.  You can't just give me fifty dollar gift certificate to Percoes or whatever the hell and then send me off like that's- that's good enough.  Like that's all I needed was fifty dollars.  My bag is worth more than that.,ang
Ses04F_impro05_M010, What I need you to do is file another complaint form. There's a form that you can fill out over by the front desk near the baggage claim.,fru
Ses04F_impro05_M011, If you'd like to take that over to the front desk- Ma'am.,fru
Ses04F_impro05_M012, We're just talking over each other.,fru
Ses04F_impro05_M013, We're not going to communicate anything this way.,fru
Ses04F_impro05_F012, I expect your airline who was responsible for my bag to give me the equivalent of the bag and all of the things in it.,ang
Ses04F_impro05_M014, Ma'am in flying with Northwest Airlines you agreed to,fru
Ses04F_impro05_M015, sign away your luggage to the,fru
Ses04F_impro05_F013, I didn't sign anything. I didn't sign anything. And you people have got to make-,ang
Ses04F_impro05_M016," It's part of the small- it's part of the agreement when you're purchasing an airline ticket, there's- when you-",fru
Ses04F_impro05_F014, You have to make amends for what you did for losing my bag and all of my stuff.  Fifty dollars is unacceptable.,ang
Ses04F_impro05_M017," Ma'am, please calm down.  When you purchase a ticket, there is a terms and agreement,",fru
Ses04F_impro05_F015, No.  No.  I don't know. You know what? I'm going to call my lawyer. You know what?  That's what I'm going to do.  I'm going to call my lawyer and have him get down here and explain to you that this is an unacceptable option.,ang
Ses04F_impro05_M018, terms and conditions- in the agreement of purchasing a ticket. Most people frequently look it over,fru
Ses04F_impro05_M019, The best that we can do for you is give you-,fru
Ses04F_impro05_M020, Ma'am.,fru
Ses04F_impro05_F016, I want to talk to your supervisor.,ang
Ses04F_impro05_M021, I am- I am- I am my own supervisor.,fru
Ses04F_impro05_F017," I've had enough.  I want to talk to-no, no unacceptable I want to your supervisor. I am done with this.",ang
Ses04F_impro05_M022," I am the supervisor, ma'am.",fru
Ses04F_impro05_F018," Really, you don't work for anybody.  It's just you?",ang
Ses04F_impro05_M023, I am the current manager on duty.,fru
Ses04F_impro05_F019," Okay.  Well I want to call whoever you report to, whoever your boss is because I have had enough with this airline and I am finished waiting for my fifty dollar gift certificate.",ang
Ses04F_impro05_M024," Ma'am, I own Northwest Airlines.",fru
