Uid,Utterances,Labels
Ses04F_impro07_M000," Hey, what's up?",neu
Ses04F_impro07_F000, Guess what came today?,exc
Ses04F_impro07_M001, What?,exc
Ses04F_impro07_F001, My acceptance letter.,exc
Ses04F_impro07_M002, Get out.,sur
Ses04F_impro07_F002, From U.S.C..,exc
Ses04F_impro07_M003, You serious?,sur
Ses04F_impro07_F003," Yes, I am.",exc
Ses04F_impro07_M004," Oh, my god what happened.  You got in. Otherwise you wouldn't be so happy. [LAUGHTER]",xxx
Ses04F_impro07_F004," Well yeah, that's the general idea. [LAUGHTER]",exc
Ses04F_impro07_M005, That's awesome.  Congratulations.,exc
Ses04F_impro07_F005, Big bad acceptance packet with all the information.  I'm going to U.S.C..,exc
Ses04F_impro07_M006, That's amazing.  Wow.,exc
Ses04F_impro07_F006, I know. [LAUGHTER],exc
Ses04F_impro07_M007, You're going to have to get like a nine millimeter because U.S.C.'s like in South Central.,xxx
Ses04F_impro07_F007," [LAUGHTER] Yeah, uh. No.",exc
Ses04F_impro07_F008, [LAUGHTER] It's safe around there.,exc
Ses04F_impro07_M008," No, seriously. No, seriously, you should do it.",xxx
Ses04F_impro07_F009, The campus is beautiful. I'm so excited.,exc
Ses04F_impro07_M009, I know but you should get like a taser or something.  I mean walking around the campus at night-,neu
Ses04F_impro07_F010," Do you want to buy me some mace for my, you know, going away present?",exc
Ses04F_impro07_M010, I'll get you- I'll get you a bottle of mace.,xxx
Ses04F_impro07_F011, There we go.  Perfect.,exc
M, That'll work.,
Ses04F_impro07_M011, And a taser and a knife.,xxx
Ses04F_impro07_F012, And a taser.  Excellent.  Just make sure it's a big knife.,exc
Ses04F_impro07_M012, And you'll be fully loaded.,xxx
Ses04F_impro07_F013, I don't want any of those little puny ones.,exc
Ses04F_impro07_M013," So, um- so what are you going to- what are you going to major in?",neu
Ses04F_impro07_F014, Well I was thinking maybe underwater basket weaving.,exc
Ses04F_impro07_M014," Underwater basket weaving, my god.",xxx
Ses04F_impro07_F015," U.S.C. has a major in that, right.",exc
Ses04F_impro07_M015, They have- they have that,xxx
Ses04F_impro07_F016, They have - U.S.C. has everything because U.S.C. is the best school ever.,exc
Ses04F_impro07_M016, they have that as a major?,neu
Ses04F_impro07_M017, That's ridiculous.  I don't believe that.,neu
Ses04F_impro07_F017, Okay.  Well I'm lying but-,exc
Ses04F_impro07_M018," Seriously, what's your major?",neu
Ses04F_impro07_F018," Well, I haven't decided yet.  I want to try some things out.",exc
Ses04F_impro07_M019, So you're undecided?,neu
Ses04F_impro07_F019, Yeah.,xxx
Ses04F_impro07_M020," Hey, that's cool.",neu
Ses04F_impro07_F020," I know 'cause then I can do whatever I want, right.  I can try classes in this and then try classes in that and then pick whatever I like best.",xxx
Ses04F_impro07_M021," No, no.  It's totally cool.  I mean, like, this friend of mine he was- he's been undecided now for, like, the past like eleven years of his life.",neu
Ses04F_impro07_F021, okay.  Well I'm not going to be undecided forever. [LAUGHTER],exc
Ses04F_impro07_M022," Uh, well-",neu
Ses04F_impro07_F022, And it's so close so you can come visit me all the time.,exc
Ses04F_impro07_M023, You- you- you'll find.,neu
Ses04F_impro07_M024," Yeah, I know.  That's right. Yeah, yeah. Because I live in LA.",xxx
Ses04F_impro07_F023, Right.,xxx
Ses04F_impro07_M025, and I like living in LA.,xxx
Ses04F_impro07_F024," So this works out perfectly.  Because I was worried if I didn't get in to U.S.C., then I would have to go somewhere far away and then-",exc
M," yeah, sweet.",
Ses04F_impro07_M026," You'd have to, like go somewhere else, and, you know, we would be apart, and that would suck.",neu
Ses04F_impro07_F025, I would miss you.,xxx
Ses04F_impro07_F026, Yeah. But now we don't have to.,xxx
Ses04F_impro07_M027, Right.,xxx
Ses04F_impro07_F027, Everything worked out perfectly.,exc
Ses04F_impro07_M028, That's awesome.,exc
Ses04F_impro07_F028, I know.  We should have a party.,exc
Ses04F_impro07_M029, We should have a party.,xxx
Ses04F_impro07_F029, An I got accepted to U.S.C. party.,exc
Ses04F_impro07_M030, You got accepted-what?  to a U.S.C. party?,xxx
Ses04F_impro07_F030, No.  An I got accepted to U.S.C. party. [LAUGHTER],exc
Ses04F_impro07_M031," Oh, that's right. Okay, I see. Right, right, right.",neu
Ses04F_impro07_M032, A party celebrating your acceptance.,neu
Ses04F_impro07_F031, Right.  Now you're with me.,exc
Ses04F_impro07_M033, That's cool.,neu
Ses04F_impro07_F032, That is why I got accepted.,exc
Ses04F_impro07_M034," Well, that's really cool that you're going to be staying in the same city and everything. so umm",exc
Ses04F_impro07_F033, I know.,exc
M," So, um",
Ses04F_impro07_M035," I don't know are you, like, I don't know.  Are you, like, available or anything?",neu
Ses04F_impro07_F034, [LAUGHTER] Are you asking me on a date?,xxx
Ses04F_impro07_M036," Well I mean I don't know.  It's like you know I kind of had a crush on you throughout high school and, like",exc
Ses04F_impro07_M037," I don't know I just thought that, you know, maybe we could, you know, I don't know.  It's like, you know, just test the waters anyway.  I don't see what the problem is.",exc
Ses04F_impro07_F035, What- what did you have in mind?,exc
Ses04F_impro07_M038," Movies- movie, we'll go to a movie and a dinner and- and",exc
Ses04F_impro07_M039," actually, you know, there's this- there's this really cool restaurant, um, I don't know if you-  it's Red Lobster.  It's like down on",exc
Ses04F_impro07_F036, [LAUGHTER],exc
Ses04F_impro07_M040, Vermont.,exc
Ses04F_impro07_F037, You just did not ask me on a date to Red Lobster.,xxx
Ses04F_impro07_M041," Wait, you've been there before?",exc
Ses04F_impro07_F038, On occasion I've heard of it.,exc
Ses04F_impro07_M042," Oh, so well then you know that it's awesome.",exc
Ses04F_impro07_F039, Yeah.  Totally.,exc
Ses04F_impro07_M043," Right, so we'll go there and then- and then we'll get some ice cream and maybe we'll go putt-putt golfing.",exc
Ses04F_impro07_F040, I am totally down with the ice cream.,exc
Ses04F_impro07_M044, Okay.  Putt-putt golfing?,neu
Ses04F_impro07_F041," Eh, we can work that part out.",exc
Ses04F_impro07_M045," Yeah, you want to go.  No, you want to go. You want to go.",exc
Ses04F_impro07_F042, Alright.,exc
Ses04F_impro07_M046, I can see it in your eyes.  You want to go.,exc
Ses04F_impro07_F043, I think that'd be really fun actually.,xxx
Ses04F_impro07_M047, Yeah.  So we'll do that and then- and then- and then tomorrow we'll have your,xxx
Ses04F_impro07_F044, party.,exc
Ses04F_impro07_M048, your I got into U.S.C. graduate party. Yeah.,xxx
Ses04F_impro07_F045, Well look at that.  What a great day.  I got into college and I got asked out on a date.,xxx
Ses04F_impro07_M049, Good. Alright we're so happy.,exc
Ses04F_impro07_F046, Yay for me.,xxx
Ses04F_impro07_M050," That's right.  Um, so U.S.C. is a really nice school.",exc
Ses04F_impro07_F047, I know.,exc
Ses04F_impro07_M051, Are you going to take out loans or-,neu
Ses04F_impro07_F048, Okay well that's not a happy part.  We don't want to talk about that.,exc
Ses04F_impro07_M052," Well hey, it's okay, fine, gees.",xxx
Ses04F_impro07_F049," Well no.  I mean I have some scholarships and some financial aid and stuff but I'll have to, you know, I'll get a job",exc
Ses04F_impro07_F050, while I'm in school.  It'll be good.,exc
Ses04F_impro07_M053, Sweet.,xxx
Ses04F_impro07_F051, Yeah.  It will work out.  Maybe I could work at Red Lobster.,exc
Ses04F_impro07_M054," Well, it's not far.",xxx
Ses04F_impro07_F052, I know.  Right down the street.,exc
Ses04F_impro07_M055," That's right.  There's lots of like, there's lots of doughnut shops, like, everywhere.",xxx
Ses04F_impro07_F053," Right, there's always that option. The doughnut thing.",xxx
Ses04F_impro07_M056, I mean There's pretty much doughnut shops everywhere in LA.,xxx
Ses04F_impro07_F054, Right,xxx
Ses04F_impro07_M057," But, um-",neu
Ses04F_impro07_F055, and like most places really.,xxx
Ses04F_impro07_M058," I mean, like, I don't know.  I'm just saying if you need to make some extra cash.  You can, you know",neu
Ses04F_impro07_F056, Work at a doughnut shop.,xxx
Ses04F_impro07_M059, Or library.,neu
Ses04F_impro07_F057," Maybe on campus, I hear they have jobs on campus.",xxx
Ses04F_impro07_M060, I just said the library,neu
Ses04F_impro07_M061," or, um, campus cruiser.  You can drive people around.",neu
Ses04F_impro07_F058, Excellent.  Drive drunk people around because you know that's all campus cruisers for.,exc
Ses04F_impro07_M062, Right or you can run for student counsel.,neu
Ses04F_impro07_F059," Okay.  No, that's dorky.",exc
Ses04F_impro07_M063, Dorky?,neu
Ses04F_impro07_F060, Yeah.,exc
Ses04F_impro07_M064, It's important.,neu
Ses04F_impro07_F061, Student counsel?,exc
Ses04F_impro07_M065, Yes.,xxx
Ses04F_impro07_F062," No, it's dorky.",exc
Ses04F_impro07_M066, Fine.  It's dorky.,neu
Ses04F_impro07_F063, Social life.  Hello.,exc
Ses04F_impro07_M067, But that'll fit you  because you're a dork.,neu
Ses04F_impro07_F064, [LAUGHTER].,exc
Ses04F_impro07_M068, [LAUGHTER].,xxx
Ses04F_impro07_M069, [LAUGHTER].,xxx
Ses04F_impro07_F065, [LAUGHTER].,exc
Ses04F_impro07_M070, I dork.,exc
Ses04F_impro07_F066," No.  But I'm thinking I might, you know, like audition for a play or something.  I don't really want to do the sorority thing.  I'm not really feeling that vibe with the",exc
Ses04F_impro07_M071," Yeah, you don't want to do the sorority thing because you'll probably get used and abused by",neu
Ses04F_impro07_F067, ditsy valley girls and,xxx
Ses04F_impro07_F068, lots of money and,xxx
Ses04F_impro07_M072, lots of drunk frat boys,neu
Ses04F_impro07_F069, Right.,xxx
Ses04F_impro07_M073, Yeah.,neu
Ses04F_impro07_M074," But, hey. They have- they have- they have free, uh",xxx
Ses04F_impro07_F070, What have you heard about the Greek system?,exc
Ses04F_impro07_M075, free buffets and free events.,xxx
Ses04F_impro07_F071, Free nothing. 'Cause you have to pay tons of money anyway.,xxx
Ses04F_impro07_M076," I mean it's not really free because you have to pay for it, but yeah.",neu
Ses04F_impro07_M077, Well do you think you're going to live on campus or off campus your first year?,neu
Ses04F_impro07_F072," I think I'll live on campus the first year cause you  meet more people that way, right?",xxx
Ses04F_impro07_M078," Oh, yeah? In a dorm?",xxx
Ses04F_impro07_F073," Well, yeah.  I mean that's where you meet people, right.  Everybody lives in the dorms, right.",xxx
Ses04F_impro07_M079," I hate to break this to you but you meet people by being cool, so-",neu
Ses04F_impro07_F074," Oh, oh, I'm sorry, my bad.  I'll have to, like, sign up for summer lessons from you before I go.  You can teach me how to be cool before I go to college.",exc
M, That's right.,
Ses04F_impro07_M080," No, no, no.  You're right though.  I mean, you know, dorms are definitely the way to meet people.  I know that I was in an apartment off campus",neu
Ses04F_impro07_M081," and I mean, you know, I knew my roommates and stuff but I there wasn't really that sense of community-",xxx
Ses04F_impro07_F075, Right.,xxx
Ses04F_impro07_M082," that happened, you know, that was going on.",neu
Ses04F_impro07_F076, So basically what you're saying is that I was right,xxx
F, about living in a dorm.,
Ses04F_impro07_M083, I was just joking.  Gosh.  You don't have to take everything so- so seriously.,xxx
Ses04F_impro07_F077," I'm- I'm right, right.",xxx
Ses04F_impro07_M084," Yes, you're right.",xxx
Ses04F_impro07_F078, That's what you're saying. I'm right. [LAUGHTER],exc
Ses04F_impro07_M085, All hail to the,xxx
Ses04F_impro07_F079, me.,exc
Ses04F_impro07_M086," to you, yes.",xxx
