Uid,Utterances,Labels
Ses04F_script01_1_F000, What's he going to say?  Maybe we should tell him before he sees it.,xxx
Ses04F_script01_1_M000, He saw it.,neu
Ses04F_script01_1_F001, How could he see it?  I was the first one up.  He was still in bed.,sur
Ses04F_script01_1_M001, He was out here when it broke.,xxx
Ses04F_script01_1_F002, When?,xxx
Ses04F_script01_1_M002, About four this morning.  I heard it cracking and I woke up and looked out.  He was standing right there when it cracked.,xxx
Ses04F_script01_1_F003, What was he doing out here at four in the morning?,xxx
Ses04F_script01_1_M003," I don't know.  When it cracked, he ran back into the house and cried in the kitchen.",xxx
Ses04F_script01_1_F004, Did you talk to him?,sad
Ses04F_script01_1_M004," No, I figured the best thing was to leave him alone.",sad
Ses04F_script01_1_F005, He cried hard?,xxx
Ses04F_script01_1_M005, I could hear him right through the floor of my room.,sad
Ses04F_script01_1_F006, What was he doing out here at that hour?  He's dreaming about him again.  He's walking around at night.,fru
Ses04F_script01_1_M006, I guess he is.,xxx
Ses04F_script01_1_F007, He's getting just like after he died.,xxx
Ses04F_script01_1_F008, What's the meaning in that?,xxx
Ses04F_script01_1_M007," I don't know the meaning of this, mom.  But I know one thing you made a terrible mistake with dad.",fru
Ses04F_script01_1_F009, What?,sur
Ses04F_script01_1_M008," Being dishonest with him, that kind of thing always pays off and now it's paying off.",fru
Ses04F_script01_1_F010, What do you mean dishonest?,xxx
Ses04F_script01_1_M009, You know that Larry's not coming back and I know it.  Why do we allow him to go on thinking that we believe with him?,ang
Ses04F_script01_1_F011," What do you want to do, argue with him?",ang
Ses04F_script01_1_M010, I don't want to argue with him but it's time that he realizes that Larry's not coming back anymore.,ang
Ses04F_script01_1_M011," Why shouldn't he dream of him?  Walk the nights waiting for him?  Do we contradict him?  Do we say straight out that we have no hope anymore, that we haven't had any hope for years now?",xxx
Ses04F_script01_1_F012, You can't say that to him.,ang
Ses04F_script01_1_M012, We've got to say it to him.,ang
Ses04F_script01_1_F013, How are you going to prove it?  Can you prove it?,ang
Ses04F_script01_1_M013, For God's sake three years.  Nobody comes back after three years.  It's insane.,ang
Ses04F_script01_1_F014, To you it is and to me but not to him.  You can talk yourself blue in the face but there's no body and no grave so where are you?,ang
Ses04F_script01_1_M014, Sit down mom.  I want to talk to you.,fru
Ses04F_script01_1_F015, The trouble is the goddamn newspapers.  Every month some boy turns up from nowhere so the next one is going to be Larry.,ang
Ses04F_script01_1_M015," Alright, alright, alright.  Listen. You know why I asked Annie here don't you?",fru
Ses04F_script01_1_F016, Why?,xxx
Ses04F_script01_1_M016, You know why.,neu
Ses04F_script01_1_F017, Well I got an idea but what's the story?,xxx
Ses04F_script01_1_M017, I'm going to ask her to marry me.,neu
Ses04F_script01_1_F018," Well that's only your business, Chris.",neu
Ses04F_script01_1_M018, You know it's not only my business.,fru
Ses04F_script01_1_F019, What do you want me to do?  You're old enough to know your own mind.,ang
Ses04F_script01_1_M019, Then it's alright.  I'll go ahead with it.,fru
Ses04F_script01_1_F020, Well you want to make sure that father isn't going to-,xxx
Ses04F_script01_1_M020, Then it isn't just my business.,ang
Ses04F_script01_1_F021, I'm just saying.,fru
Ses04F_script01_1_M021, Sometimes you infuriate me.  You know that?  Isn't it your business too if I tell this to father and he throws a fit about it.,ang
Ses04F_script01_1_M022, Sometimes you have a- Sometimes you have a talent for ignoring things.,ang
Ses04F_script01_1_F022, I ignore what I got to ignore. The girl is Larry's girl.,ang
Ses04F_script01_1_M023, She's not Larry's girl.,fru
Ses04F_script01_1_F023," From father's point of view, he's not dead and you have no right to take his girl.",ang
Ses04F_script01_1_F024," Now you can go on from there and you know where to go, but I'm telling you I don't know where to go.  See I don't know.  Now what can I do for you?",ang
Ses04F_script01_1_M024," I don't know why it is but every time I reach out for something I want, I have to pull back because other people will suffer. My whole bloody life time after time after time.",fru
Ses04F_script01_1_F025, You're a considerate fellow.  There's nothing wrong in that.,neu
Ses04F_script01_1_M025, To hell with that.,ang
Ses04F_script01_1_F026, Did you ask Annie yet?,xxx
Ses04F_script01_1_M026, I wanted to get this settled first.,sad
Ses04F_script01_1_F027, How do you know she'll marry you?  Maybe she feels the same way father does.,fru
Ses04F_script01_1_M027," Well if she does, then that's the end of it.  From her letters, I think she's forgotten him.  I'll find out.",fru
Ses04F_script01_1_M028," and then we'll thrash it out with dad, right mom.  Don't avoid me.",ang
Ses04F_script01_1_F028, The trouble is you don't see enough women.  You never did.,fru
Ses04F_script01_1_M029, So what I'm not fast with women.,ang
Ses04F_script01_1_F029, I don't see why it has to be Annie.,ang
Ses04F_script01_1_M030, Because it is.,ang
Ses04F_script01_1_F030, Well that's a good answer but it don't answer anything.  You haven't seen her since you went to war.  It's been five years.,ang
Ses04F_script01_1_M031, I can't help it.  I know her best.  I was brought up next door to her.,xxx
Ses04F_script01_1_M032," These years when I think of someone for my wife, I think of Annie.  What do you want, a diagram?",sad
Ses04F_script01_1_F031," I don't want a diagram.  He thinks he's coming back, Chris.",fru
Ses04F_script01_1_F032, You marry that girl.  You're pronouncing him dead.  Now what happens to your father?  Do you know because I don't?,ang
Ses04F_script01_1_M033, Alright then mom.,xxx
Ses04F_script01_1_F033, Just give it some more thought.,xxx
Ses04F_script01_1_M034," I've given it three years of thought.  I hoped that if I waited, dad would forget about Larry",ang
Ses04F_script01_1_M035," and everything would be happy and we would have a regular wedding.  But if that can't happen here, then I'll have to get out.",fru
Ses04F_script01_1_F034, What the hell is this?,xxx
Ses04F_script01_1_M036," I'll get out.  I'll get married and live someplace else, maybe New York.",xxx
Ses04F_script01_1_F035, Are you crazy?,ang
Ses04F_script01_1_M037, I've been a good son too long.  A good sucker I'm through with it.,xxx
Ses04F_script01_1_F036, You've got a business here.  What the hell is this?,ang
Ses04F_script01_1_M038," The business, the business doesn't inspire me.",ang
Ses04F_script01_1_F037, Must you be inspired?,ang
Ses04F_script01_1_M039," Yes, I like it an hour a day.  If I have to grub for money all day long, at least at evening I want it beautiful.",fru
Ses04F_script01_1_M040, I want- I want a family.  I want some kids.  I want to build something I give myself to.  Annie is in the middle of that.  Now where do I find it?,fru
Ses04F_script01_1_F038, You mean-tell me something you mean you'd really leave the business?,fru
Ses04F_script01_1_M041, Yes on this I would.,xxx
Ses04F_script01_1_F039, Well you don't want to think that way.,xxx
Ses04F_script01_1_M042, Then you help me stay here.,fru
Ses04F_script01_1_F040, Alright but don't think that way,ang
Ses04F_script01_1_F041," because what the hell did we work for?  This whole shooting match is just for you, Chris.",ang
Ses04F_script01_1_M043, I know.  Just you help me stay here.,fru
Ses04F_script01_1_F042, But don't think that way.  You hear me?,ang
Ses04F_script01_1_M044, I am thinking that way.,xxx
Ses04F_script01_1_F043, I don't understand you do I?,xxx
Ses04F_script01_1_M045, No.  I'm a pretty tough guy.,xxx
Ses04F_script01_1_F044, Yeah.  I can see that.,ang
