Uid,Utterances,Labels
Ses04F_script01_3_F000, You're the only one I know who loves his parents.,xxx
Ses04F_script01_3_M000, I know it went out of style didn't it?,xxx
Ses04F_script01_3_F001, It's okay.  It's a good thing.,xxx
Ses04F_script01_3_F002, You know it's lovely here.  The air is sweet.,xxx
Ses04F_script01_3_M001, You're not sorry you came.,xxx
Ses04F_script01_3_F003," Not sorry, no but I'm not staying.",xxx
Ses04F_script01_3_M002, Why?,xxx
Ses04F_script01_3_F004," In the first place, your mother as much as told me to go.",xxx
Ses04F_script01_3_M003, Well.,xxx
Ses04F_script01_3_F005, You saw that and you- you've been kind of-,xxx
Ses04F_script01_3_M004, What?,ang
Ses04F_script01_3_F006, Well kind of embarrassed ever since I got here.,xxx
Ses04F_script01_3_M005, The trouble is I planned on sneaking up on you over a period of a week or so but they take it for granted that we're all set.,xxx
Ses04F_script01_3_F007," I knew they would, your mother anyway.",xxx
Ses04F_script01_3_M006, How did you know?,xxx
Ses04F_script01_3_F008, From her point of view why else would I come?,xxx
Ses04F_script01_3_M007, Wouldn't you want to?,xxx
Ses04F_script01_3_M008, I guess you know this is why I asked you to come.,neu
Ses04F_script01_3_F009, I guess this is why I came.,hap
Ses04F_script01_3_M009," Ann, I love you.  I love you a great deal.  I love you.",hap
Ses04F_script01_3_M010, I have no imagination that's all I know to tell you.,hap
Ses04F_script01_3_M011, I'm embarrassing you.  I didn't want to tell it to you here.  I,hap
Ses04F_script01_3_M012," wanted some place we'd never been, a place where we'd be brand new to each other.",xxx
Ses04F_script01_3_M013," You think this is wrong, this chair, this yard.  I want you to be ready for me.  I don't want to win you away from anything.",xxx
Ses04F_script01_3_F010," Chris, I've been ready a long, long time.",hap
Ses04F_script01_3_M014, And he's gone forever.  You're sure?,neu
Ses04F_script01_3_F011, I almost got married two years ago.,xxx
Ses04F_script01_3_M015, Why didn't you?,xxx
Ses04F_script01_3_F012, You started to write me.,hap
Ses04F_script01_3_M016, You felt something that far back?,xxx
Ses04F_script01_3_F013, Every day since.,hap
Ses04F_script01_3_M017," Ann, why didn't you let me know?",xxx
Ses04F_script01_3_F014," I was waiting for you, Chris.  Till then you never wrote and then when you did what did you say.  I mean you sure can be ambiguous you know.",hap
Ses04F_script01_3_M018," Give me a kiss, Ann.  Give me a-God I kissed you.",hap
Ses04F_script01_3_M019," I kissed Annie.  How long, how long I've been waiting to kiss you.",hap
Ses04F_script01_3_F015, I'll never forgive you.  Why did you wait all these years?  All I've done is sit and wonder if I was crazy for thinking of you.,hap
Ses04F_script01_3_M020," Annie, we're going to live now.  I'm going to make you so happy.",hap
Ses04F_script01_3_F016, Not like that you're not.,xxx
Ses04F_script01_3_M021, I kissed you.,xxx
Ses04F_script01_3_F017," Like Larry's brother.  Do it like you, Chris.",xxx
Ses04F_script01_3_F018, What is it Chris?,xxx
Ses04F_script01_3_M022, Let's drive some place.  I want to be alone with you.,xxx
Ses04F_script01_3_F019," No.  What is it Chris, your mother?",xxx
Ses04F_script01_3_M023," No, nothing like that.",sad
Ses04F_script01_3_F020, Well then what's wrong?  Even in your letters there was something ashamed.,xxx
Ses04F_script01_3_M024, Yes.  I suppose I have been but it's going from me.,sad
Ses04F_script01_3_F021, You've got to tell me.,xxx
Ses04F_script01_3_M025, I don't know where to start.,fru
Ses04F_script01_3_F022, It wouldn't work this way.,xxx
Ses04F_script01_3_M026, There's so many things mixed up.,sad
Ses04F_script01_3_M027, You remember overseas I was in command of a company?,sad
Ses04F_script01_3_F023," Yeah, sure.",neu
Ses04F_script01_3_M028, Well I lost them.,sad
Ses04F_script01_3_F024, How many?,sad
Ses04F_script01_3_M029, Just about all.,sad
Ses04F_script01_3_F025," Oh, gees.",xxx
Ses04F_script01_3_M030, It takes a lot of time to toss that off because they weren't just men.,sad
Ses04F_script01_3_M031," For instance, one time it had been raining several days and this kid came to me and gave me his last pair of dry socks.",sad
Ses04F_script01_3_M032, I put them in my pocket. that's only a little thing but these are the kind of guys I had.,sad
Ses04F_script01_3_M033, They didn't die.  They killed themselves for each other.  I mean that exactly.  A little more selfish and they'd have been here today.,sad
Ses04F_script01_3_M034," And I got this idea watching them go down.  Everything was being destroyed see, but it seemed to me that there was one new thing that was made",sad
Ses04F_script01_3_M035, a sort of responsibility man for man.  You understand me?,sad
Ses04F_script01_3_M036, And then I came home and it was amazing.,sad
Ses04F_script01_3_M037, There was no meaning in it here.,xxx
Ses04F_script01_3_M038, The whole thing to them was sort of a bus accident. Then I went to work with father and that whole rat race again.,xxx
Ses04F_script01_3_M039," I felt, what you said, ashamed somehow",sad
Ses04F_script01_3_M040, because nobody was changed at all.  It seemed to make suckers out of a lot of guys.,sad
Ses04F_script01_3_M041," I felt wrong to be alive, to open the new bank book, to drive the new car, to see the new refrigerator.",sad
Ses04F_script01_3_M042, I mean you can take those things out of war but,xxx
Ses04F_script01_3_M043," when you drive the new car, you have to know that it came out of the love a man can have for a man.  You've got to be a little better because of that.",sad
Ses04F_script01_3_M044, Otherwise what you have is really just loot and there's blood on it.  I didn't want to take any of it.,sad
Ses04F_script01_3_M045, I guess that included you.,sad
Ses04F_script01_3_F026, And do you still feel that way?,xxx
Ses04F_script01_3_M046," I want you now, Annie.",xxx
Ses04F_script01_3_F027," Because you mustn't feel that way anymore because you have a right to whatever you have, Chris, do you understand, everything",xxx
Ses04F_script01_3_F028, that includes me.  And your money there's nothing wrong in your money.  Your father put hundreds of planes in the air.,xxx
Ses04F_script01_3_F029, You should be proud.  A man should be paid for that.,xxx
Ses04F_script01_3_M047," Annie, Annie I'm going to make a fortune for you.",hap
Ses04F_script01_3_F030, What'll I do with a fortune?,hap
