Uid,Utterances,Labels
Ses04M_impro06_F000," Hey, how you doing?",sad
Ses04M_impro06_F001, I'm sorry.,sad
Ses04M_impro06_M000, Thanks.,sad
Ses04M_impro06_F002," I know- I know there's nothing I can say that will really help, but--",sad
Ses04M_impro06_M001," I know.  I just -- I don't know.  It's just weird because you have somebody who's, you know,",sad
Ses04M_impro06_M002, a major part of your life and then they're gone.  And I don't know.  That's not really -- it's never really happened to me before.,sad
Ses04M_impro06_F003, I'm sorry.  It's never easy.,sad
Ses04M_impro06_M003, Yeah.,sad
Ses04M_impro06_F004," But, I'm here if there's anything you need.  I mean, you just have to ask.  I know --",sad
Ses04M_impro06_M004, Thanks.,sad
Ses04M_impro06_F005, --it doesn't really do anything.  But--,sad
Ses04M_impro06_M005, I just -- it's just not fair.,sad
Ses04M_impro06_F006, I know.  It never is.,sad
Ses04M_impro06_F007," How's, um -- how's his parents doing?",sad
Ses04M_impro06_M006," I mean, they're, you know, they're upset.  It's like you know, they",sad
Ses04M_impro06_M007, feel the same way everybody else does.,sad
F, Yeah.,
Ses04M_impro06_F008," I mean, what do you want to do?  Do you want to- do you want to talk about it?  Do you-",sad
Ses04M_impro06_M008," [BREATHING] I mean, there's nothing really to talk about.  He's gone and I'll never see him again.",sad
Ses04M_impro06_F009," Well I know it's not a lot of help or anything, but at least you got to know him.  I mean, at least you had the time with him that you did.",sad
Ses04M_impro06_M009, Yeah.,sad
Ses04M_impro06_F010," I mean, we can be grateful for that.",sad
Ses04M_impro06_M010," Yeah, I don't know.  Sometimes I wish I didn't know him.  So I wouldn't--",sad
Ses04M_impro06_F011, You feel that way now because you're upset.  But you don't really think that.,sad
Ses04M_impro06_F012," It'll get better.  I know it doesn't help, but it will get better and you will remember all of the good things that you guys had; all of the memories that you have with him that were happy and you'll be grateful for those.",sad
M, Mmhmm.,
Ses04M_impro06_M011, This is just -- this is a terrible life.  I just don't understand.,sad
Ses04M_impro06_F013," Just life, in general?",xxx
Ses04M_impro06_M012," I mean, it's just not fair.  Like, I don't know.  Why people -",sad
Ses04M_impro06_M013," there should just be some sort of rule that people don't die until they're older, 'cause then, at least, it's expected.",sad
Ses04M_impro06_F014," I agree.  If I knew how to make that happen, I would certainly help you.",sad
Ses04M_impro06_M014, I don't know what to do.,sad
Ses04M_impro06_F015," When's the service? Can- can we help?  Is there anything, I mean--",sad
Ses04M_impro06_M015," I mean, you- you can go.  I don't know.  I don't know what else.",sad
Ses04M_impro06_M016, I hope it rains.  Somehow that'll make me feel more comfortable.,sad
Ses04M_impro06_F016," Seems like if the whole world's sad, then it's okay for you to be.",sad
Ses04M_impro06_M017, Yeah.,sad
Ses04M_impro06_M018, I just wish there was some way to just bring him back to life magically.,sad
Ses04M_impro06_F017, I know.,sad
Ses04M_impro06_M019," Just, you know, some thing; some genie. I need to find a genie bottle.",sad
Ses04M_impro06_F018," I don't have any magic answers.  But,",sad
Ses04M_impro06_F019," I mean, as- as cliche as it is, as long as people who loved him remember him, then it's not a waste, you know.",sad
Ses04M_impro06_M020, I know.,sad
