Uid,Utterances,Labels
Ses04M_script02_2_F000," Look at this, goose bumps.",neu
Ses04M_script02_2_M000, Well so what'd you think?,neu
Ses04M_script02_2_F001, About what?,xxx
Ses04M_script02_2_M001, What I said.,neu
Ses04M_script02_2_F002, It's ridiculous.,xxx
Ses04M_script02_2_M002, Certainly is not.  It's slightly exaggerated scientific fact.,fru
Ses04M_script02_2_F003, It's PR.  Somebody sold you a bill of goods that this wonderful event is going to take place on the beach.,xxx
Ses04M_script02_2_M003, I'm not the only one.  Look at these people.,xxx
Ses04M_script02_2_F004, Sure.  They're all told the same story.  It's what keeps us coming back for more; keeps us excited; keeps us thinking that life is going to start any minute now if we could just find the right spot; get in on the action.,xxx
Ses04M_script02_2_M004, Are we talking about the same thing?,xxx
Ses04M_script02_2_F005," Well, I'm sorry, but it's still just fish to me.",xxx
Ses04M_script02_2_M005," Carla, can I ask you something?  Don't take this the wrong way, but are you having your period?",fru
Ses04M_script02_2_F006," Goddamn it, Augie, don't ask me that.  I hate it when you ask me that.  You always ask me that.  It's insulting.",ang
Ses04M_script02_2_M006, Well what's bugging you?,ang
Ses04M_script02_2_F007, We just have different ideas about what this evening is supposed to look like.,ang
Ses04M_script02_2_M007," There's nothing to it.  We come down here.  The grunions arrive.  They do their little fish business.  We go ooh, ah, look at the fish.  They go home.  We go home.",ang
Ses04M_script02_2_F008," For heaven's sake, we are not going to see the grunions.",xxx
Ses04M_script02_2_M008, Why not?,xxx
Ses04M_script02_2_F009," We never do, do we?  Have we ever?",ang
Ses04M_script02_2_M009, We've missed them twice.,xxx
Ses04M_script02_2_M010, That's not ever.,xxx
Ses04M_script02_2_F010, Twice is every time we've tried.  That's ever.,fru
Ses04M_script02_2_M011, We'll see them this year.,fru
Ses04M_script02_2_F011," No, we won't.  It's pointless.  It's like waiting up to see Santa Claus.  I feel as though my entire life is going to be spent standing on the beach with my eyes wide open and my hands clasped expectantly waiting for the fish to show up.  And the fish won't show up.",xxx
Ses04M_script02_2_M012, I thought you wanted to see them.,xxx
Ses04M_script02_2_F012, You don't have any idea what I'm saying.,fru
Ses04M_script02_2_M013," No, of course, not.",fru
Ses04M_script02_2_F013," I did want to see it.  I always do.  I keep thinking this time will be the time, but it never is.",ang
Ses04M_script02_2_M014, It's just fish; nothing to get traumatized over.,fru
Ses04M_script02_2_F014," For heaven's sake, this is not about fish.",xxx
Ses04M_script02_2_M015," I've been trying to work this backwards, but I can't seem to pinpoint the moment when we took a turn for the worse.",fru
Ses04M_script02_2_M016," You were fine during the phone call from Marge.  Dinner was okay.  Doing the dishes was no problem.  Let's see, I took a shower.  Uh, you watched the news.  You said the grunions are running tonight.  I said great, let's go.  I feel lucky tonight.",fru
Ses04M_script02_2_M017," Uh,okay.  So I'm putting on my jacket; putting out the animals;",fru
Ses04M_script02_2_F015, Do you remember the first time we came to see it?,xxx
Ses04M_script02_2_M018," uh, taking the car out of the gara- out of the garage.",fru
Ses04M_script02_2_M019, Uh.,fru
Ses04M_script02_2_F016," It was about four years ago, right after we got married.  We thought I was pregnant and we had a bottle of champagne but no glasses.  You asked me to dance.  So we took off our shoes and you popped the cork.",sad
Ses04M_script02_2_F017," And while we were dancing, you said the softest, most intimate things to me, right into my ear so that I could feel them as much as hear them.  And I remember thinking this is it.  At last, at last I'm as happy as I'm supposed to be.",xxx
Ses04M_script02_2_M020," Wait a minute, I've got it.",neu
Ses04M_script02_2_F018, Dancing barefoot in the sand; drinking champagne from the bottle.,sad
Ses04M_script02_2_M021," It was in the car, right?  Driving past the Knickerbocker Liquor Locker?  You said let's get some champagne and I said times a wasting or something like that.  Right?  That's it, right?  You want this to be like the other time.  That's it.  Of course.",neu
Ses04M_script02_2_F019, I'd rather not remember some things.  I'd rather not hope for some things.,sad
Ses04M_script02_2_M022, Sure.  Okay.  Alright.  I've got it.  Listen do you want to dance?,xxx
Ses04M_script02_2_F020, No.,sad
Ses04M_script02_2_M023, You want to get some champagne?,xxx
Ses04M_script02_2_F021, No.,sad
Ses04M_script02_2_M024," What, you want me to breathe in your ear?",fru
Ses04M_script02_2_F022, No.,fru
Ses04M_script02_2_M025, You want to get married again?,fru
Ses04M_script02_2_F023, No.,fru
Ses04M_script02_2_M026," What, you want a divorce?",fru
Ses04M_script02_2_F024, No.,fru
Ses04M_script02_2_M027, A vacation?,fru
Ses04M_script02_2_F025, No.,ang
Ses04M_script02_2_M028," A new carpet?  A poodle?  An ice cream?  A back rub?  A suicide pact?  What?  What, Carla?  What the hell do you want?",xxx
Ses04M_script02_2_F026, I want something to turn out the way it's supposed to.,ang
Ses04M_script02_2_M029," Well welcome to the human race.  You think this is what I had in mind?  You think that when I proposed, I had this great fantasy going that four years down the line, we'd come to the beach and yell at each other over fish?  No.",ang
Ses04M_script02_2_M030," No, I'm just like you.  I thought it was going to be all peaches and roses and wind in our hair and sand in our toes and the fish will always come and the bills will always pay themselves.",xxx
Ses04M_script02_2_M031," And we'll have three fat rosy kids and ha, ha, ha, baby, the joke's on us, 'cause you know what you get, Carla?  You know what you get?  This.",ang
Ses04M_script02_2_F027, This what?  What is this?  This isn't even anything.,ang
Ses04M_script02_2_M032," Yes, it is.",fru
Ses04M_script02_2_F028," Oh, right, sure.  This is standing on the beach.   This is waiting.  This is fighting.",ang
Ses04M_script02_2_M033, Right.,fru
Ses04M_script02_2_F029, But this isn't anything like I thought anything would be like.,ang
Ses04M_script02_2_M034," No, I know, me neither.",ang
Ses04M_script02_2_F030," This is just this.  I mean, it includes a lot and everything, but it's just not, you know, something else.  Do you have any idea what I'm trying to say?",xxx
Ses04M_script02_2_M035, I'm doing the best I can.,fru
Ses04M_script02_2_F031," I know you are, Augie.  Really, I do.  I know you meant for this to be special and nice and it's the full moon and the sand and everything.  But I just couldn't help thinking about being somewhere else.",fru
Ses04M_script02_2_M036," Maybe if you were with somebody else, too, huh?",xxx
Ses04M_script02_2_F032, I didn't say that.,sad
Ses04M_script02_2_M037," No, I know.  But still.  I know I don't make you happy.",sad
Ses04M_script02_2_F033," For heaven's sake, whatever I'm doing, I'd rather be doing it with you.",xxx
Ses04M_script02_2_M038, Yeah?,sur
Ses04M_script02_2_F034, Well don't be ridiculous.  Don't you know that?  You're the one who probably wishes you were with somebody else; somebody who knew how to enjoy herself and didn't take everything so hard.,xxx
Ses04M_script02_2_M039," Actually, now that you mention it, no.  I don't.",hap
Ses04M_script02_2_F035," Okay, fine.  So we're in the wrong spot, but we're with the right person.",hap
Ses04M_script02_2_M040," I don't know.  It seemed like a good spot to me.  I mean, look at the view you've got of the moon from here.",hap
Ses04M_script02_2_F036," Yeah, I noticed that.  Looks pretty on the water, doesn't it?  Big ol' white moon.  I'm sorry, Augie.",hap
Ses04M_script02_2_M041," Shh.  If we're very quiet, the fish might come.",hap
Ses04M_script02_2_F037, Or not.,xxx
Ses04M_script02_2_M042, Or not.,xxx
