Uid,Utterances,Labels
Ses04M_impro02_M000, It's only going to be a year.,sad
Ses04M_impro02_F000, It's the first year of your child's life.,xxx
Ses04M_impro02_M001, There's really -- there's nothing I can do.,xxx
Ses04M_impro02_F001, You're just fine with this?,xxx
Ses04M_impro02_M002, There's nothing I --,fru
Ses04M_impro02_F002, You're just going to pick up and leave me and our baby and miss a year of our lives?,fru
Ses04M_impro02_M003," It's -- look, it's only a year.  It'll go by quickly.  Okay.",fru
Ses04M_impro02_F003," When you get back, think of all of the things that you're going to have missed.",xxx
Ses04M_impro02_M004," I know, but I'll be back then.  And - and- and we'll have -- we have the rest of our lives.",fru
Ses04M_impro02_F004, Don't go.,xxx
Ses04M_impro02_M005, I can't do that.  I have to go.,fru
Ses04M_impro02_F005," Do you want to -- do you want to leave us behind?  I mean, I don't understand why you have to do this.",fru
Ses04M_impro02_M006, I've made a pledge.  I can't not do this at this point.,fru
Ses04M_impro02_F006," You've made a pledge to us, too.  Remember that day, we stood in front of each other and said 'til death do us part.  Put on some rings and it's supposed to mean something.",xxx
Ses04M_impro02_M007, I know that. I know that. I know that.,fru
Ses04M_impro02_M008," There's nothing I can do.  I mean, I have to go.",neu
Ses04M_impro02_M009," And this is what I do.  This is -- I mean, this is my life.  And I know that you're part of my life, too, and I mean, it's only -- it's just going to be a year.  I'll be back.",fru
Ses04M_impro02_F007, Can't you ask them?  Can't you go back and ask them if you could -- I don't know if you could change  assignments or something and you could stay here?,fru
Ses04M_impro02_M010, It's not- it's not- It's not like that.  It's not like that.  I can't do that.,fru
Ses04M_impro02_F008," Why not?  You could, at least, try.  They have to understand",fru
Ses04M_impro02_M011, Because it's impossible.  There's -- I just can't.  I can't.,fru
Ses04M_impro02_F009, You won't even know your child when you come back.  This -- isn't there someone you could talk to?,sad
Ses04M_impro02_F010, Explain the situation to them and then you can stay here.,fru
Ses04M_impro02_M012," Look, honey, it's- it's- it's only going to be a year.",fru
Ses04M_impro02_M013, It's only going to be a year. I'm not going to miss my son's entire life.,fru
Ses04M_impro02_F011," And what happens if, at the end of that year, they ask you to stay longer?  Are you just going to agree?  Are you just going to absentmindedly brainwashedly do whatever it is they tell you to do?",fru
Ses04M_impro02_M014, I'm not going to stay more than a year.  I've  agreed to a year,fru
Ses04M_impro02_F012, Then why do you have to go a year at all?,fru
Ses04M_impro02_M015, Because I've already agreed to that.,fru
Ses04M_impro02_F013, Well unagree.  Tell them that you can't leave right now.  I can't do this by myself.  I can't do this without you.,fru
Ses04M_impro02_M016," Yes, you can.  Yes, you can.  You know you can.  You're a strong person.",fru
Ses04M_impro02_F014, This is supposed to be a partnership.  We're supposed to do this together. I'm not supposed to be left here to do this by myself while you leave.,xxx
Ses04M_impro02_M017, It is. It is. It is. It is. I'm going to write you every day.,fru
Ses04M_impro02_F015," What am I supposed to do, read your letters?",xxx
Ses04M_impro02_M018, What else can we do?  I -- we don't have a choice in this.  Do you understand?  You can't come with me and I can't stay here.  That's all there is to it.,fru
Ses04M_impro02_F016," There has to be something.  I mean, we can't just live with this.  It's not -- it just won't work this way.",fru
Ses04M_impro02_M019, We don't have a choice.  I have to do this.,fru
Ses04M_impro02_F017, Just tell them no.,fru
Ses04M_impro02_M020," I can't do it.  I'd love to.  I mean, I don't - if you understand, I don't want to stay.",fru
Ses04M_impro02_M021," I mean, I don't want to -- I don't want to leave.  I want to stay here with you.",fru
Ses04M_impro02_F018," Then, can't you please try something?  If you go and ask them and they say no, then I would understand, but you're not even willing to ask.",fru
Ses04M_impro02_F019, Can't you just make an effort?  Can't you just try?,fru
Ses04M_impro02_M022, I've asked already.  I can't go back.,fru
Ses04M_impro02_M023," It can't happen.  I have to go.  I want to stay really bad, but I can't.  There's just no -- I don't have an option.",fru
Ses04M_impro02_F020, When do you leave?,sad
Ses04M_impro02_M024, Next week.,fru
Ses04M_impro02_F021, A week.  You're giving me a week to be okay with this.,ang
Ses04M_impro02_M025," You can't make it out like I'm happy about this.  I mean, I didn't -- I didn't want to put you in this situation.",fru
Ses04M_impro02_F022, Well it doesn't seem like you're that bothered by it.,fru
Ses04M_impro02_M026," I am.  I mean, I don't know.  I don't know what else to tell -- you know, I mean, I can tell you.  I don't know what else to do. I mean, I've been forced into this situation.",fru
Ses04M_impro02_F023," If you really cared so much, you'd find a way out.",fru
Ses04M_impro02_M027, There's nothing I can do.  I-- I,fru
Ses04M_impro02_F024," Fine, fine.  We have to be together.  If you can't stay here, then I'll go with you.  I don't care where you go.  We'll go, too.  I'm not staying behind.",xxx
Ses04M_impro02_M028, They won't let you come along.  It's not going to happen.,fru
Ses04M_impro02_F025," It's a free world.  I can go where I want.  Wherever you are, that's where we're going to go.",fru
Ses04M_impro02_M029, Are you kidding? Please don't be difficult about this.,fru
Ses04M_impro02_F026, Difficult.  You're leaving for a year. We have a newborn child and you're leaving.  I don't think I'm being difficult.,xxx
Ses04M_impro02_M030, [BREATHING],fru
Ses04M_impro02_F027," I'm finding a way to make it work.  And I will go wherever you go.  Whatever I have to do, I will make this work.",fru
Ses04M_impro02_M031," Look, I--",fru
Ses04M_impro02_F028, You're not really giving me a lot of options.,fru
Ses04M_impro02_M032, Where I'm going is not the safest place on the earth.  Okay.,fru
Ses04M_impro02_F029, But I'm supposed to be okay with you going there.,fru
Ses04M_impro02_M033, But I've been trained.  You have no training.,fru
Ses04M_impro02_F030, I'm not going to stay here and wait.,xxx
Ses04M_impro02_M034, You have to.  Do you understand me?  You have to.,fru
Ses04M_impro02_F031, I can't do it.,xxx
Ses04M_impro02_M035," Well I guess we're at a stalemate then, aren't we?",fru
