Uid,Utterances,Labels
Ses04F_script03_2_M000," As a matter of fact, the real cause of that row was Peter Burden.",neu
Ses04F_script03_2_F000," There was nothing in that, you know that.",xxx
Ses04F_script03_2_M001, I knew nothing of the sort.  You took presents from him.,ang
Ses04F_script03_2_F001, Presents a trivial little broach.,xxx
Ses04F_script03_2_M002, I remember it well bristling with diamonds in the worst possible taste.,xxx
Ses04F_script03_2_F002, Not at all.  It was very pretty.  I still have it and I wear it often.,xxx
Ses04F_script03_2_M003, You went out of your way to torture me over Peter Burden.,ang
Ses04F_script03_2_F003, I did not.  You made the whole thing up in your jealous imagination.,xxx
Ses04F_script03_2_M004," You must admit that he was in love with you, wasn't he?",xxx
Ses04F_script03_2_F004," Just a little perhaps, nothing serious.",xxx
Ses04F_script03_2_M005, You let him kiss you.  You said you did.,ang
Ses04F_script03_2_F005, What of it?,ang
Ses04F_script03_2_M006, What of it?,ang
Ses04F_script03_2_F006, It gave him a lot of pleasure and it didn't hurt me.,xxx
Ses04F_script03_2_M007, What about me?,ang
Ses04F_script03_2_F007," If you hadn't been so nosey, you never would have known a thing about it.",xxx
Ses04F_script03_2_M008," That's a nice point of view, I must say.",ang
Ses04F_script03_2_F008," Oh, dear.  I'm bored with this conversation.",fru
Ses04F_script03_2_M009, So am I.  Bored stiff.  Want some brandy?,xxx
Ses04F_script03_2_F009, No thanks.,fru
Ses04F_script03_2_M010," I'll have some myself, I think.",neu
Ses04F_script03_2_F010, I don't see why you want it.  You've already had two glasses.,xxx
Ses04F_script03_2_M011, No particular reason.  Anyway they were very small ones.,xxx
Ses04F_script03_2_F011, seems so silly to go on and on and on with such a thing.,xxx
Ses04F_script03_2_M012, You can hardly call three liquor glasses in the whole evening going on and on and on.,fru
Ses04F_script03_2_F012, It's become a habit with you.,ang
Ses04F_script03_2_M013, You needn't be so grand just because you don't happen to want any at the moment.,xxx
Ses04F_script03_2_F013," Oh, don't be so stupid.",ang
Ses04F_script03_2_M014," Really, Amanda.",ang
Ses04F_script03_2_F014, What?,ang
Ses04F_script03_2_M015, Nothing.,ang
Ses04F_script03_2_M016," Going somewhere, my dear?",ang
Ses04F_script03_2_F015, Just making myself fascinating for you.,fru
Ses04F_script03_2_M017," Ah, that reply has broken my heart.",xxx
Ses04F_script03_2_F016, The woman's job is to allure the man.  Watch me a minute will you.,fru
Ses04F_script03_2_M018," As a matter of fact, that's perfectly true.",xxx
Ses04F_script03_2_F017," Oh, no it isn't",fru
Ses04F_script03_2_M019," Yes, it is.",xxx
Ses04F_script03_2_F018," Oh, be quiet.",xxx
Ses04F_script03_2_M020, It's a pity you don't have anymore brandy.  It might have made you a little less disagreeable.,xxx
Ses04F_script03_2_F019, It doesn't seem to have worked such wonders with you.,ang
Ses04F_script03_2_M021," Snap, snap, snap like a little adder.",fru
Ses04F_script03_2_F020, Adders don't snap they sting.,ang
Ses04F_script03_2_M022, Non-sense they have bags of venom behind their fangs and they snap.,xxx
Ses04F_script03_2_F021, They sting.,ang
Ses04F_script03_2_M023, They snap.,xxx
Ses04F_script03_2_F022," I don't care, okay.  Do you understand?  I don't care.  I don't mind if they bark and roll about like hoops.",ang
Ses04F_script03_2_M024, Did you see much of Peter Burden after our divorce?,neu
Ses04F_script03_2_F023," Yes, I did quite a lot.",ang
Ses04F_script03_2_M025, I suppose you let him kiss you a good deal more then.,xxx
Ses04F_script03_2_F024, Mind your own business.,ang
Ses04F_script03_2_M026," You must have had a riotous time.  No restraint at all, very enjoyable, you never had much anyhow.",xxx
Ses04F_script03_2_F025, You're quite insufferable.  I expect it's because you're drunk.,ang
Ses04F_script03_2_M027, I'm not in the least drunk.,ang
Ses04F_script03_2_F026, You always had a weak head.,ang
Ses04F_script03_2_M028, I think I mentioned once before that I had three minute liquor glasses of brandy the whole evening long.  A child of two couldn't get drunk on that.,fru
Ses04F_script03_2_F027," On, the contrary.  A child of two could get violently drunk on only one glass of brandy.",ang
Ses04F_script03_2_M029, Very interesting and how about a child of six and a child of four and a child of nine.,xxx
Ses04F_script03_2_F028," Oh, shut up.",ang
Ses04F_script03_2_M030," They'd get up a splendid little debate about that, you know.  Intemperate tots.",xxx
Ses04F_script03_2_F029," Not very funny, dear.  You'd better have some more brandy.",ang
Ses04F_script03_2_M031, Very good idea.  I will.,ang
Ses04F_script03_2_M032, You'd better turn that off I think.,xxx
Ses04F_script03_2_F030, Why?,ang
Ses04F_script03_2_M033, It's very late and it will annoy the people upstairs.,xxx
Ses04F_script03_2_F031, There is no one upstairs.  It's a photographer's studio.,ang
Ses04F_script03_2_M034, There are people downstairs I suppose.,ang
Ses04F_script03_2_F032, They're away in Tunis.,xxx
Ses04F_script03_2_M035, This is no time of year for Tunis.,ang
Ses04F_script03_2_F033," Turn it on again, please.",xxx
Ses04F_script03_2_M036, I'll do no such thing.,xxx
Ses04F_script03_2_F034, Very well if you insist on being boorish and idiotic.,ang
Ses04F_script03_2_M037, Turn it off.  It's driving me mad.,ang
Ses04F_script03_2_F035, You're far too temperamental.  Try to control yourself.,ang
Ses04F_script03_2_M038, Turn it off.,xxx
Ses04F_script03_2_F036," Go away, go away.  I hate you.",ang
Ses04F_script03_2_M039," Amanda, listen.",ang
Ses04F_script03_2_F037, Listen? Listen indeed.  I'm sick and tired of listening to you.  You damn sadistic bully.,ang
Ses04F_script03_2_F038, Stop.,ang
Ses04F_script03_2_M040, Very amusing.,ang
Ses04F_script03_2_F039," Stop, stop.  I hate you.  Do you hear?  You're conceited and overbearing and utterly impossible.",ang
Ses04F_script03_2_M041," You're a vile tempered, loose living, wicked little beast. And I hope I never see you again as long as I live.",ang
Ses04F_script03_2_F040," This is the end do you understand?  The end,",ang
Ses04F_script03_2_M042, You're not going like this.,ang
Ses04F_script03_2_F041, finally and forever,ang
Ses04F_script03_2_F042," Oh, I am.  Let go of me.",ang
Ses04F_script03_2_M043, You're not.,ang
Ses04F_script03_2_F043," Oh, I hate you. It's a good thing that I found out in time what you're really like. Marry you again?  Never, never, never.",ang
Ses04F_script03_2_M044, Shut up.  Shut up. I wouldn't marry you again if you came crawling to me on your bended knees.,ang
Ses04F_script03_2_M045," You're a mean, evil minded, little tempered witch. I hope to God I never set eyes on you again as long as I live. Whore.",ang
Ses04F_script03_2_F044, I'd rather die in torment. Beast.  Brute.  Calf swine.,ang
