Uid,Utterances,Labels
Ses04M_script03_2_M000," That was a rouser, wasn't it?",xxx
Ses04M_script03_2_F000, That was the first time you ever hit me.,ang
Ses04M_script03_2_M001, I didn't hit you very hard.,neu
Ses04M_script03_2_F001," The manager came in and found us rolling about on the floor, biting and scratching like panthers.  Oh, dear.",hap
Ses04M_script03_2_M002, I shall never forget his face.,xxx
Ses04M_script03_2_F002," How ridiculous.  How utterly, utterly ridiculous.",hap
Ses04M_script03_2_M003, We were very much younger then.,xxx
Ses04M_script03_2_F003, And very much sillier.,hap
Ses04M_script03_2_M004," As a matter of fact, the real cause of that row was Peter Burden.",fru
Ses04M_script03_2_F004, You knew there was nothing in that.,xxx
Ses04M_script03_2_M005, I knew nothing of the sort.  You took presents from him.,fru
Ses04M_script03_2_F005, Presents?  A trivial little brooch.,xxx
Ses04M_script03_2_M006," I remember it well, bristling with diamonds in the worst possible taste.",xxx
Ses04M_script03_2_F006, Not at all.  It was very pretty.  I still have it and I wear it often.,exc
Ses04M_script03_2_M007, You went out of your way to torture me over Peter Burden.,fru
Ses04M_script03_2_F007, I did not.  You made the whole thing up in your jealous imagination.,xxx
Ses04M_script03_2_M008," You must admit that he was in love with you, wasn't he?",ang
Ses04M_script03_2_F008," Just a little, perhaps, nothing serious.",hap
Ses04M_script03_2_M009, Line?,neu
Ses04M_script03_2_F009, Let him kiss you.,neu
Ses04M_script03_2_M010, You let him kiss you.  You said you did.,ang
Ses04M_script03_2_F010, What of it?,ang
Ses04M_script03_2_M011, What of it?,ang
Ses04M_script03_2_F011, It gave him a lot of pleasure and it didn't hurt me.,xxx
Ses04M_script03_2_M012, What about me?,ang
Ses04M_script03_2_F012," If you hadn't been so nosey, you never would have known a thing about it.",fru
Ses04M_script03_2_M013," That's a nice point of view, I must say.",ang
Ses04M_script03_2_F013," Oh, dear.  I'm bored with this conversation.",fru
Ses04M_script03_2_M014, So am I; bored stiff.,ang
Ses04M_script03_2_M015, You want some brandy?,xxx
Ses04M_script03_2_F014," No, thanks.",ang
Ses04M_script03_2_M016," I'll have a little myself, I think.",fru
Ses04M_script03_2_F015, I don't see why you want it.  You've already had two glasses.,fru
Ses04M_script03_2_M017," No particular reason.  Anyhow, they were very small ones.",fru
Ses04M_script03_2_F016, It seems so silly to go on and on and on with such a thing.,fru
Ses04M_script03_2_M018, You can hardly call three liquor glasses in a whole evening going on and on and on.,fru
Ses04M_script03_2_F017, It's become a habit with you.,ang
Ses04M_script03_2_M019, You needn't be so grand just because you don't happen to want any at the moment.,fru
Ses04M_script03_2_F018," Oh, don't be so stupid.",fru
Ses04M_script03_2_M020," Really, Amanda",ang
Ses04M_script03_2_F019, What?,ang
Ses04M_script03_2_M021, Nothing.,ang
Ses04M_script03_2_M022," Going out somewhere, my dear?",ang
Ses04M_script03_2_F020," No, just making myself fascinating for you",fru
Ses04M_script03_2_M023, Oh.  That reply has broken my heart.,fru
Ses04M_script03_2_F021," The woman's job is to allure the man.  Watch me a minute, will you?",xxx
Ses04M_script03_2_M024," As a matter of fact, that's perfectly true.",ang
Ses04M_script03_2_F022," Oh, no, it isn't.",ang
Ses04M_script03_2_M025," Yes, it is.",ang
Ses04M_script03_2_F023," Oh, be quiet.",ang
Ses04M_script03_2_M026, Line?,neu
Ses04M_script03_2_F024, It's a pity you didn't- It's a pity you didn't have more brandy.,neu
M, It's a pity -- what?,
Ses04M_script03_2_M027, It's a pity you didn't have any more brandy.  It might have made you a little less disagreeable.,ang
Ses04M_script03_2_F025, It doesn't seem to have worked such wonders with you.,fru
Ses04M_script03_2_M028, Line?,neu
F, Snap.,
Ses04M_script03_2_M029," Snap.  Oh, snap, snap, snap, like a little adder.",ang
Ses04M_script03_2_F026," Adders don't snap, they sting.",ang
Ses04M_script03_2_M030," They -- nonsense, they have a little bag of venom behind their fangs and they snap.",ang
Ses04M_script03_2_F027, They sting.,fru
Ses04M_script03_2_M031, They snap.,ang
Ses04M_script03_2_F028, I don't care.  Do you understand?  I don't care.  I don't mind if they bark and roll about like hoops.,ang
Ses04M_script03_2_M032, Did you see much of Peter Burden after our divorce?,xxx
Ses04M_script03_2_F029," Yes, I did, quite a lot.",ang
Ses04M_script03_2_M033," I suppose you let him kiss you a good deal more then, hmm?",ang
Ses04M_script03_2_F030, Mind your own business.,ang
Ses04M_script03_2_M034, You must have had a riotous time.,ang
Ses04M_script03_2_M035," No restraint at all, very enjoyable.  You never had much anyhow.",ang
Ses04M_script03_2_F031, You're quite insufferable.  I expected it's because you're drunk.,ang
Ses04M_script03_2_M036, I'm not in the least drunk.,ang
Ses04M_script03_2_F032, You always had a weak head.,ang
Ses04M_script03_2_M037, I think I mentioned once before that I've only had three minute liquor glasses of brandy this whole evening.  That's hardly enough to get a child of two drunk.,fru
Ses04M_script03_2_F033," On the contrary, a child of two could get violently drunk on only one glass of brandy.",ang
Ses04M_script03_2_M038, Very interesting.  And how about a child of four and a child of six and a child of nine?,ang
Ses04M_script03_2_F034," Oh, shut up.",ang
Ses04M_script03_2_M039," We might get up a splendid little- a splendid little debate about this, you know, intemperate tots.",xxx
Ses04M_script03_2_F035," Not very funny, dear.  You'd better have some more brandy.",ang
Ses04M_script03_2_M040, Very good idea.  I will,ang
Ses04M_script03_2_M041, You better turn that off I think.,ang
Ses04M_script03_2_F036, Why?,ang
Ses04M_script03_2_M042, It's late and the people upstairs will get annoyed.,xxx
Ses04M_script03_2_F037, There aren't any people upstairs.  It's a photographer's studio.,ang
Ses04M_script03_2_M043," There are people downstairs, I suppose",ang
Ses04M_script03_2_F038, They're away in Tunis.,xxx
Ses04M_script03_2_M044, This is no time of year for Tunis.,xxx
Ses04M_script03_2_F039," Turn it on again, please.",ang
Ses04M_script03_2_M045, I will do no such thing.,xxx
Ses04M_script03_2_F040," Very well, if you insist on being boorish and idiotic.",ang
Ses04M_script03_2_M046, Turn it off.  It's driving me mad.,ang
Ses04M_script03_2_F041, Go away.  Go away.  I hate you.,ang
Ses04M_script03_2_M047, Turn it off.,ang
Ses04M_script03_2_F042, You are far too temperamental.  Try to control yourself.,ang
Ses04M_script03_2_F043, We swapped. Listen.,neu
Ses04M_script03_2_M048, Listen--,ang
Ses04M_script03_2_F044," Listen, indeed.  I am sick and tired of listening to you, you damn sadistic bully.",ang
Ses04M_script03_2_M049," You're a vile tempered, loosed living",ang
Ses04M_script03_2_F045, Stop.,ang
Ses04M_script03_2_M050, wicked little beast. And I- I hope I never see you again as long as live.,ang
Ses04M_script03_2_F046, Stop.  I hate you.  Do you hear me? You're conceited and overbearing and utterly impossible.,ang
Ses04M_script03_2_F047," This is the end.  Do you understand, the end?  Finally and forever.",ang
Ses04M_script03_2_M051, You're not going like this.,ang
Ses04M_script03_2_F048," Oh, yes, I am.",ang
Ses04M_script03_2_M052," No, you're not.",ang
Ses04M_script03_2_F049," Let go of me.  You're a cruel fiend and I hate and loath you.  Thank God, I discovered in time what you're really like.",ang
Ses04M_script03_2_M053, Shut up. Shut up.,ang
Ses04M_script03_2_M054," You're a mean, evil minded",ang
Ses04M_script03_2_F050, Marry you again? Huh.,ang
Ses04M_script03_2_M055, little vampire And I hope to God I never set eyes on you as long as I live.,ang
Ses04M_script03_2_F051," Never, never, never.  I'd rather die in torment. Beast brute.",ang
Ses04M_script03_2_M056, Whore.,ang
Ses04M_script03_2_F052, Swine.,ang
