Uid,Utterances,Labels
Ses04M_script02_1_M000," What time is it?  They're supposed to run around midnight.  This is great, isn't it?  Look at this night we've got here; couldn't be better.",xxx
Ses04M_script02_1_M001," Actually, I wanted to go a little farther up the coast, get away from the lights and the people, but I was afraid we'd miss it.  How you doing?",exc
Ses04M_script02_1_F000, Fine.,neu
Ses04M_script02_1_M002," Is that, is that - is that just foam?  I can't even tell.  Although, if you can't tell, it's probably isn't them.  It'll probably be unmistakable, don't you think?",exc
Ses04M_script02_1_M003," How you doing?  Oh, no, you know what I did?  I forgot to bring my flashlight.  How could I be so stupid?  I should have brought my flashlight.",exc
Ses04M_script02_1_F001, What flashlight?,xxx
Ses04M_script02_1_M004," The flashlight; the silver one.  There's only one, isn't there?",xxx
Ses04M_script02_1_F002, It's not yours.,ang
Ses04M_script02_1_M005, Whose is it?,neu
Ses04M_script02_1_F003," It's ours.  It's mine, too.",ang
Ses04M_script02_1_M006," Well, sure.",fru
Ses04M_script02_1_F004, You kept saying my flashlight as if it's somehow just yours.  How is that supposed to make me feel?,ang
Ses04M_script02_1_M007," No, of course, our flashlight; yours and mine.  Me flashlight es su flashlight, naturally.  How could we not think to bring it?  I hope the moon stays out.",xxx
Ses04M_script02_1_M008," I wonder, do they always run during a full moon? I can't remember if it was full last year.  Remember?",exc
Ses04M_script02_1_F005, Yes.,ang
Ses04M_script02_1_M009," Are you cold?  Do you want my jacket?  We should have brought the blanket, our blanket.",neu
Ses04M_script02_1_M010," Oh, man.  This is great.  I didn't even think to bring a six pack.  Six pack would be just the ticket right about now.  I can't believe I forgot.  I'm like a kid.  It's amazing I got out of the house with my fly zipped.  Oh.",xxx
Ses04M_script02_1_M011, I wonder if they can hear me talk or feel the vibrations in the sand when we move around.,xxx
Ses04M_script02_1_F006, I'm cold.,xxx
Ses04M_script02_1_M012, You want my jacket?,neu
Ses04M_script02_1_F007, It's after eleven; let's go home.,ang
Ses04M_script02_1_M013, Are you kidding?  We'd miss it.  We just got here.  What's the point of coming down here if we just turn around and go home?,fru
Ses04M_script02_1_F008, There is no point in coming down here.,ang
Ses04M_script02_1_M014, Right.,neu
Ses04M_script02_1_F009, That's my point.,fru
Ses04M_script02_1_M015," That's my point, too.",neu
Ses04M_script02_1_F010, So let's go home.,ang
Ses04M_script02_1_M016," No, no, no.  That's not my point.  My point is is that there's no point in coming down here if we just leave.  Don't you want to see it?",fru
Ses04M_script02_1_F011, Not particularly.,fru
Ses04M_script02_1_M017, Why not?,xxx
Ses04M_script02_1_F012, I just don't.  It's stupid.,ang
Ses04M_script02_1_M018," Honey, this is a natural phenomenon.  I mean, this only happens once a year.  It's a great opportunity.  Think about the people in Kansas.  They'd have to get plane tickets and hotel reservations to come see this.  We're just forty minutes away.  It's too good to pass up.",exc
Ses04M_script02_1_F013," Pass up what?  These little fish swim onto the beach, flop around and then they swim away.  And then they die.",ang
Ses04M_script02_1_M019," Yeah, but that moment on the beach is the highlight of their little lives.  I mean, all that flopping around is laying eggs or what do you -- spawning or mating, something like that.",fru
Ses04M_script02_1_M020, There's mystery here and magic.,exc
M," Uh, did I fuck up?",
Ses04M_script02_1_F014, What are you so excited about?,neu
F, Big night.,
Ses04M_script02_1_M021," Oh, it's a big night for these guys.  Uh, life's last orgy.",exc
Ses04M_script02_1_F015, This isn't a moon landing we're talking about.  It's fish.  It's fish nobody even eats.,fru
Ses04M_script02_1_M022," Yeah, they do. Okay.  But it's fish who do something none of the other fish do; like the swallows are returning to Capistrano; or the lemmings throwing themselves off the cliffs, like that.",exc
F," Oh, Augie.",
Ses04M_script02_1_M023, There's mystery here and magic; a little bit of the unexplainable.  I don't see how you can not be interested.,exc
Ses04M_script02_1_F016, I'm just not.,fru
Ses04M_script02_1_M024, For real?,sur
Ses04M_script02_1_F017, Yes.,ang
Ses04M_script02_1_M025," I don't get it.  First time we came here to see it, you said it was the best night of your life.  And last year, I remember distinctly you were so excited to get here, you stubbed your toe rushing me out the door and didn't even notice until we were in the car.",xxx
Ses04M_script02_1_F018," Last year, you will also remember, our shoes got wet.  I got sand in my panties.  We got into a big fight over nothing.  You got a sore throat and we did not see the grunions.",ang
Ses04M_script02_1_M026, We weren't in a good spot.,xxx
Ses04M_script02_1_F019, We didn't see them the first time either.,fru
Ses04M_script02_1_M027, We just weren't in a good spot.  This is a much better spot.  I've got good instincts for these things.  Look there.  What's that?  Is that -,xxx
Ses04M_script02_1_M028," no, it's just seaweed, isn't it?  Oh, man, this is great.  I wouldn't miss this for anything.  I mean, think about this.  I know you're not interested, but just think about this for a minute.",exc
Ses04M_script02_1_M029, Out there someplace is this huge mass of silver fish heading this way.  They don't know why.  We don't know why.  It wasn't a decision.  They didn't take a vote.  No one sent them an invitation or a map;,exc
Ses04M_script02_1_M030," just some little instinctual time release firecracker went off in their little bodies and all as one, they turned and formed a line as long as the California coast and started swimming.",exc
Ses04M_script02_1_M031, They're swimming right now as if that's the only thing that matters.  It's single mindedness with no mind.  Urgency that's pure urge.,exc
Ses04M_script02_1_M032," They don't know what drives them.  They don't give it a name or ask a question.  They just turn, as one, and start the swim that brings them here; to this place, where we stand, for a massive celebration of sex and death.  Oh, man, I'm giving myself goose bumps.  All my hairs are popping up.",exc
Ses04M_script02_1_F020, That's the wind.,fru
Ses04M_script02_1_M033, Well so what did you think?,exc
Ses04M_script02_1_F021, About what?,fru
