Uid,Utterances,Labels
Ses04M_impro03_M000," So, um, well, I just -- I kind of wanted to, you know, tell you that I'm actually -- I proposed to Kate and we're going to get married.",xxx
Ses04M_impro03_F000," Wait, what?",xxx
Ses04M_impro03_M001," Yeah. Yeah, I proposed to her yesterday. We're getting -- we're engaged now and we're going to -- we're going to get married in about eight months.",xxx
Ses04M_impro03_F001," Oh, my God.  Congratulations.",xxx
Ses04M_impro03_M002," Yeah, it's pretty amazing, huh?",exc
Ses04M_impro03_F002, I can't -- how did you do it?  What happened?,exc
Ses04M_impro03_M003, Well I decided to take her sailing,xxx
Ses04M_impro03_M004," and we were just out on the water and, you know, I just -- I had the ring with me.  And I was like let's do this.  And she was like okay and then we're getting married.",xxx
Ses04M_impro03_F003, [LAUGHTER] Well you paint a romantic picture.,exc
Ses04M_impro03_M005," Well I didn't want it to be like cheesy, you know.",hap
Ses04M_impro03_F004, Did she cry?,exc
Ses04M_impro03_M006," She didn't cry, but she was laughing a lot and it was very exciting, so...",hap
Ses04M_impro03_F005," Oh, my God.  How long have you been planning on doing this?",exc
Ses04M_impro03_M007," Honestly, it was kind of quickly.  It was actually only in the past couple months.",hap
Ses04M_impro03_F006, I can't believe this.  You're getting married. It's crazy!,exc
Ses04M_impro03_M008," Yeah. Yeah. So- I know.  I know. I know.  It's weird 'cause it's like the beginning of the rest of my life, you know.",hap
Ses04M_impro03_F007," Yeah, it is.",exc
Ses04M_impro03_M009," But uh- no, I mean, you know.  You know, I really want you to like, you know, sort of",hap
Ses04M_impro03_M010," help Kate out with like planning stuff. I mean, if you want to.  I mean, you guys are good friends anyway so I figured, you know, if you guys want to like -- I mean, you know, I'm sure you enjoy that kind of thing.",xxx
Ses04M_impro03_F008," Yeah, I would love to. Thanks. [LAUGHTER]",exc
Ses04M_impro03_M011, Okay. Well there you go.,exc
Ses04M_impro03_F009," Oh, my God, where -- have you guys talked about where you're going to get married or--",exc
Ses04M_impro03_M012, I think we're going to -- we're going to -- we want to do it in Hawaii and just fly everybody in.,xxx
Ses04M_impro03_F010," Oh, my God.",exc
M, Yeah.,
Ses04M_impro03_M013," I just -- 'cause, I mean, Hawaii just has like the best fruit buffets.  And so I'm just going to say forget, you know, all like kind of meats and all that stuff.",xxx
F, Just have fruit.,
Ses04M_impro03_M014," It's just going to be like a all fruit--fruit buffet wedding, plus a cake.",xxx
F, Tropical.,
Ses04M_impro03_F011, Are you going to get married like on the beach barefoot or like fancier?  Like in a church.,exc
Ses04M_impro03_M015, Barefoot?,exc
Ses04M_impro03_F012, Well I don't know.  Throwing it out there.,exc
Ses04M_impro03_M016," Um, no, no, no.  It'll be in like a park near the beach.",xxx
Ses04M_impro03_F013, Okay.,xxx
Ses04M_impro03_M017, Yeah.  But I'm really excited.  So and everybody's going to come out and it'll be a great time.  And--,exc
Ses04M_impro03_F014," Are you going to have a big wedding or like keep it really small like just, you know, family and really close friends?  Or, I mean--",xxx
Ses04M_impro03_M018," It'll be kind of small, but not, you know, not tiny, you know.  I want to have, you know, as many people as we can afford to fly out to Hawaii and put up there for--",xxx
Ses04M_impro03_F015, It's so exciting.  What's the ring look like?,exc
Ses04M_impro03_M019, It's big and shiny.  I don't know.  It's silver and--,exc
Ses04M_impro03_F016, Big and shiny.  You're such a guy. [LAUGHTER],exc
Ses04M_impro03_M020," Yeah, I don't know. [LAUGHTER] But, yeah, so anyway -- well I wanted to tell you that, you know, 'cause you're one of my good friends and you're Kate's- one of her best friends and-",hap
Ses04M_impro03_F017, I'm so excited for you. That's great. I'm so-,exc
Ses04M_impro03_M021," Yeah, yeah. She was actually -- she was going to tell you but I told her that I wanted to tell you and she had to work today anyway, so I decided to-",hap
Ses04M_impro03_F018, Well I'm glad you told me.,xxx
Ses04M_impro03_M022," Yeah, yeah.",hap
Ses04M_impro03_F019, It's fantastic.  I -- congratulations. It's amazing.,exc
M, Thank you.,
Ses04M_impro03_M023," Thank you.  I'm really -- I'm really excited.  And it's -- I don't know, it's like a little -- it's like a little scary, 'cause I'm like, ah, you know, it's the first time I've ever done anything like this.",exc
Ses04M_impro03_M024," But, you know, it's like I really love her and I really just -- I can't imagine spending my life with anybody else but her.  So, you know, it's like I know that's the right thing.  And if you have to, you know, if you have to question that, you know, don't- don't do it.  So we're going to do it.",hap
Ses04M_impro03_M025," And it's going to -- the -- you know, I told her that I just -- I want the color brown to be as an integral in the wedding.  And, um, maybe some greens and blues.",hap
Ses04M_impro03_F020, And how did she feel about that?,xxx
Ses04M_impro03_M026, She's okay with it.,hap
Ses04M_impro03_F021, Well that's good.  It'll be a great wedding.  You're willing to compromise on things.,xxx
Ses04M_impro03_M027," Exactly, exactly, exactly.  So--",xxx
Ses04M_impro03_F022, She's going to let you have say in the wedding choices?  That's pretty impressive. Very forward-thinking woman. [LAUGHTER],xxx
Ses04M_impro03_M028," Well, I mean I just told her--Well I just said, you know, hey, these are my suggestions.",hap
Ses04M_impro03_F023, And brown.,xxx
Ses04M_impro03_M029, All fruit and the color brown. Just that. That's all- that's my only request.,hap
F," All fruit, haha.",
Ses04M_impro03_F024, This is why men don't plan weddings. [LAUGHTER],hap
Ses04M_impro03_M030, Yeah.  Well maybe--maybe you're right. Maybe there's something to that.,hap
Ses04M_impro03_F025, All fruit and brown. [LAUGHTER],exc
Ses04M_impro03_M031," So, um, anyway, do you want to order now?   So, um I mean--",neu
